domain;museum;type;category;scope;price_text;amount_rub;when;conditions;rule_type;source;checked_at
dombulgakova.ru;Булгаковский Дом, музей;free_rules;все желающие;музей «Булгаковский дом», бесплатные экскурсии;;;20 сентября;"вход возможен только по регистрации; экскурсия начинается не ровно в 00, вы записываетесь на временной промежуток; продолжительность экскурсии 40-45 минут";dated_event;https://dombulgakova.ru/2026/09/18/20-sentyabrya-v-muzee-bulgakovskij-dom-prohodyat-besplatnye-ekskursii-dlya-vseh-zhelayushhih/;2026-10-09T19:41:06.967170+00:00
dombulgakova.ru;Булгаковский Дом, музей;free_rules;все желающие;«Булгаковский Дом», бесплатное посещение;;;каждое третье воскресенье месяца, в рамках музейной недели;"по регистрации; мест немного; каждый час с 12:00 до 18:00 проводится обзорная экскурсия по жизни и творчеству Михаила Булгакова";recurring_day;https://dombulgakova.ru/2026/09/18/20-sentyabrya-v-muzee-bulgakovskij-dom-prohodyat-besplatnye-ekskursii-dlya-vseh-zhelayushhih/;2026-10-09T19:41:06.967170+00:00
bulgakovmuseum.ru;Музей М. А. Булгакова;tickets;Взрослый;Музей Михаила Булгакова;500 ₽;500;;;;https://bulgakovmuseum.ru/visit;2026-10-09T19:31:18.039448+00:00
bulgakovmuseum.ru;Музей М. А. Булгакова;tickets;Льготный;Музей Михаила Булгакова;250 ₽;250;;Льготные билеты предоставляются школьникам, студентам очной формы обучения, пенсионерам при предъявлении соответствующего документа.;;https://bulgakovmuseum.ru/visit;2026-10-09T19:31:18.039448+00:00
bulgakovmuseum.ru;Музей М. А. Булгакова;free_rules;Дети до 7 лет, московские школьники и другие льготные категории граждан;Музей Михаила Булгакова;;;бесплатно;Возьмите подтверждающий документ, если льгота требует подтверждения.;benefit;https://bulgakovmuseum.ru/visit;2026-10-09T19:31:18.039448+00:00
bulgakovmuseum.ru;Музей М. А. Булгакова;free_rules;Посетители Центра Булгакова на Арбате;Центр Булгакова на Арбате;;;Вход свободный;;always;https://bulgakovmuseum.ru/;2026-10-09T19:31:18.039448+00:00
bulgakovmuseum.ru;Музей М. А. Булгакова;free_rules;Посетители стендовой выставки «Михаил Булгаков в отпуске»;Стендовая выставка «Михаил Булгаков в отпуске»;;;Бесплатная стендовая выставка;;always;https://bulgakovmuseum.ru/;2026-10-09T19:31:18.039448+00:00
garagemca.org;Garage, музей современного искусства;tickets;Взрослые;Входной билет в открытое хранение;600 рублей;600;;"При предъявлении соответствующих документов для бесплатного входа льготных категорий; экспозиция открытого хранения предназначена для посетителей старше 12 лет; посетители младше 12 лет могут прийти вместе с законными представителями (родителями, опекунами или попечителями)";;https://garagemca.org/visit;2026-10-09T19:31:18.039448+00:00
garagemca.org;Garage, музей современного искусства;free_rules;Владельцы карт GARAGE;Входной билет в открытое хранение;;;Бесплатно;При предъявлении соответствующих документов;benefit;https://garagemca.org/visit;2026-10-09T19:31:18.039448+00:00
garagemca.org;Garage, музей современного искусства;free_rules;Студенты;Входной билет в открытое хранение;;;Бесплатно;При предъявлении соответствующих документов;benefit;https://garagemca.org/visit;2026-10-09T19:31:18.039448+00:00
garagemca.org;Garage, музей современного искусства;free_rules;Школьники;Входной билет в открытое хранение;;;Бесплатно;При предъявлении соответствующих документов;benefit;https://garagemca.org/visit;2026-10-09T19:31:18.039448+00:00
garagemca.org;Garage, музей современного искусства;free_rules;Дети до 7 лет;Входной билет в открытое хранение;;;Бесплатно;При предъявлении соответствующих документов;benefit;https://garagemca.org/visit;2026-10-09T19:31:18.039448+00:00
garagemca.org;Garage, музей современного искусства;free_rules;Пенсионеры;Входной билет в открытое хранение;;;Бесплатно;При предъявлении соответствующих документов;benefit;https://garagemca.org/visit;2026-10-09T19:31:18.039448+00:00
garagemca.org;Garage, музей современного искусства;free_rules;Посетители с инвалидностью и один сопровождающий;Входной билет в открытое хранение;;;Бесплатно;При предъявлении соответствующих документов;benefit;https://garagemca.org/visit;2026-10-09T19:31:18.039448+00:00
garagemca.org;Garage, музей современного искусства;free_rules;Многодетные семьи;Входной билет в открытое хранение;;;Бесплатно;При предъявлении соответствующих документов;benefit;https://garagemca.org/visit;2026-10-09T19:31:18.039448+00:00
garagemca.org;Garage, музей современного искусства;free_rules;Ветераны;Входной билет в открытое хранение;;;Бесплатно;При предъявлении соответствующих документов;benefit;https://garagemca.org/visit;2026-10-09T19:31:18.039448+00:00
garagemca.org;Garage, музей современного искусства;free_rules;Волонтеры программы «Спутник»;Входной билет в открытое хранение;;;Бесплатно;При предъявлении соответствующих документов;benefit;https://garagemca.org/visit;2026-10-09T19:31:18.039448+00:00
garagemca.org;Garage, музей современного искусства;free_rules;Сотрудники музеев;Входной билет в открытое хранение;;;Бесплатно;При предъявлении соответствующих документов;benefit;https://garagemca.org/visit;2026-10-09T19:31:18.039448+00:00
garagemca.org;Garage, музей современного искусства;free_rules;Журналисты;Входной билет в открытое хранение;;;Бесплатно;При предъявлении соответствующих документов;benefit;https://garagemca.org/visit;2026-10-09T19:31:18.039448+00:00
garagemca.org;Garage, музей современного искусства;free_rules;Члены ИКОМ;Входной билет в открытое хранение;;;Бесплатно;При предъявлении соответствующих документов;benefit;https://garagemca.org/visit;2026-10-09T19:31:18.039448+00:00
jewish-museum.ru;Еврейский музей и центр толерантности;tickets;Полный билет;Постоянная экспозиция;500 ₽;500;;;;https://www.jewish-museum.ru/visitors/;2026-10-09T19:41:06.967170+00:00
jewish-museum.ru;Еврейский музей и центр толерантности;tickets;Полный билет;Временные выставки;500+ ₽;;;;;https://www.jewish-museum.ru/visitors/;2026-10-09T19:41:06.967170+00:00
jewish-museum.ru;Еврейский музей и центр толерантности;tickets;Полный билет;Общий билет;900+ ₽;;;;;https://www.jewish-museum.ru/visitors/;2026-10-09T19:41:06.967170+00:00
jewish-museum.ru;Еврейский музей и центр толерантности;tickets;Полный билет;Экскурсии;500+ ₽;;;;;https://www.jewish-museum.ru/visitors/;2026-10-09T19:41:06.967170+00:00
jewish-museum.ru;Еврейский музей и центр толерантности;tickets;Льготный билет;Постоянная экспозиция;300 ₽;300;;;;https://www.jewish-museum.ru/visitors/;2026-10-09T19:41:06.967170+00:00
jewish-museum.ru;Еврейский музей и центр толерантности;tickets;Льготный билет;Временные выставки;Бесплатно;0;;;;https://www.jewish-museum.ru/visitors/;2026-10-09T19:41:06.967170+00:00
jewish-museum.ru;Еврейский музей и центр толерантности;tickets;Льготный билет;Общий билет;300+ ₽;;;;;https://www.jewish-museum.ru/visitors/;2026-10-09T19:41:06.967170+00:00
jewish-museum.ru;Еврейский музей и центр толерантности;tickets;Льготный билет;Экскурсии;500+ ₽;;;;;https://www.jewish-museum.ru/visitors/;2026-10-09T19:41:06.967170+00:00
jewish-museum.ru;Еврейский музей и центр толерантности;tickets;Бесплатный билет;Постоянная экспозиция;Бесплатно;0;;;;https://www.jewish-museum.ru/visitors/;2026-10-09T19:41:06.967170+00:00
jewish-museum.ru;Еврейский музей и центр толерантности;tickets;Бесплатный билет;Временные выставки;500 ₽;500;;;;https://www.jewish-museum.ru/visitors/;2026-10-09T19:41:06.967170+00:00
jewish-museum.ru;Еврейский музей и центр толерантности;tickets;Бесплатный билет;Общий билет;Бесплатно;0;;;;https://www.jewish-museum.ru/visitors/;2026-10-09T19:41:06.967170+00:00
jewish-museum.ru;Еврейский музей и центр толерантности;tickets;Бесплатный билет;Экскурсии;500+ ₽;;;;;https://www.jewish-museum.ru/visitors/;2026-10-09T19:41:06.967170+00:00
mmoma.ru;Московский музей современного искусства;free_rules;все посетители;все площадки ММОМА;;;вторник каждой третьей недели месяца;день бесплатного посещения всех площадок ММОМА;recurring_day;https://mmoma.ru/;2026-10-09T19:31:24.601079+00:00
mmoma.ru;Московский музей современного искусства;free_rules;все посетители;все площадки музея;;;16 мая в День исторического и культурного наследия Москвы и в рамках акции «Ночь в музее»;открыты для бесплатного посещения;dated_event;https://mmoma.ru/;2026-10-09T19:31:24.601079+00:00
mmoma.ru;Московский музей современного искусства;free_rules;все посетители;все площадки Московского музея современного искусства;;;с 2 по 8 января;работать бесплатно;dated_event;https://mmoma.ru/;2026-10-09T19:31:24.601079+00:00
mmoma.ru;Московский музей современного искусства;free_rules;все посетители;все площадки музея;;;3 ноября на Ночь искусств;будут работать бесплатно;dated_event;https://mmoma.ru/;2026-10-09T19:31:24.601079+00:00
mmoma.ru;Московский музей современного искусства;free_rules;все посетители;все площадки Музея;;;7 и 8 сентября;работать для посетителей бесплатно;dated_event;https://mmoma.ru/;2026-10-09T19:31:24.601079+00:00
mmoma.ru;Московский музей современного искусства;free_rules;все посетители;все площадки ММОМА;;;21 апреля, в День исторического и культурного наследия Москвы;будут работать бесплатно;dated_event;https://mmoma.ru/;2026-10-09T19:31:24.601079+00:00
mmoma.ru;Московский музей современного искусства;free_rules;все посетители;все площадки ММОМА;;;С 2 по 7 января;работают для вас бесплатно! Билеты доступны онлайн на сайте mos.ru и в кассах музея;dated_event;https://mmoma.ru/;2026-10-09T19:31:24.601079+00:00
darwinmuseum.ru;Государственный Дарвиновский музей;tickets;взрослый;входной билет в музей;600 руб.;600;;Билеты в музей вы можете приобрести в кассах музея (до 17:30), в уличном терминале или на сайте. Оплата только банковскими картами;;https://www.darwinmuseum.ru/price;2026-10-09T19:31:18.039448+00:00
darwinmuseum.ru;Государственный Дарвиновский музей;tickets;льготный* (студенты вузов очной формы обучения, обладатели карты ISIC, школьники, многодетные родители и пенсионеры);входной билет в музей;250 руб.;250;;при предъявлении документа;;https://www.darwinmuseum.ru/price;2026-10-09T19:31:18.039448+00:00
darwinmuseum.ru;Государственный Дарвиновский музей;tickets;взрослый;Комплексный входной билет на посещение основной экспозиции, выставок, интерактивного центра «Познай себя — познай мир» и интерактивной экспозиции «Пройди путем эволюции»;790 руб.;790;;при расчете цена входного билета - 550 руб. входной на интерактивную экспозицию «Пройди путем эволюции» и интерактивный центр «Познай себя — познай мир»;;https://www.darwinmuseum.ru/price;2026-10-09T19:31:18.039448+00:00
darwinmuseum.ru;Государственный Дарвиновский музей;tickets;льготный*;Комплексный входной билет на посещение основной экспозиции, выставок, интерактивного центра «Познай себя — познай мир» и интерактивной экспозиции «Пройди путем эволюции»;490 руб.;490;;при предъявлении документа;;https://www.darwinmuseum.ru/price;2026-10-09T19:31:18.039448+00:00
darwinmuseum.ru;Государственный Дарвиновский музей;tickets;дети до 7 лет (не достигшие возраста 7 лет);Комплексный входной билет на посещение основной экспозиции, выставок, интерактивного центра «Познай себя — познай мир» и интерактивной экспозиции «Пройди путем эволюции»;бесплатно;0;;;;https://www.darwinmuseum.ru/price;2026-10-09T19:31:18.039448+00:00
darwinmuseum.ru;Государственный Дарвиновский музей;tickets;взрослый;Вечернее посещение выставочного комплекса по четвергам с 18:00 до 21:00;250 руб.;250;;по четвергам с 18:00 до 21:00;;https://www.darwinmuseum.ru/price;2026-10-09T19:31:18.039448+00:00
darwinmuseum.ru;Государственный Дарвиновский музей;tickets;льготный*;Вечернее посещение выставочного комплекса по четвергам с 18:00 до 21:00;100 руб.;100;;по четвергам с 18:00 до 21:00;;https://www.darwinmuseum.ru/price;2026-10-09T19:31:18.039448+00:00
darwinmuseum.ru;Государственный Дарвиновский музей;tickets;дошкольники (дети до 7 лет);Вечернее посещение выставочного комплекса по четвергам с 18:00 до 21:00;бесплатно;0;;по четвергам с 18:00 до 21:00;;https://www.darwinmuseum.ru/price;2026-10-09T19:31:18.039448+00:00
darwinmuseum.ru;Государственный Дарвиновский музей;tickets;все посетители;Интерактивная мультимедийная экспозиция «Пройди путем эволюции»;120 руб.;120;;при наличии входного билета в музей;;https://www.darwinmuseum.ru/price;2026-10-09T19:31:18.039448+00:00
darwinmuseum.ru;Государственный Дарвиновский музей;tickets;все посетители;Интерактивный образовательный центр «Познай себя — познай мир»;120 руб.;120;;при наличии входного билета в музей;;https://www.darwinmuseum.ru/price;2026-10-09T19:31:18.039448+00:00
darwinmuseum.ru;Государственный Дарвиновский музей;tickets;группа детей и взрослых до 5 человек (не более 4 детей);День рождения в музее: интерактивная экскурсия;8 000 р.;8000;;на группу детей и взрослых до 5 человек (не более 4 детей);;https://www.darwinmuseum.ru/price;2026-10-09T19:31:18.039448+00:00
darwinmuseum.ru;Государственный Дарвиновский музей;tickets;группа до 15 человек (не более 10 детей);День рождения в музее: интерактивная экскурсия;13 000 р.;13000;;в будни;;https://www.darwinmuseum.ru/price;2026-10-09T19:31:18.039448+00:00
darwinmuseum.ru;Государственный Дарвиновский музей;tickets;группа до 15 человек (не более 10 детей);День рождения в музее: интерактивная экскурсия;14 500 р.;14500;;в выходные и праздничные дни;;https://www.darwinmuseum.ru/price;2026-10-09T19:31:18.039448+00:00
darwinmuseum.ru;Государственный Дарвиновский музей;tickets;группа до 10 детей;День рождения в музее: online программа;3 500 р.;3500;;online;;https://www.darwinmuseum.ru/price;2026-10-09T19:31:18.039448+00:00
darwinmuseum.ru;Государственный Дарвиновский музей;tickets;группа учащихся общеобразовательных организаций, подведомственных Департаменту образования города Москвы и других льготных категорий, имеющих право на бесплатный вход в музей;Экскурсионная путевка без включения входной платы;8000 рублей;8000;;для группы 20 человек и двух сопровождающих;;https://www.darwinmuseum.ru/price;2026-10-09T19:31:18.039448+00:00
darwinmuseum.ru;Государственный Дарвиновский музей;tickets;льготные категории посетителей (учащиеся очной формы обучения общеобразовательных и профессиональных учреждений, пенсионеры, студенты ВУЗов очной формы обучения);Экскурсионная путевка с включением входной платы;13 000 рублей;13000;;с включением входной платы;;https://www.darwinmuseum.ru/price;2026-10-09T19:31:18.039448+00:00
darwinmuseum.ru;Государственный Дарвиновский музей;tickets;взрослые посетители;Экскурсионная путевка для группы до 20 человек;8 000 рублей;8000;;"для группы до 20 человек; Входная плата в стоимость экскурсионной путёвки не включена";;https://www.darwinmuseum.ru/price;2026-10-09T19:31:18.039448+00:00
darwinmuseum.ru;Государственный Дарвиновский музей;tickets;семейные группы не более 5 человек;тематические экскурсии в летнее время;4000 рублей;4000;;"В летнее время; Входные билеты в стоимость путёвки не включены";;https://www.darwinmuseum.ru/price;2026-10-09T19:31:18.039448+00:00
darwinmuseum.ru;Государственный Дарвиновский музей;tickets;ребенок + взрослый;Дошкольная академия: экскурсия и разовое занятие;1350 рублей;1350;;"в будний день; Билет рассчитан на два лица: ребенок + взрослый; В стоимость включен полный входной билет в музей; Льгот нет; Билеты приобретаются онлайн";;https://www.darwinmuseum.ru/price;2026-10-09T19:31:18.039448+00:00
darwinmuseum.ru;Государственный Дарвиновский музей;tickets;ребенок + взрослый;Дошкольная академия: экскурсия и разовое занятие;1600 рублей;1600;;"в выходной день; Билет рассчитан на два лица: ребенок + взрослый; В стоимость включен полный входной билет в музей; Льгот нет; Билеты приобретаются онлайн";;https://www.darwinmuseum.ru/price;2026-10-09T19:31:18.039448+00:00
darwinmuseum.ru;Государственный Дарвиновский музей;tickets;ребенок + взрослый;Дошкольная академия: абонемент из четырёх занятий;5200 рублей;5200;;"в будний день; Билет рассчитан на два лица: ребенок + взрослый; В стоимость включен полный входной билет в музей; Льгот нет; Билеты приобретаются онлайн";;https://www.darwinmuseum.ru/price;2026-10-09T19:31:18.039448+00:00
darwinmuseum.ru;Государственный Дарвиновский музей;tickets;ребенок + взрослый;Дошкольная академия: абонемент из четырёх занятий;6000 рублей;6000;;"в выходной день; Билет рассчитан на два лица: ребенок + взрослый; В стоимость включен полный входной билет в музей; Льгот нет; Билеты приобретаются онлайн";;https://www.darwinmuseum.ru/price;2026-10-09T19:31:18.039448+00:00
darwinmuseum.ru;Государственный Дарвиновский музей;tickets;детский и взрослый;Жизнь под микроскопом: занятие для родителей с детьми;300 руб.;300;;;;https://www.darwinmuseum.ru/price;2026-10-09T19:31:18.039448+00:00
darwinmuseum.ru;Государственный Дарвиновский музей;tickets;все посетители;Цифровой планетарий: полнокупольное шоу;200 руб.;200;;Продолжительность фильма: 25 минут;;https://www.darwinmuseum.ru/price;2026-10-09T19:31:18.039448+00:00
darwinmuseum.ru;Государственный Дарвиновский музей;tickets;группа;ДНК-расследование: занятие «Получи свою ДНК»;9000 руб;9000;;;;https://www.darwinmuseum.ru/price;2026-10-09T19:31:18.039448+00:00
darwinmuseum.ru;Государственный Дарвиновский музей;tickets;группа;ДНК-расследование: занятие «Кто Вы: спринтер или марафонец?»;11000 рублей;11000;;;;https://www.darwinmuseum.ru/price;2026-10-09T19:31:18.039448+00:00
darwinmuseum.ru;Государственный Дарвиновский музей;tickets;группа;ДНК-расследование: занятие «Что скрывает колбаса?»;11000 рублей;11000;;;;https://www.darwinmuseum.ru/price;2026-10-09T19:31:18.039448+00:00
darwinmuseum.ru;Государственный Дарвиновский музей;tickets;группа;ДНК-расследование: абонемент из 3-х занятий;25000 рублей;25000;;;;https://www.darwinmuseum.ru/price;2026-10-09T19:31:18.039448+00:00
darwinmuseum.ru;Государственный Дарвиновский музей;tickets;один посетитель 9+;Автографы насекомых: билет для посетителей музея;200 рублей;200;;;;https://www.darwinmuseum.ru/price;2026-10-09T19:31:18.039448+00:00
darwinmuseum.ru;Государственный Дарвиновский музей;tickets;взрослый с ребенком (6-17 лет);Автографы насекомых: билет для посетителей музея;300 рублей;300;;;;https://www.darwinmuseum.ru/price;2026-10-09T19:31:18.039448+00:00
darwinmuseum.ru;Государственный Дарвиновский музей;tickets;дети;Волшебные картинки из песка: мастер-класс;150–300 руб.;;;;;https://www.darwinmuseum.ru/price;2026-10-09T19:31:18.039448+00:00
darwinmuseum.ru;Государственный Дарвиновский музей;tickets;все посетители;Невероятные приключения в океане 3D: интерактивная игра;250 руб.;250;;продолжительность сеанса: 15 минут;;https://www.darwinmuseum.ru/price;2026-10-09T19:31:18.039448+00:00
darwinmuseum.ru;Государственный Дарвиновский музей;tickets;один посетитель 9+;КТО ОСТАВИЛ СЛЕД? билет для посетителей музея;300 рублей;300;;;;https://www.darwinmuseum.ru/price;2026-10-09T19:31:18.039448+00:00
darwinmuseum.ru;Государственный Дарвиновский музей;tickets;взрослый с ребенком (6-17 лет);КТО ОСТАВИЛ СЛЕД? билет для посетителей музея;500 рублей;500;;;;https://www.darwinmuseum.ru/price;2026-10-09T19:31:18.039448+00:00
darwinmuseum.ru;Государственный Дарвиновский музей;tickets;один посетитель 9+;PROнасекомых: билет для посетителей музея;300 рублей;300;;;;https://www.darwinmuseum.ru/price;2026-10-09T19:31:18.039448+00:00
darwinmuseum.ru;Государственный Дарвиновский музей;tickets;взрослый с ребенком (6-17 лет);PROнасекомых: билет для посетителей музея;500 рублей;500;;;;https://www.darwinmuseum.ru/price;2026-10-09T19:31:18.039448+00:00
darwinmuseum.ru;Государственный Дарвиновский музей;tickets;один посетитель 9+;Царство грибов: билет для посетителей музея;300 рублей;300;;;;https://www.darwinmuseum.ru/price;2026-10-09T19:31:18.039448+00:00
darwinmuseum.ru;Государственный Дарвиновский музей;tickets;взрослый с ребенком (6-17 лет);Царство грибов: билет для посетителей музея;500 рублей;500;;;;https://www.darwinmuseum.ru/price;2026-10-09T19:31:18.039448+00:00
darwinmuseum.ru;Государственный Дарвиновский музей;tickets;родители с детьми;Экскурсии для родителей с детьми: тематические экскурсии для семьи в выходные дни;400 рублей;400;;в выходные дни;;https://www.darwinmuseum.ru/price;2026-10-09T19:31:18.039448+00:00
darwinmuseum.ru;Государственный Дарвиновский музей;tickets;все посетители;Язык роботов: занятие по электронике;200 рублей;200;;Занятия проходят в субботу и воскресенье с 14 часов;;https://www.darwinmuseum.ru/price;2026-10-09T19:31:18.039448+00:00
darwinmuseum.ru;Государственный Дарвиновский музей;tickets;все посетители;Головоломка Танграм: мастер-класс;200 рублей;200;;Занятия проходят в субботу и воскресенье с 12 часов;;https://www.darwinmuseum.ru/price;2026-10-09T19:31:18.039448+00:00
darwinmuseum.ru;Государственный Дарвиновский музей;tickets;один посетитель 9+;Помощники растений: билет для посетителей музея;200 рублей;200;;;;https://www.darwinmuseum.ru/price;2026-10-09T19:31:18.039448+00:00
darwinmuseum.ru;Государственный Дарвиновский музей;tickets;взрослый с ребенком (6-17 лет);Помощники растений: билет для посетителей музея;300 рублей;300;;;;https://www.darwinmuseum.ru/price;2026-10-09T19:31:18.039448+00:00
darwinmuseum.ru;Государственный Дарвиновский музей;tickets;один посетитель 9+;Урок шелководства: билет для посетителей музея;200 рублей;200;;;;https://www.darwinmuseum.ru/price;2026-10-09T19:31:18.039448+00:00
darwinmuseum.ru;Государственный Дарвиновский музей;tickets;взрослый с ребенком (6-17 лет);Урок шелководства: билет для посетителей музея;300 рублей;300;;;;https://www.darwinmuseum.ru/price;2026-10-09T19:31:18.039448+00:00
darwinmuseum.ru;Государственный Дарвиновский музей;tickets;один посетитель 9+;Первопроходцы-лишайники: билет для посетителей музея;300 рублей;300;;;;https://www.darwinmuseum.ru/price;2026-10-09T19:31:18.039448+00:00
darwinmuseum.ru;Государственный Дарвиновский музей;tickets;взрослый с ребенком (6-17 лет);Первопроходцы-лишайники: билет для посетителей музея;500 рублей;500;;;;https://www.darwinmuseum.ru/price;2026-10-09T19:31:18.039448+00:00
darwinmuseum.ru;Государственный Дарвиновский музей;tickets;группа до 5 человек;КВЕСТ lab;от 4200 руб.;;;за группу до 5 человек;;https://www.darwinmuseum.ru/price;2026-10-09T19:31:18.039448+00:00
darwinmuseum.ru;Государственный Дарвиновский музей;tickets;один посетитель 9+;Птицы Москвы: билет для посетителей музея;300 рублей;300;;;;https://www.darwinmuseum.ru/price;2026-10-09T19:31:18.039448+00:00
darwinmuseum.ru;Государственный Дарвиновский музей;tickets;взрослый с ребенком (6-17 лет);Птицы Москвы: билет для посетителей музея;500 рублей;500;;;;https://www.darwinmuseum.ru/price;2026-10-09T19:31:18.039448+00:00
darwinmuseum.ru;Государственный Дарвиновский музей;tickets;один посетитель 9+;PROрыб: билет для посетителей музея;300 рублей;300;;;;https://www.darwinmuseum.ru/price;2026-10-09T19:31:18.039448+00:00
darwinmuseum.ru;Государственный Дарвиновский музей;tickets;взрослый с ребенком (6-17 лет);PROрыб: билет для посетителей музея;500 рублей;500;;;;https://www.darwinmuseum.ru/price;2026-10-09T19:31:18.039448+00:00
darwinmuseum.ru;Государственный Дарвиновский музей;tickets;один посетитель 9+;Интерактивные занятия: экологические занятия для детей и взрослых;300 рублей;300;;;;https://www.darwinmuseum.ru/price;2026-10-09T19:31:18.039448+00:00
darwinmuseum.ru;Государственный Дарвиновский музей;tickets;взрослый с ребенком (6-17 лет);Интерактивные занятия: экологические занятия для детей и взрослых;500 рублей;500;;;;https://www.darwinmuseum.ru/price;2026-10-09T19:31:18.039448+00:00
darwinmuseum.ru;Государственный Дарвиновский музей;tickets;все посетители;Головоломка Костюкова: мастер-класс;200 рублей;200;;Занятия проходят в субботу и воскресенье с 12 часов;;https://www.darwinmuseum.ru/price;2026-10-09T19:31:18.039448+00:00
darwinmuseum.ru;Государственный Дарвиновский музей;tickets;один посетитель 9+;Пух и перья под микроскопом: билет для посетителей музея;300 рублей;300;;;;https://www.darwinmuseum.ru/price;2026-10-09T19:31:18.039448+00:00
darwinmuseum.ru;Государственный Дарвиновский музей;tickets;взрослый с ребенком (6-17 лет);Пух и перья под микроскопом: билет для посетителей музея;500 рублей;500;;;;https://www.darwinmuseum.ru/price;2026-10-09T19:31:18.039448+00:00
darwinmuseum.ru;Государственный Дарвиновский музей;tickets;один посетитель 9+;PROгадов: билет для посетителей музея;300 рублей;300;;;;https://www.darwinmuseum.ru/price;2026-10-09T19:31:18.039448+00:00
darwinmuseum.ru;Государственный Дарвиновский музей;tickets;взрослый с ребенком (6-17 лет);PROгадов: билет для посетителей музея;500 рублей;500;;;;https://www.darwinmuseum.ru/price;2026-10-09T19:31:18.039448+00:00
darwinmuseum.ru;Государственный Дарвиновский музей;tickets;один посетитель 9+;Животные-строители: билет для посетителей музея;300 рублей;300;;;;https://www.darwinmuseum.ru/price;2026-10-09T19:31:18.039448+00:00
darwinmuseum.ru;Государственный Дарвиновский музей;tickets;взрослый с ребенком (6-17 лет);Животные-строители: билет для посетителей музея;500 рублей;500;;;;https://www.darwinmuseum.ru/price;2026-10-09T19:31:18.039448+00:00
darwinmuseum.ru;Государственный Дарвиновский музей;tickets;один посетитель 9+;Путешествие семечка: билет для посетителей музея;300 рублей;300;;;;https://www.darwinmuseum.ru/price;2026-10-09T19:31:18.039448+00:00
darwinmuseum.ru;Государственный Дарвиновский музей;tickets;взрослый с ребенком (6-17 лет);Путешествие семечка: билет для посетителей музея;500 рублей;500;;;;https://www.darwinmuseum.ru/price;2026-10-09T19:31:18.039448+00:00
darwinmuseum.ru;Государственный Дарвиновский музей;tickets;один посетитель 9+;Каменная летопись нашего края: билет для посетителей музея;300 рублей;300;;;;https://www.darwinmuseum.ru/price;2026-10-09T19:31:18.039448+00:00
darwinmuseum.ru;Государственный Дарвиновский музей;tickets;взрослый с ребенком (6-17 лет);Каменная летопись нашего края: билет для посетителей музея;500 рублей;500;;;;https://www.darwinmuseum.ru/price;2026-10-09T19:31:18.039448+00:00
darwinmuseum.ru;Государственный Дарвиновский музей;tickets;все посетители;Коралловые рифы и их обитатели 3D;300 рублей;300;;;;https://www.darwinmuseum.ru/price;2026-10-09T19:31:18.039448+00:00
darwinmuseum.ru;Государственный Дарвиновский музей;tickets;все посетители;«ПРО АКУЛ»;300 рублей;300;;;;https://www.darwinmuseum.ru/price;2026-10-09T19:31:18.039448+00:00
darwinmuseum.ru;Государственный Дарвиновский музей;tickets;один участник;Тираннозавр Рексик ведёт расследование: ONLINE-КВЕСТ, 5-8 лет;350 рублей;350;;ONLINE-КВЕСТ, 5-8 лет;;https://www.darwinmuseum.ru/price;2026-10-09T19:31:18.039448+00:00
darwinmuseum.ru;Государственный Дарвиновский музей;tickets;родители с детьми;Выделение ДНК: занятие с микроскопами;300 руб.;300;;;;https://www.darwinmuseum.ru/price;2026-10-09T19:31:18.039448+00:00
darwinmuseum.ru;Государственный Дарвиновский музей;tickets;все посетители;«Морские динозавры» 3D;300 рублей;300;;;;https://www.darwinmuseum.ru/price;2026-10-09T19:31:18.039448+00:00
darwinmuseum.ru;Государственный Дарвиновский музей;tickets;родители с детьми;Такой разнообразный микромир: занятие с микроскопами;300 руб.;300;;;;https://www.darwinmuseum.ru/price;2026-10-09T19:31:18.039448+00:00
darwinmuseum.ru;Государственный Дарвиновский музей;tickets;родители с детьми;Растения под микроскопом: занятие с микроскопами;300 руб.;300;;;;https://www.darwinmuseum.ru/price;2026-10-09T19:31:18.039448+00:00
darwinmuseum.ru;Государственный Дарвиновский музей;tickets;родители с детьми;Кто чем ест: занятие с микроскопами;300 руб.;300;;;;https://www.darwinmuseum.ru/price;2026-10-09T19:31:18.039448+00:00
darwinmuseum.ru;Государственный Дарвиновский музей;tickets;родители с детьми;Кто живет у нас под ногами: занятие с микроскопами;300 руб.;300;;;;https://www.darwinmuseum.ru/price;2026-10-09T19:31:18.039448+00:00
darwinmuseum.ru;Государственный Дарвиновский музей;tickets;родители с детьми;Жизнь в капле воды: занятие с микроскопами;300 руб.;300;;;;https://www.darwinmuseum.ru/price;2026-10-09T19:31:18.039448+00:00
darwinmuseum.ru;Государственный Дарвиновский музей;tickets;один посетитель 9+;PROулиток: билет для посетителей музея;300 рублей;300;;;;https://www.darwinmuseum.ru/price;2026-10-09T19:31:18.039448+00:00
darwinmuseum.ru;Государственный Дарвиновский музей;tickets;взрослый с ребенком (6-17 лет);PROулиток: билет для посетителей музея;500 рублей;500;;;;https://www.darwinmuseum.ru/price;2026-10-09T19:31:18.039448+00:00
darwinmuseum.ru;Государственный Дарвиновский музей;free_rules;учащиеся московских школ и колледжей;входной билет в музей;;;при предъявлении карты учащегося;только в кассе музея при успешной её валидации;benefit;https://www.darwinmuseum.ru/price;2026-10-09T19:31:18.039448+00:00
darwinmuseum.ru;Государственный Дарвиновский музей;free_rules;дошкольники, московские школьники (при предъявлении социальной карты или карты «Москвенок»), дети-сироты, дети-инвалиды, участники и инвалиды ВОВ, ветераны боевых действий, Герои СССР, Герои РФ, лица, награжденные знаком «Жителю блокадного Ленинграда», полные кавалеры ордена Славы, инвалиды I и II, солдаты и матросы срочной службы, сотрудники музеев, члены ИКОМ, участники СВО и члены их семей;музей;;;Право на бесплатное посещение имеют;"при предъявлении документа; Инвалиды I и II групп обслуживаются вне очереди";benefit;https://www.darwinmuseum.ru/price;2026-10-09T19:31:18.039448+00:00
darwinmuseum.ru;Государственный Дарвиновский музей;free_rules;все посетители;вход в основную экспозицию музея и выставочный комплекс;;;проводится в пятницу каждой третьей недели месяца: 16 января, 13 февраля, 13 марта, 17 апреля, 15 мая, 19 июня, 17 июля, 14 августа, 18 сентября, 16 октября, 13 ноября, 18 декабря 2026 года;исключительно по электронным билетам;recurring_day;https://www.darwinmuseum.ru/price;2026-10-09T19:31:18.039448+00:00
darwinmuseum.ru;Государственный Дарвиновский музей;free_rules;все посетители;Лекция «Скороварка эволюции: животные в мегаполисе»;;;Вход на лекцию бесплатный (по регистрации) при наличии входного билета в музей;"по регистрации; при наличии входного билета в музей";dated_event;https://www.darwinmuseum.ru/price;2026-10-09T19:31:18.039448+00:00
kosmo-museum.ru;Мемориальный дом-музей академика С.П. Королёва;tickets;взрослые;Входной билет по экспозиции с посещением выставок;500;500;;;;https://kosmo-museum.ru/static_pages/stoimost-biletov;2026-10-09T19:41:06.967170+00:00
kosmo-museum.ru;Мемориальный дом-музей академика С.П. Королёва;tickets;взрослые;Входной билет по экспозиции с посещением мероприятия;500;500;;;;https://kosmo-museum.ru/static_pages/stoimost-biletov;2026-10-09T19:41:06.967170+00:00
kosmo-museum.ru;Мемориальный дом-музей академика С.П. Королёва;tickets;взрослые;Комплексный билет на посещение ГБУК г. Москвы «ММК» и структурного подразделения Учреждения «Мемориальный дом-музей С.П. Королева»;650;650;;Действителен 10 дней с даты продажи;;https://kosmo-museum.ru/static_pages/stoimost-biletov;2026-10-09T19:41:06.967170+00:00
kosmo-museum.ru;Мемориальный дом-музей академика С.П. Королёва;tickets;семья из 4-х человек: двое взрослых и двое детей 7-18 лет;Входной билет «Семейный»;1 500;1500;;Приобретается на семью из 4-х человек: двое взрослых и двое детей 7-18 лет;;https://kosmo-museum.ru/static_pages/stoimost-biletov;2026-10-09T19:41:06.967170+00:00
kosmo-museum.ru;Мемориальный дом-музей академика С.П. Королёва;tickets;дети в возрасте от 7 до 18 лет включительно;Входной билет по экспозиции с посещением выставок;350;350;;В соответствии с утвержденным Перечнем льгот;;https://kosmo-museum.ru/static_pages/stoimost-biletov;2026-10-09T19:41:06.967170+00:00
kosmo-museum.ru;Мемориальный дом-музей академика С.П. Королёва;tickets;дети в возрасте от 7 до 18 лет включительно;Входной билет по экспозиции с посещением мероприятия;350;350;;В соответствии с утвержденным Перечнем льгот;;https://kosmo-museum.ru/static_pages/stoimost-biletov;2026-10-09T19:41:06.967170+00:00
kosmo-museum.ru;Мемориальный дом-музей академика С.П. Королёва;tickets;дети в возрасте от 7 до 18 лет включительно;Комплексный билет на посещение ГБУК г. Москвы «ММК» и структурного подразделения Учреждения «Мемориальный дом-музей С.П. Королева»;450;450;;"В соответствии с утвержденным Перечнем льгот; Билет действителен 10 дней с даты продажи";;https://kosmo-museum.ru/static_pages/stoimost-biletov;2026-10-09T19:41:06.967170+00:00
kosmo-museum.ru;Мемориальный дом-музей академика С.П. Королёва;tickets;"студенты очной формы обучения; студенты–владельцы Международного студенческого удостоверения (ISIC)";Входной билет по экспозиции с посещением выставок;350;350;;В соответствии с утвержденным Перечнем льгот;;https://kosmo-museum.ru/static_pages/stoimost-biletov;2026-10-09T19:41:06.967170+00:00
kosmo-museum.ru;Мемориальный дом-музей академика С.П. Королёва;tickets;"студенты очной формы обучения; студенты–владельцы Международного студенческого удостоверения (ISIC)";Входной билет по экспозиции с посещением мероприятий;350;350;;В соответствии с утвержденным Перечнем льгот;;https://kosmo-museum.ru/static_pages/stoimost-biletov;2026-10-09T19:41:06.967170+00:00
kosmo-museum.ru;Мемориальный дом-музей академика С.П. Королёва;tickets;"студенты очной формы обучения; студенты–владельцы Международного студенческого удостоверения (ISIC)";Комплексный билет на посещение ГБУК г. Москвы «ММК» и структурного подразделения Учреждения «Мемориальный дом-музей С.П. Королева»;450;450;;"В соответствии с утвержденным Перечнем льгот; Билет действителен 10 дней с даты продажи";;https://kosmo-museum.ru/static_pages/stoimost-biletov;2026-10-09T19:41:06.967170+00:00
kosmo-museum.ru;Мемориальный дом-музей академика С.П. Королёва;tickets;пенсионеры;Входной билет по экспозиции с посещением выставок;300;300;;В соответствии с утвержденным Перечнем льгот;;https://kosmo-museum.ru/static_pages/stoimost-biletov;2026-10-09T19:41:06.967170+00:00
kosmo-museum.ru;Мемориальный дом-музей академика С.П. Королёва;tickets;пенсионеры;Входной билет по экспозиции с посещением мероприятия;300;300;;В соответствии с утвержденным Перечнем льгот;;https://kosmo-museum.ru/static_pages/stoimost-biletov;2026-10-09T19:41:06.967170+00:00
kosmo-museum.ru;Мемориальный дом-музей академика С.П. Королёва;tickets;пенсионеры;Комплексный билет на посещение ГБУК г. Москвы «ММК» и структурного подразделения Учреждения «Мемориальный дом-музей С.П. Королева»;350;350;;"В соответствии с утвержденным Перечнем льгот; Билет действителен 10 дней с даты продажи";;https://kosmo-museum.ru/static_pages/stoimost-biletov;2026-10-09T19:41:06.967170+00:00
kosmo-museum.ru;Мемориальный дом-музей академика С.П. Королёва;tickets;инвалиды III группы;Входной билет;300;300;;В соответствии с утвержденным Перечнем льгот;;https://kosmo-museum.ru/static_pages/stoimost-biletov;2026-10-09T19:41:06.967170+00:00
kosmo-museum.ru;Мемориальный дом-музей академика С.П. Королёва;tickets;инвалиды III группы;Входной билет по экспозиции с посещением мероприятия;300;300;;;;https://kosmo-museum.ru/static_pages/stoimost-biletov;2026-10-09T19:41:06.967170+00:00
kosmo-museum.ru;Мемориальный дом-музей академика С.П. Королёва;tickets;инвалиды III группы;Комплексный билет на посещение ГБУК г. Москвы «ММК» и структурного подразделения «Мемориальный дом-музей С.П. Королева»;350;350;;"В соответствии с утвержденным Перечнем льгот; Билет действителен 10 дней с даты продажи";;https://kosmo-museum.ru/static_pages/stoimost-biletov;2026-10-09T19:41:06.967170+00:00
kosmo-museum.ru;Мемориальный дом-музей академика С.П. Королёва;tickets;на 1 человека;Билет на интерактивный симулятор космического корабля «Орион»;350;350;;Самостоятельное посещение симулятора от 6 лет. Дети от 4 до 6 лет посещают симулятор только со взрослыми по двум билетам. Продолжительность сеанса в зависимости от программы. Билет приобретается в кассе.;;https://kosmo-museum.ru/static_pages/stoimost-biletov;2026-10-09T19:41:06.967170+00:00
kosmo-museum.ru;Мемориальный дом-музей академика С.П. Королёва;tickets;на 2 человек;Билет на интерактивный симулятор космического корабля «Орион»;600;600;;Самостоятельное посещение симулятора от 6 лет. Дети от 4 до 6 лет посещают симулятор только со взрослыми по двум билетам. Продолжительность сеанса в зависимости от программы. Билет приобретается в кассе.;;https://kosmo-museum.ru/static_pages/stoimost-biletov;2026-10-09T19:41:06.967170+00:00
kosmo-museum.ru;Мемориальный дом-музей академика С.П. Королёва;tickets;на 3 человек;Билет на интерактивный симулятор космического корабля «Орион»;800;800;;Самостоятельное посещение симулятора от 6 лет. Дети от 4 до 6 лет посещают симулятор только со взрослыми по двум билетам. Продолжительность сеанса в зависимости от программы. Билет приобретается в кассе.;;https://kosmo-museum.ru/static_pages/stoimost-biletov;2026-10-09T19:41:06.967170+00:00
kosmo-museum.ru;Мемориальный дом-музей академика С.П. Королёва;tickets;на 4 человек;Билет на интерактивный симулятор космического корабля «Орион»;1000;1000;;Самостоятельное посещение симулятора от 6 лет. Дети от 4 до 6 лет посещают симулятор только со взрослыми по двум билетам. Продолжительность сеанса в зависимости от программы. Билет приобретается в кассе.;;https://kosmo-museum.ru/static_pages/stoimost-biletov;2026-10-09T19:41:06.967170+00:00
kosmo-museum.ru;Мемориальный дом-музей академика С.П. Королёва;free_rules;учащиеся в государственных или частных учебных заведениях, подведомственных Департаменту образования города Москвы;Входной билет;;;бесплатно;"Участник проекта Мэра Москвы «Музеи-Детям»; Посещение организованной группой Обучающихся в составе свыше 8 (восьми) Обучающихся в сопровождении работников образовательной организации либо родителей (иных законных представителей) при наличии соответствующего распорядительного документа, право на бесплатное посещение имеет также 1 (один) сопровождающий, в составе свыше 11 (одиннадцати) Обучающихся - 2 (два) сопровождающих. Сопровождающие лица в обязательном порядке предъявляют документы, подтверждающие организацию группового посещения и права на сопровождение с указанием Сопровождающих лиц: -документ, удостоверяющий личность -приказ или распоряжение на сопровождение организованной группой с указанием сопровождающих лиц, выданные соответствующей образовательной или иной организацией.";benefit;https://kosmo-museum.ru/static_pages/stoimost-biletov;2026-10-09T19:41:06.967170+00:00
kosmo-museum.ru;Мемориальный дом-музей академика С.П. Королёва;free_rules;"Инвалиды и участники Великой Отечественной войны и Специальной военной операции (включая членов семьи участников СВО), ветераны боевых действий; Герои Советского Союза, Герои Российской Федерации, полные кавалеры ордена Славы; Военнослужащие, проходящие военную службу по призыву; Лица, награжденные знаком «Жителю блокадного Ленинграда»; Неработающие инвалиды I и II групп; Лица, сопровождающие неработающего инвалида I и II группы; Дети до 7 лет (не достигшие семилетнего возраста); Дети-сироты и дети, оставшиеся без попечения родителей; Дети-инвалиды; Лица, сопровождающие детей-инвалидов; Работники музеев РФ и члены ИКОМ; Участники ликвидации последствий аварии на ЧАЭС; Аккредитованные экскурсоводы (гиды), и гиды-переводчики; Лица из многодетных семей";Входной билет по экспозиции с посещением мероприятия;;;бесплатно;В соответствии с утвержденным Перечнем льгот;benefit;https://kosmo-museum.ru/static_pages/stoimost-biletov;2026-10-09T19:41:06.967170+00:00
kosmo-museum.ru;Мемориальный дом-музей академика С.П. Королёва;free_rules;работники образовательной организации либо родители (иные законные представители) обучающихся, сопровождающие организованные группы обучающихся;Входной билет;;;бесплатно;В соответствии с утвержденным Перечнем льгот, Постановление Правительства Москвы от 29 августа 2017 г. № 594-ПП, Приказом Департамента культуры города Москвы и Департамента образования и науки города Москвы от 14 сентября 2023 г. № 673/ОД/859;benefit;https://kosmo-museum.ru/static_pages/stoimost-biletov;2026-10-09T19:41:06.967170+00:00
tretyakovgallery.ru;Государственная Третьяковская галерея;tickets;Взрослый;Новая Третьяковка: искусство ХХ века, постоянная экспозиция;700 ₽;700;;;;https://www.tretyakovgallery.ru/exhibitions/o/iskusstvo-khkh-veka/;2026-10-09T19:43:41.852578+00:00
tretyakovgallery.ru;Государственная Третьяковская галерея;tickets;Льготные;Новая Третьяковка: искусство ХХ века, постоянная экспозиция;0, 350, 400 ₽;;;;;https://www.tretyakovgallery.ru/exhibitions/o/iskusstvo-khkh-veka/;2026-10-09T19:43:41.852578+00:00
tretyakovgallery.ru;Государственная Третьяковская галерея;tickets;пенсионеры;Новая Третьяковка: искусство ХХ века, постоянная экспозиция, последний вторник месяца;Бесплатно;0;;Последний вторник месяца;;https://www.tretyakovgallery.ru/exhibitions/o/iskusstvo-khkh-veka/;2026-10-09T19:43:41.852578+00:00
tretyakovgallery.ru;Государственная Третьяковская галерея;tickets;взрослый;Новая Третьяковка: искусство ХХ века, постоянная экспозиция, последний вторник месяца;400 ₽;400;;Последний вторник месяца;;https://www.tretyakovgallery.ru/exhibitions/o/iskusstvo-khkh-veka/;2026-10-09T19:43:41.852578+00:00
tretyakovgallery.ru;Государственная Третьяковская галерея;tickets;Взрослый;Лаврушинский переулок: шедевры русского искусства XI – начала XX века, постоянная экспозиция;700 ₽;700;;;;https://www.tretyakovgallery.ru/exhibitions/o/shedevry-russkogo-iskusstva-xi-nachala-xx-veka/;2026-10-09T19:43:41.852578+00:00
tretyakovgallery.ru;Государственная Третьяковская галерея;tickets;Льготные;Лаврушинский переулок: шедевры русского искусства XI – начала XX века, постоянная экспозиция;0, 350, 400 ₽;;;;;https://www.tretyakovgallery.ru/exhibitions/o/shedevry-russkogo-iskusstva-xi-nachala-xx-veka/;2026-10-09T19:43:41.852578+00:00
tretyakovgallery.ru;Государственная Третьяковская галерея;tickets;пенсионеры;Лаврушинский переулок: шедевры русского искусства XI – начала XX века, постоянная экспозиция, последний вторник месяца;Бесплатно;0;;Последний вторник месяца;;https://www.tretyakovgallery.ru/exhibitions/o/shedevry-russkogo-iskusstva-xi-nachala-xx-veka/;2026-10-09T19:43:41.852578+00:00
tretyakovgallery.ru;Государственная Третьяковская галерея;tickets;взрослый;Лаврушинский переулок: шедевры русского искусства XI – начала XX века, постоянная экспозиция, последний вторник месяца;400 ₽;400;;Последний вторник месяца;;https://www.tretyakovgallery.ru/exhibitions/o/shedevry-russkogo-iskusstva-xi-nachala-xx-veka/;2026-10-09T19:43:41.852578+00:00
tretyakovgallery.ru;Государственная Третьяковская галерея;free_rules;пенсионеры (РФ и ЕАЭС);постоянные экспозиции Государственной Третьяковской галереи в Лаврушинском переулке и Новой Третьяковке;;;Последний вторник каждого месяца;"по предъявлению пенсионного удостоверения; бесплатные билеты необходимо заблаговременно оформить на сайте галереи; в порядке общей очереди";recurring_day;https://www.tretyakovgallery.ru/for-visitors/free/;2026-10-09T19:43:41.852578+00:00
tretyakovgallery.ru;Государственная Третьяковская галерея;free_rules;студенты высших учебных заведений РФ вне зависимости от формы обучения (в том числе иностранные граждане-студенты российских ВУЗов, аспиранты, адъюнкты, ординаторы, ассистенты-стажёры);постоянные экспозиции;;;Первое воскресенье каждого месяца;"по продлённому на текущий учебный год студенческому билету; не распространяется на лиц, предъявляющих студенческие билеты «студент-стажёр»";recurring_day;https://www.tretyakovgallery.ru/for-visitors/free/;2026-10-09T19:43:41.852578+00:00
tretyakovgallery.ru;Государственная Третьяковская галерея;free_rules;учащиеся средних и средних специальных учебных заведений (старше 18 лет);постоянные экспозиции;;;Первое воскресенье каждого месяца;по продлённому на текущий учебный год студенческому билету или социальной карте учащегося;recurring_day;https://www.tretyakovgallery.ru/for-visitors/free/;2026-10-09T19:43:41.852578+00:00
tretyakovgallery.ru;Государственная Третьяковская галерея;free_rules;студенты-держатели карт ISIC;экспозиция «Искусство XX века» Новой Третьяковки;;;Первое воскресенье каждого месяца;;recurring_day;https://www.tretyakovgallery.ru/for-visitors/free/;2026-10-09T19:43:41.852578+00:00
tretyakovgallery.ru;Государственная Третьяковская галерея;free_rules;"художники, архитекторы, дизайнеры — члены соответствующих творческих Союзов России и ее субъектов; искусствоведы — члены Ассоциации искусствоведов России и ее субъектов; члены и сотрудники Российской академии художеств";постоянные экспозиции;;;Второе воскресенье месяца;;recurring_day;https://www.tretyakovgallery.ru/for-visitors/free/;2026-10-09T19:43:41.852578+00:00
tretyakovgallery.ru;Государственная Третьяковская галерея;free_rules;дети в возрасте от 7 до 17 лет включительно;постоянные экспозиции;;;Третье воскресенье месяца;;recurring_day;https://www.tretyakovgallery.ru/for-visitors/free/;2026-10-09T19:43:41.852578+00:00
tretyakovgallery.ru;Государственная Третьяковская галерея;free_rules;беженцы, лица, ходатайствующие о получении статуса беженца в Российской Федерации, лица, претендующие или имеющие временное убежище в Российской Федерации (иностранные граждане и (или) лица без гражданства), вынужденные переселенцы (граждане России);постоянные экспозиции;;;Третья суббота месяца;;recurring_day;https://www.tretyakovgallery.ru/for-visitors/free/;2026-10-09T19:43:41.852578+00:00
tretyakovgallery.ru;Государственная Третьяковская галерея;free_rules;члены Международного Совета музеев (ICOM);основные и временные экспозиции Галереи;;;;"при предъявлении документов, подтверждающих право бесплатного посещения; кроме случаев, предусмотренных отдельным распоряжением руководства Галереи";always;https://www.tretyakovgallery.ru/for-visitors/excemption/;2026-10-09T19:43:41.852578+00:00
tretyakovgallery.ru;Государственная Третьяковская галерея;free_rules;дети в возрасте до 6 лет включительно;основные и временные экспозиции Галереи;;;;"при предъявлении документов, подтверждающих право бесплатного посещения; кроме случаев, предусмотренных отдельным распоряжением руководства Галереи";always;https://www.tretyakovgallery.ru/for-visitors/excemption/;2026-10-09T19:43:41.852578+00:00
tretyakovgallery.ru;Государственная Третьяковская галерея;free_rules;члены многодетных семей (граждане РФ);основные и временные экспозиции Галереи;;;;по удостоверению многодетной семьи или по двухмерному штриховому коду (QR-коду), содержащемуся в электронном удостоверении многодетной семьи при предъявлении документа удостоверяющего личность (свидетельства о рождении детей или справка, выданная органом в сфере социальной поддержки населения, паспорт РФ);always;https://www.tretyakovgallery.ru/for-visitors/excemption/;2026-10-09T19:43:41.852578+00:00
tretyakovgallery.ru;Государственная Третьяковская галерея;free_rules;Герои Советского Союза, Герои Российской Федерации, Полные Кавалеры «Ордена Славы»;основные и временные экспозиции Галереи;;;;при предъявлении документов, подтверждающих право бесплатного посещения;always;https://www.tretyakovgallery.ru/for-visitors/excemption/;2026-10-09T19:43:41.852578+00:00
tretyakovgallery.ru;Государственная Третьяковская галерея;free_rules;ветераны и инвалиды Великой Отечественной войны, бывшие несовершеннолетние узники концлагерей, гетто и других мест принудительного содержания, созданных фашистами и их союзниками в период Второй мировой войны, незаконно репрессированные и реабилитированные граждане, участники ликвидации последствий катастрофы на Чернобыльской АЭС;основные и временные экспозиции Галереи;;;;при предъявлении документов, подтверждающих право бесплатного посещения;always;https://www.tretyakovgallery.ru/for-visitors/excemption/;2026-10-09T19:43:41.852578+00:00
tretyakovgallery.ru;Государственная Третьяковская галерея;free_rules;участники программы лояльности («Друг Музея»);основные и временные экспозиции Галереи;;;;при предъявлении документов, подтверждающих право бесплатного посещения;always;https://www.tretyakovgallery.ru/for-visitors/excemption/;2026-10-09T19:43:41.852578+00:00
tretyakovgallery.ru;Государственная Третьяковская галерея;free_rules;участники СВО и члены семей участников СВО;основные и временные экспозиции Галереи;;;;при предъявлении документов, подтверждающих право бесплатного посещения;always;https://www.tretyakovgallery.ru/for-visitors/excemption/;2026-10-09T19:43:41.852578+00:00
tretyakovgallery.ru;Государственная Третьяковская галерея;free_rules;студенты факультетов, специализирующихся в сфере изобразительного искусства средних специальных и высших учебных заведений России, вне зависимости от формы обучения (в том числе иностранные граждане-студенты российских вузов);основные и временные экспозиции Галереи;;;;"при предъявлении документов, подтверждающих право бесплатного посещения; не распространяется на лиц, предъявляющих студенческие билеты «студент-стажёр» (при отсутствии в студенческом билете информации о факультете предъявляется справка из учебного заведения с обязательным указанием факультета)";always;https://www.tretyakovgallery.ru/for-visitors/excemption/;2026-10-09T19:43:41.852578+00:00
tretyakovgallery.ru;Государственная Третьяковская галерея;free_rules;ветераны боевых действий (граждане России и других стран ЕАЭС);основные и временные экспозиции Галереи;;;;при предъявлении документов, подтверждающих право бесплатного посещения;always;https://www.tretyakovgallery.ru/for-visitors/excemption/;2026-10-09T19:43:41.852578+00:00
tretyakovgallery.ru;Государственная Третьяковская галерея;free_rules;военнослужащие срочной службы Российской Федерации;основные и временные экспозиции Галереи;;;;при предъявлении документов, подтверждающих право бесплатного посещения;always;https://www.tretyakovgallery.ru/for-visitors/excemption/;2026-10-09T19:43:41.852578+00:00
tretyakovgallery.ru;Государственная Третьяковская галерея;free_rules;инвалиды I и II группы (граждане России и других стран ЕАЭС);основные и временные экспозиции Галереи;;;;при предъявлении документов, подтверждающих право бесплатного посещения;always;https://www.tretyakovgallery.ru/for-visitors/excemption/;2026-10-09T19:43:41.852578+00:00
tretyakovgallery.ru;Государственная Третьяковская галерея;free_rules;ребёнок-инвалид (граждане России и других стран ЕАЭС);основные и временные экспозиции Галереи;;;;при предъявлении документов, подтверждающих право бесплатного посещения;always;https://www.tretyakovgallery.ru/for-visitors/excemption/;2026-10-09T19:43:41.852578+00:00
tretyakovgallery.ru;Государственная Третьяковская галерея;free_rules;один сопровождающий инвалида I группы (граждане России и других стран ЕАЭС);основные и временные экспозиции Галереи;;;;при предъявлении документов, подтверждающих право бесплатного посещения;always;https://www.tretyakovgallery.ru/for-visitors/excemption/;2026-10-09T19:43:41.852578+00:00
tretyakovgallery.ru;Государственная Третьяковская галерея;free_rules;один сопровождающий ребёнка-инвалида (граждане России и других стран ЕАЭС);основные и временные экспозиции Галереи;;;;при предъявлении документов, подтверждающих право бесплатного посещения;always;https://www.tretyakovgallery.ru/for-visitors/excemption/;2026-10-09T19:43:41.852578+00:00
tretyakovgallery.ru;Государственная Третьяковская галерея;free_rules;дети-сироты и дети, оставшиеся без попечения родителей (граждане России);основные и временные экспозиции Галереи;;;;при предъявлении документов, подтверждающих право бесплатного посещения;always;https://www.tretyakovgallery.ru/for-visitors/excemption/;2026-10-09T19:43:41.852578+00:00
tretyakovgallery.ru;Государственная Третьяковская галерея;free_rules;волонтеры музея – экспозиция «Искусство ХХ века» Крымский Вал, 10, музей Аполлинария Васнецова (граждане России);экспозиция «Искусство ХХ века» Крымский Вал, 10, музей Аполлинария Васнецова;;;;при предъявлении документов, подтверждающих право бесплатного посещения;always;https://www.tretyakovgallery.ru/for-visitors/excemption/;2026-10-09T19:43:41.852578+00:00
tretyakovgallery.ru;Государственная Третьяковская галерея;free_rules;гиды-переводчики, имеющие аккредитационную карту Ассоциации гидов-переводчиков и турменеджеров России;основные экспозиции, индивидуальное посещение и в рамках сопровождения группы иностранных туристов;;;;при предъявлении документов, подтверждающих право бесплатного посещения;always;https://www.tretyakovgallery.ru/for-visitors/excemption/;2026-10-09T19:43:41.852578+00:00
tretyakovgallery.ru;Государственная Третьяковская галерея;free_rules;сотрудники государственных музеев РФ, сотрудники Министерства культуры РФ;основные и временные экспозиции Галереи;;;;при предъявлении документов, подтверждающих право бесплатного посещения;always;https://www.tretyakovgallery.ru/for-visitors/excemption/;2026-10-09T19:43:41.852578+00:00
tretyakovgallery.ru;Государственная Третьяковская галерея;free_rules;дети в возрасте от 7 до 17 лет включительно при наличии экскурсионной путёвки (граждане России и других стран ЕАЭС);основные и временные экспозиции Галереи;;;;"при наличии экскурсионной путёвки; при предъявлении документов, подтверждающих право бесплатного посещения";always;https://www.tretyakovgallery.ru/for-visitors/excemption/;2026-10-09T19:43:41.852578+00:00
tretyakovgallery.ru;Государственная Третьяковская галерея;free_rules;один преподаватель учебного заведения и один сопровождающий группу учащихся средних и средних специальных учебных заведений (граждане России и стран ЕАЭС);основные и временные экспозиции Галереи;;;;"при наличии экскурсионной путёвки, абонемента; при предъявлении документов, подтверждающих право бесплатного посещения";always;https://www.tretyakovgallery.ru/for-visitors/excemption/;2026-10-09T19:43:41.852578+00:00
tretyakovgallery.ru;Государственная Третьяковская галерея;free_rules;один преподаватель учебного заведения, имеющего государственную аккредитацию образовательной деятельности (граждане России);основные и временные экспозиции Галереи;;;;"при проведении согласованного учебного занятия и имеющий специальный бейдж; при предъявлении документов, подтверждающих право бесплатного посещения";always;https://www.tretyakovgallery.ru/for-visitors/excemption/;2026-10-09T19:43:41.852578+00:00
tretyakovgallery.ru;Государственная Третьяковская галерея;free_rules;один сопровождающий группу студентов или группу военнослужащих срочной службы (граждане России);основные и временные экспозиции Галереи;;;;"при наличии экскурсионной путёвки, абонемента; при предъявлении документов, подтверждающих право бесплатного посещения";always;https://www.tretyakovgallery.ru/for-visitors/excemption/;2026-10-09T19:43:41.852578+00:00
tretyakovgallery.ru;Государственная Третьяковская галерея;free_rules;пенсионеры (РФ и ЕАЭС);постоянные экспозиции Государственной Третьяковской галереи в Лаврушинском переулке и Новой Третьяковке;;;Последний вторник каждого месяца;"по предъявлению пенсионного удостоверения; в порядке общей очереди; бесплатные билеты необходимо заблаговременно оформить на сайте галереи";recurring_day;https://www.tretyakovgallery.ru/for-visitors/free/;2026-10-09T19:43:41.852578+00:00
tretyakovgallery.ru;Государственная Третьяковская галерея;free_rules;"члены Международного Совета музеев (ICOM); дети в возрасте до 6 лет включительно; члены многодетных семей (граждане РФ); Герои Советского Союза, Герои Российской Федерации, Полные Кавалеры «Ордена Славы»; ветераны и инвалиды Великой Отечественной войны, бывшие несовершеннолетние узники концлагерей, гетто и других мест принудительного содержания, созданных фашистами и их союзниками в период Второй мировой войны, незаконно репрессированные и реабилитированные граждане, участники ликвидации последствий катастрофы на Чернобыльской АЭС; участники программы лояльности («Друг Музея»); участники СВО и члены семей участников СВО; студенты факультетов, специализирующихся в сфере изобразительного искусства средних специальных и высших учебных заведений России, вне зависимости от формы обучения (в том числе иностранные граждане-студенты российских вузов); ветераны боевых действий (граждане России и других стран ЕАЭС); военнослужащие срочной службы Российской Федерации; инвалиды I и II группы (граждане России и других стран ЕАЭС); ребёнок-инвалид (граждане России и других стран ЕАЭС); один сопровождающий инвалида I группы (граждане России и других стран ЕАЭС); один сопровождающий ребёнка-инвалида (граждане России и других стран ЕАЭС); дети-сироты и дети, оставшиеся без попечения родителей (граждане России); волонтеры музея – экспозиция «Искусство ХХ века» Крымский Вал, 10, музей Аполлинария Васнецова (граждане России); гиды-переводчики, имеющие аккредитационную карту Ассоциации гидов-пере";основные и временные экспозиции Галереи, кроме случаев, предусмотренных отдельным распоряжением руководства Галереи;;;;"при предъявлении документов, подтверждающих право бесплатного посещения; бесплатные билеты можно получить в кассах в предварительной продаже и в день посещения, а также онлайн";benefit;https://www.tretyakovgallery.ru/for-visitors/excemption/;2026-10-09T19:43:41.852578+00:00
kuskovo.ru;Большая каменная оранжерея, музей;tickets;Взрослые;Архитектурно-парковый ансамбль XVIII века (парк);100,00 руб.;100;;"Стандартный прейскурант; при покупке входного билета в павильоны дополнительный входной билет в парк не требуется";;https://kuskovo.ru:443/posetitelyam/stoimost_biletov/;2026-10-09T19:31:18.040446+00:00
kuskovo.ru;Большая каменная оранжерея, музей;tickets;Взрослые;Дворец;500,00 руб.;500;;Стандартный прейскурант;;https://kuskovo.ru:443/posetitelyam/stoimost_biletov/;2026-10-09T19:31:18.040446+00:00
kuskovo.ru;Большая каменная оранжерея, музей;tickets;"Льготные категории: дети от 7 до 17 лет включительно; пенсионеры; инвалиды III группы; обучающиеся по очной форме обучения по программам начального общего, основного общего, среднего (полного) общего образования, по программам начального профессионального образования, учащиеся вузовой формы обучения, обучающиеся по программам среднего и высшего профессионального образования";Дворец;250,00 руб.;250;;Льготные билеты выдаются при предъявлении оригиналов документов, подтверждающих право на льготу (в случаях, если льгота не подтверждена онлайн). Если льгота онлайн, необходим только документ, удостоверяющий личность. При наличии QR-кода из приложений «Мой ID», «Цифровой ID» и Госуслуги Москвы других документов не требуется.;;https://kuskovo.ru:443/posetitelyam/stoimost_biletov/;2026-10-09T19:31:18.040446+00:00
kuskovo.ru;Большая каменная оранжерея, музей;tickets;Взрослые;"Выставка ""Храм добродетели душа ее была"" в восточной антресоли Дворца (Открыта в летний сезон)";300,00 руб.;300;;Открыта в летний сезон;;https://kuskovo.ru:443/posetitelyam/stoimost_biletov/;2026-10-09T19:31:18.040446+00:00
kuskovo.ru;Большая каменная оранжерея, музей;tickets;"Льготные категории: дети от 7 до 17 лет включительно; пенсионеры; инвалиды III группы; обучающиеся по очной форме обучения по программам начального общего, основного общего, среднего (полного) общего образования, по программам начального профессионального образования, учащиеся вузовой формы обучения, обучающиеся по программам среднего и высшего профессионального образования";"Выставка ""Храм добродетели душа ее была"" в восточной антресоли Дворца (Открыта в летний сезон)";200,00 руб.;200;;Льготные билеты выдаются при предъявлении оригиналов документов, подтверждающих право на льготу (в случаях, если льгота не подтверждена онлайн). Если льгота онлайн, необходим только документ, удостоверяющий личность. При наличии QR-кода из приложений «Мой ID», «Цифровой ID» и Госуслуги Москвы других документов не требуется.;;https://kuskovo.ru:443/posetitelyam/stoimost_biletov/;2026-10-09T19:31:18.040446+00:00
kuskovo.ru;Большая каменная оранжерея, музей;tickets;Взрослые;Грот;300,00 руб.;300;;Дворец и Грот не имеют системы отопления, в холодное время года одевайтесь в соответствии с погодными условиями;;https://kuskovo.ru:443/posetitelyam/stoimost_biletov/;2026-10-09T19:31:18.040446+00:00
kuskovo.ru;Большая каменная оранжерея, музей;tickets;"Льготные категории: дети от 7 до 17 лет включительно; пенсионеры; инвалиды III группы; обучающиеся по очной форме обучения по программам начального общего, основного общего, среднего (полного) общего образования, по программам начального профессионального образования, учащиеся вузовой формы обучения, обучающиеся по программам среднего и высшего профессионального образования";Грот;200,00 руб.;200;;Льготные билеты выдаются при предъявлении оригиналов документов, подтверждающих право на льготу (в случаях, если льгота не подтверждена онлайн). Если льгота онлайн, необходим только документ, удостоверяющий личность. При наличии QR-кода из приложений «Мой ID», «Цифровой ID» и Госуслуги Москвы других документов не требуется.;;https://kuskovo.ru:443/posetitelyam/stoimost_biletov/;2026-10-09T19:31:18.040446+00:00
kuskovo.ru;Большая каменная оранжерея, музей;tickets;Взрослые;Эрмитаж;300,00 руб.;300;;Стандартный прейскурант;;https://kuskovo.ru:443/posetitelyam/stoimost_biletov/;2026-10-09T19:31:18.040446+00:00
kuskovo.ru;Большая каменная оранжерея, музей;tickets;"Льготные категории: дети от 7 до 17 лет включительно; пенсионеры; инвалиды III группы; обучающиеся по очной форме обучения по программам начального общего, основного общего, среднего (полного) общего образования, по программам начального профессионального образования, учащиеся вузовой формы обучения, обучающиеся по программам среднего и высшего профессионального образования";Эрмитаж;200,00 руб.;200;;Льготные билеты выдаются при предъявлении оригиналов документов, подтверждающих право на льготу (в случаях, если льгота не подтверждена онлайн). Если льгота онлайн, необходим только документ, удостоверяющий личность. При наличии QR-кода из приложений «Мой ID», «Цифровой ID» и Госуслуги Москвы других документов не требуется.;;https://kuskovo.ru:443/posetitelyam/stoimost_biletov/;2026-10-09T19:31:18.040446+00:00
kuskovo.ru;Большая каменная оранжерея, музей;tickets;Взрослые;"Большая каменная оранжерея с выставкой ""Портретная галерея усадьбы Кусково"" (в западном крыле)";300,00 руб.;300;;Стандартный прейскурант;;https://kuskovo.ru:443/posetitelyam/stoimost_biletov/;2026-10-09T19:31:18.040446+00:00
kuskovo.ru;Большая каменная оранжерея, музей;tickets;"Льготные категории: дети от 7 до 17 лет включительно; пенсионеры; инвалиды III группы; обучающиеся по очной форме обучения по программам начального общего, основного общего, среднего (полного) общего образования, по программам начального профессионального образования, учащиеся вузовой формы обучения, обучающиеся по программам среднего и высшего профессионального образования";"Большая каменная оранжерея с выставкой ""Портретная галерея усадьбы Кусково"" (в западном крыле)";200,00 руб.;200;;Льготные билеты выдаются при предъявлении оригиналов документов, подтверждающих право на льготу (в случаях, если льгота не подтверждена онлайн). Если льгота онлайн, необходим только документ, удостоверяющий личность. При наличии QR-кода из приложений «Мой ID», «Цифровой ID» и Госуслуги Москвы других документов не требуется.;;https://kuskovo.ru:443/posetitelyam/stoimost_biletov/;2026-10-09T19:31:18.040446+00:00
kuskovo.ru;Большая каменная оранжерея, музей;tickets;Взрослые;Большая каменная оранжерея с выставками (в восточном крыле);300,00 руб.;300;;Стандартный прейскурант;;https://kuskovo.ru:443/posetitelyam/stoimost_biletov/;2026-10-09T19:31:18.040446+00:00
kuskovo.ru;Большая каменная оранжерея, музей;tickets;"Льготные категории: дети от 7 до 17 лет включительно; пенсионеры; инвалиды III группы; обучающиеся по очной форме обучения по программам начального общего, основного общего, среднего (полного) общего образования, по программам начального профессионального образования, учащиеся вузовой формы обучения, обучающиеся по программам среднего и высшего профессионального образования";Большая каменная оранжерея с выставками (в восточном крыле);200,00 руб.;200;;Льготные билеты выдаются при предъявлении оригиналов документов, подтверждающих право на льготу (в случаях, если льгота не подтверждена онлайн). Если льгота онлайн, необходим только документ, удостоверяющий личность. При наличии QR-кода из приложений «Мой ID», «Цифровой ID» и Госуслуги Москвы других документов не требуется.;;https://kuskovo.ru:443/posetitelyam/stoimost_biletov/;2026-10-09T19:31:18.040446+00:00
kuskovo.ru;Большая каменная оранжерея, музей;tickets;Взрослые;Итальянский домик;300,00 руб.;300;;Стандартный прейскурант;;https://kuskovo.ru:443/posetitelyam/stoimost_biletov/;2026-10-09T19:31:18.040446+00:00
kuskovo.ru;Большая каменная оранжерея, музей;tickets;"Льготные категории: дети от 7 до 17 лет включительно; пенсионеры; инвалиды III группы; обучающиеся по очной форме обучения по программам начального общего, основного общего, среднего (полного) общего образования, по программам начального профессионального образования, учащиеся вузовой формы обучения, обучающиеся по программам среднего и высшего профессионального образования";Итальянский домик;200,00 руб.;200;;Льготные билеты выдаются при предъявлении оригиналов документов, подтверждающих право на льготу (в случаях, если льгота не подтверждена онлайн). Если льгота онлайн, необходим только документ, удостоверяющий личность. При наличии QR-кода из приложений «Мой ID», «Цифровой ID» и Госуслуги Москвы других документов не требуется.;;https://kuskovo.ru:443/posetitelyam/stoimost_biletov/;2026-10-09T19:31:18.040446+00:00
kuskovo.ru;Большая каменная оранжерея, музей;tickets;Взрослые;Голландский домик;300,00 руб.;300;;Стандартный прейскурант;;https://kuskovo.ru:443/posetitelyam/stoimost_biletov/;2026-10-09T19:31:18.040446+00:00
kuskovo.ru;Большая каменная оранжерея, музей;tickets;"Льготные категории: дети от 7 до 17 лет включительно; пенсионеры; инвалиды III группы; обучающиеся по очной форме обучения по программам начального общего, основного общего, среднего (полного) общего образования, по программам начального профессионального образования, учащиеся вузовой формы обучения, обучающиеся по программам среднего и высшего профессионального образования";Голландский домик;200,00 руб.;200;;Льготные билеты выдаются при предъявлении оригиналов документов, подтверждающих право на льготу (в случаях, если льгота не подтверждена онлайн). Если льгота онлайн, необходим только документ, удостоверяющий личность. При наличии QR-кода из приложений «Мой ID», «Цифровой ID» и Госуслуги Москвы других документов не требуется.;;https://kuskovo.ru:443/posetitelyam/stoimost_biletov/;2026-10-09T19:31:18.040446+00:00
kuskovo.ru;Большая каменная оранжерея, музей;tickets;Взрослые;Комплексный билет для индивидуальных посетителей: Дворец, Грот, Большая каменная оранжерея (Портретная галерея);900,00 руб.;900;;Стандартный прейскурант;;https://kuskovo.ru:443/posetitelyam/stoimost_biletov/;2026-10-09T19:31:18.040446+00:00
kuskovo.ru;Большая каменная оранжерея, музей;tickets;"Льготные категории: дети от 7 до 17 лет включительно; пенсионеры; инвалиды III группы; обучающиеся по очной форме обучения по программам начального общего, основного общего, среднего (полного) общего образования, по программам начального профессионального образования, учащиеся вузовой формы обучения, обучающиеся по программам среднего и высшего профессионального образования";Комплексный билет для индивидуальных посетителей: Дворец, Грот, Большая каменная оранжерея (Портретная галерея);600,00 руб.;600;;Льготные билеты выдаются при предъявлении оригиналов документов, подтверждающих право на льготу (в случаях, если льгота не подтверждена онлайн). Если льгота онлайн, необходим только документ, удостоверяющий личность. При наличии QR-кода из приложений «Мой ID», «Цифровой ID» и Госуслуги Москвы других документов не требуется.;;https://kuskovo.ru:443/posetitelyam/stoimost_biletov/;2026-10-09T19:31:18.040446+00:00
kuskovo.ru;Большая каменная оранжерея, музей;tickets;Взрослые;Единый билет для индивидуальных посетителей во всех павильонах, которые открываются при дневном посещении;1700,00 руб.;1700;;Стандартный прейскурант;;https://kuskovo.ru:443/posetitelyam/stoimost_biletov/;2026-10-09T19:31:18.040446+00:00
kuskovo.ru;Большая каменная оранжерея, музей;tickets;"Льготные категории: дети от 7 до 17 лет включительно; пенсионеры; инвалиды III группы; обучающиеся по очной форме обучения по программам начального общего, основного общего, среднего (полного) общего образования, по программам начального профессионального образования, учащиеся вузовой формы обучения, обучающиеся по программам среднего и высшего профессионального образования";Единый билет для индивидуальных посетителей во всех павильонах, которые открываются при дневном посещении;1250,00 руб.;1250;;Льготные билеты выдаются при предъявлении оригиналов документов, подтверждающих право на льготу (в случаях, если льгота не подтверждена онлайн). Если льгота онлайн, необходим только документ, удостоверяющий личность. При наличии QR-кода из приложений «Мой ID», «Цифровой ID» и Госуслуги Москвы других документов не требуется.;;https://kuskovo.ru:443/posetitelyam/stoimost_biletov/;2026-10-09T19:31:18.040446+00:00
kuskovo.ru;Большая каменная оранжерея, музей;tickets;Любительская фото- видеосъемка;территория архитектурно-паркового ансамбля и интерьеры;200,00 руб. с посетителя;200;;Входные билеты в парк или павильоны приобретаются отдельно. Билет на фотосъемку требуется сохранять на протяжении всего времени присутствия на территории усадьбы Кусково. Сотрудники музея имеют право запросить билет для проверки в любое время. Фотосъемка на мобильный телефон, смартфон, планшет является бесплатной, приобретение билета не требуется.;;https://kuskovo.ru:443/posetitelyam/stoimost_biletov/;2026-10-09T19:31:18.040446+00:00
kuskovo.ru;Большая каменная оранжерея, музей;tickets;Профессиональная некоммерческая фото- видеосъемка (в том числе для свадебных групп);помещения и территория музея;3000,00 руб.;3000;;Входные билеты в парк или павильоны приобретаются отдельно. Билет на фотосъемку требуется сохранять на протяжении всего времени присутствия на территории усадьбы Кусково. Сотрудники музея имеют право запросить билет для проверки в любое время.;;https://kuskovo.ru:443/posetitelyam/stoimost_biletov/;2026-10-09T19:31:18.040446+00:00
kuskovo.ru;Большая каменная оранжерея, музей;tickets;любительская фотосъемка (компактный цифровой или зеркальный фотоаппарат);"территория усадьбы «Кусково»; билет на фотосъемку, входные билеты в парк или павильоны приобретаются отдельно";200 рублей;200;;Билет на фотосъемку требуется сохранять на протяжении всего времени присутствия на территории усадьбы «Кусково». Сотрудники музея имеют право запросить билет для проверки в любое время. Если работает несколько фотографов (2 и более фотоаппаратов, то билеты приобретаются на каждого).;;https://kuskovo.ru:443/posetitelyam/pravila-poseweniya-muzeya-kuskovo1/;2026-10-09T19:31:18.040446+00:00
kuskovo.ru;Большая каменная оранжерея, музей;tickets;профессиональная некоммерческая фотосъемка (профессиональный фотоаппарат, свадебные группы, некоммерческая фотосессия, фотосъемка для портфолио);"территория усадьбы «Кусково»; билет на фотосъемку, входные билеты в парк или павильоны приобретаются отдельно";3000 рублей;3000;;Проводится без ограничения по времени, но в пределах часов работы павильонов музея и парковой территории. Билет на фотосъемку требуется сохранять на протяжении всего времени присутствия на территории усадьбы «Кусково». Сотрудники музея имеют право запросить билет для проверки в любое время.;;https://kuskovo.ru:443/posetitelyam/pravila-poseweniya-muzeya-kuskovo1/;2026-10-09T19:31:18.040446+00:00
kuskovo.ru;Большая каменная оранжерея, музей;free_rules;"Ветераны ВОВ; неработающие инвалиды I и II группы; ветераны боевых действий, участники СВО и члены семей участников СВО; военнослужащие срочной службы; дети-сироты и дети без попечения родителей; дети-инвалиды; престарелые граждане, находящиеся в домах-интернатах для инвалидов и престарелых; дети до 6 лет включительно; учащиеся школы, в наличии карта ""Москвёнок""; лица из многодетных семей; работники музеев и члены ИКОМ; лица, награжденные знаком «Жителю блокадного Ленинграда»; герои СССР, РФ, полный кавалер ордена славы; военнослужащие, проходящие военную службу по призыву; член союза журналистов Москвы; обладатель сертификата ""Активный гражданин""; студенты профильных факультетов: история, история искусств, культурология, музееведение, художественно-эстетический профиль, реставрация";"Архитектурно-парковый ансамбль XVIII века (парк), Дворец, Выставка ""Храм добродетели душа ее была"", Грот, Эрмитаж, Большая каменная оранжерея, Итальянский домик, Голландский домик, Комплексный билет, Единый билет";;;Постоянно;"Льготные билеты предоставляются при предъявлении оригиналов документов, подтверждающих право на льготу (в случаях, если льгота не подтверждена онлайн). Если льгота подтверждена онлайн, необходим только документ, удостоверяющий личность. При наличии QR-кода из приложений ""Мой ID"", ""Цифровой ID"" и Госуслуги Москвы прочие документы не требуются.";always;https://kuskovo.ru:443/posetitelyam/stoimost_biletov/;2026-10-09T19:31:18.040446+00:00
kuskovo.ru;Большая каменная оранжерея, музей;free_rules;Фотосъемка на мобильный телефон, смартфон, планшет;территория музея;;;Постоянно;приобретение билета не требуется;always;https://kuskovo.ru:443/posetitelyam/stoimost_biletov/;2026-10-09T19:31:18.040446+00:00
kuskovo.ru;Большая каменная оранжерея, музей;free_rules;посетители Музея;приём посетителей Музея;;;в рамках акции «Московская музейная неделя» на третьей неделе каждого месяца в день, определенный распоряжением Департамента культуры г. Москвы;бесплатный режим;recurring_day;https://kuskovo.ru:443/posetitelyam/pravila-poseweniya-muzeya-kuskovo1/;2026-10-09T19:31:18.040446+00:00
kuskovo.ru;Большая каменная оранжерея, музей;free_rules;фотосъемка на мобильный телефон, смартфон, планшет;территория усадьбы «Кусково»;;;бесплатно;приобретение билета не требуется;always;https://kuskovo.ru:443/posetitelyam/pravila-poseweniya-muzeya-kuskovo1/;2026-10-09T19:31:18.040446+00:00
pushkinmuseum.art;ГМИИ имени А. С. Пушкина;tickets;взрослые (полная);Главное здание, постоянная экспозиция;700 рублей;700;;полная;;https://pushkinmuseum.art/visitors/tickets/index.php?lang=ru;2026-10-09T19:31:26.030884+00:00
pushkinmuseum.art;ГМИИ имени А. С. Пушкина;tickets;дети до 6 лет включительно и другие категории посетителей;Главное здание, постоянная экспозиция;бесплатно;0;;бесплатно;;https://pushkinmuseum.art/visitors/tickets/index.php?lang=ru;2026-10-09T19:31:26.030884+00:00
pushkinmuseum.art;ГМИИ имени А. С. Пушкина;tickets;взрослые (полная);Галерея искусства стран Европы и Америки XIX–XX веков, постоянная экспозиция;700 рублей;700;;полная;;https://pushkinmuseum.art/visitors/tickets/index.php?lang=ru;2026-10-09T19:31:26.030884+00:00
pushkinmuseum.art;ГМИИ имени А. С. Пушкина;tickets;дети до 6 лет включительно и другие категории посетителей;Галерея искусства стран Европы и Америки XIX–XX веков, постоянная экспозиция;бесплатно;0;;бесплатно;;https://pushkinmuseum.art/visitors/tickets/index.php?lang=ru;2026-10-09T19:31:26.030884+00:00
pushkinmuseum.art;ГМИИ имени А. С. Пушкина;tickets;взрослые (полная);Мемориальная квартира Святослава Рихтера;350 рублей;350;;"полная; купить билет можно только на сайте (продажа билетов в кассе не предусмотрена)";;https://pushkinmuseum.art/visitors/tickets/index.php?lang=ru;2026-10-09T19:31:26.030884+00:00
pushkinmuseum.art;ГМИИ имени А. С. Пушкина;tickets;дети до 6 лет включительно и другие категории посетителей;Мемориальная квартира Святослава Рихтера;бесплатно;0;;"бесплатно; купить билет можно только на сайте (продажа билетов в кассе не предусмотрена)";;https://pushkinmuseum.art/visitors/tickets/index.php?lang=ru;2026-10-09T19:31:26.030884+00:00
pushkinmuseum.art;ГМИИ имени А. С. Пушкина;tickets;взрослые (полная);Выставка «Алмазная колесница. Буддийское искусство России», Главное здание, билет на выставку, будние дни;1100 рублей;1100;;"будние дни; полная";;https://pushkinmuseum.art/visitors/tickets/index.php?lang=ru;2026-10-09T19:31:26.030884+00:00
pushkinmuseum.art;ГМИИ имени А. С. Пушкина;tickets;дети до 6 лет включительно и другие категории посетителей;Выставка «Алмазная колесница. Буддийское искусство России», Главное здание, билет на выставку, будние дни;бесплатно;0;;"будние дни; бесплатно";;https://pushkinmuseum.art/visitors/tickets/index.php?lang=ru;2026-10-09T19:31:26.030884+00:00
pushkinmuseum.art;ГМИИ имени А. С. Пушкина;tickets;взрослые (полная);Выставка «Алмазная колесница. Буддийское искусство России», Главное здание, билет на выставку, выходные и праздничные дни;1200 рублей;1200;;"выходные и праздничные дни; полная";;https://pushkinmuseum.art/visitors/tickets/index.php?lang=ru;2026-10-09T19:31:26.030884+00:00
pushkinmuseum.art;ГМИИ имени А. С. Пушкина;tickets;дети до 6 лет включительно и другие категории посетителей;Выставка «Алмазная колесница. Буддийское искусство России», Главное здание, билет на выставку, выходные и праздничные дни;бесплатно;0;;"выходные и праздничные дни; бесплатно";;https://pushkinmuseum.art/visitors/tickets/index.php?lang=ru;2026-10-09T19:31:26.030884+00:00
pushkinmuseum.art;ГМИИ имени А. С. Пушкина;tickets;взрослые (полная);Выставка «Фабрицио Плесси. Вертикальные моря», Главное здание, билет в постоянную экспозицию Главного здания;700 рублей;700;;полная;;https://pushkinmuseum.art/visitors/tickets/index.php?lang=ru;2026-10-09T19:31:26.030884+00:00
pushkinmuseum.art;ГМИИ имени А. С. Пушкина;tickets;дети до 6 лет включительно и другие категории посетителей;Выставка «Фабрицио Плесси. Вертикальные моря», Главное здание, билет в постоянную экспозицию Главного здания;бесплатно;0;;бесплатно;;https://pushkinmuseum.art/visitors/tickets/index.php?lang=ru;2026-10-09T19:31:26.030884+00:00
pushkinmuseum.art;ГМИИ имени А. С. Пушкина;tickets;взрослые (полная);Выставка «Вновь опознанная картина учеников Рембрандта: реставрация и атрибуция», Главное здание, билет в постоянную экспозицию Главного здания;700 рублей;700;;полная;;https://pushkinmuseum.art/visitors/tickets/index.php?lang=ru;2026-10-09T19:31:26.030884+00:00
pushkinmuseum.art;ГМИИ имени А. С. Пушкина;tickets;дети до 6 лет включительно и другие категории посетителей;Выставка «Вновь опознанная картина учеников Рембрандта: реставрация и атрибуция», Главное здание, билет в постоянную экспозицию Главного здания;бесплатно;0;;бесплатно;;https://pushkinmuseum.art/visitors/tickets/index.php?lang=ru;2026-10-09T19:31:26.030884+00:00
pushkinmuseum.art;ГМИИ имени А. С. Пушкина;tickets;взрослые (полная);Выставка «Кубинский плакат. 1950–1970-е. Кино и революция», Галерея искусства стран Европы и Америки XIX–XX веков, билет на выставку, будние дни;900 рублей;900;;"будние дни; полная";;https://pushkinmuseum.art/visitors/tickets/index.php?lang=ru;2026-10-09T19:31:26.030884+00:00
pushkinmuseum.art;ГМИИ имени А. С. Пушкина;tickets;дети до 6 лет включительно и другие категории посетителей;Выставка «Кубинский плакат. 1950–1970-е. Кино и революция», Галерея искусства стран Европы и Америки XIX–XX веков, билет на выставку, будние дни;бесплатно;0;;"будние дни; бесплатно";;https://pushkinmuseum.art/visitors/tickets/index.php?lang=ru;2026-10-09T19:31:26.030884+00:00
pushkinmuseum.art;ГМИИ имени А. С. Пушкина;tickets;взрослые (полная);Выставка «Кубинский плакат. 1950–1970-е. Кино и революция», Галерея искусства стран Европы и Америки XIX–XX веков, билет на выставку, выходные и праздничные дни;1000 рублей;1000;;"выходные и праздничные дни; полная";;https://pushkinmuseum.art/visitors/tickets/index.php?lang=ru;2026-10-09T19:31:26.030884+00:00
pushkinmuseum.art;ГМИИ имени А. С. Пушкина;tickets;дети до 6 лет включительно и другие категории посетителей;Выставка «Кубинский плакат. 1950–1970-е. Кино и революция», Галерея искусства стран Европы и Америки XIX–XX веков, билет на выставку, выходные и праздничные дни;бесплатно;0;;"выходные и праздничные дни; бесплатно";;https://pushkinmuseum.art/visitors/tickets/index.php?lang=ru;2026-10-09T19:31:26.030884+00:00
pushkinmuseum.art;ГМИИ имени А. С. Пушкина;tickets;взрослые (полная);Выставка «Гюстав Файе и русские коллекционеры», Галерея искусства стран Европы и Америки XIX–XX веков, билет в постоянную экспозицию Галереи;700 рублей;700;;полная;;https://pushkinmuseum.art/visitors/tickets/index.php?lang=ru;2026-10-09T19:31:26.030884+00:00
pushkinmuseum.art;ГМИИ имени А. С. Пушкина;tickets;дети до 6 лет включительно и другие категории посетителей;Выставка «Гюстав Файе и русские коллекционеры», Галерея искусства стран Европы и Америки XIX–XX веков, билет в постоянную экспозицию Галереи;бесплатно;0;;бесплатно;;https://pushkinmuseum.art/visitors/tickets/index.php?lang=ru;2026-10-09T19:31:26.030884+00:00
pushkinmuseum.art;ГМИИ имени А. С. Пушкина;tickets;взрослые (полная);Комплексный билет в два здания, будние дни;1700 рублей;1700;;"будние дни; полная; продажа комплексных билетов закрывается за 4 часа до окончания работы музея";;https://pushkinmuseum.art/visitors/tickets/index.php?lang=ru;2026-10-09T19:31:26.030884+00:00
pushkinmuseum.art;ГМИИ имени А. С. Пушкина;tickets;дети до 6 лет включительно и другие категории посетителей;Комплексный билет в два здания, будние дни;бесплатно;0;;"будние дни; бесплатно; продажа комплексных билетов закрывается за 4 часа до окончания работы музея";;https://pushkinmuseum.art/visitors/tickets/index.php?lang=ru;2026-10-09T19:31:26.030884+00:00
pushkinmuseum.art;ГМИИ имени А. С. Пушкина;tickets;взрослые (полная);Комплексный билет в два здания, выходные и праздничные дни;1900 рублей;1900;;"выходные и праздничные дни; полная; продажа комплексных билетов закрывается за 4 часа до окончания работы музея";;https://pushkinmuseum.art/visitors/tickets/index.php?lang=ru;2026-10-09T19:31:26.030884+00:00
pushkinmuseum.art;ГМИИ имени А. С. Пушкина;tickets;дети до 6 лет включительно и другие категории посетителей;Комплексный билет в два здания, выходные и праздничные дни;бесплатно;0;;"выходные и праздничные дни; бесплатно; продажа комплексных билетов закрывается за 4 часа до окончания работы музея";;https://pushkinmuseum.art/visitors/tickets/index.php?lang=ru;2026-10-09T19:31:26.030884+00:00
pushkinmuseum.art;ГМИИ имени А. С. Пушкина;free_rules;все категории посетителей;Учебный художественный музей им. И.В. Цветаева;;;вход свободный;билет не требуется;always;https://pushkinmuseum.art/visitors/tickets/index.php?lang=ru;2026-10-09T19:31:26.030884+00:00
pushkinmuseum.art;ГМИИ имени А. С. Пушкина;free_rules;дети до 6 лет включительно;Главное здание, постоянная экспозиция;;;бесплатно;бесплатно;always;https://pushkinmuseum.art/visitors/tickets/index.php?lang=ru;2026-10-09T19:31:26.030884+00:00
pushkinmuseum.art;ГМИИ имени А. С. Пушкина;free_rules;дети до 6 лет включительно;Галерея искусства стран Европы и Америки XIX–XX веков, постоянная экспозиция;;;бесплатно;бесплатно;always;https://pushkinmuseum.art/visitors/tickets/index.php?lang=ru;2026-10-09T19:31:26.030884+00:00
pushkinmuseum.art;ГМИИ имени А. С. Пушкина;free_rules;дети до 6 лет включительно;Мемориальная квартира Святослава Рихтера;;;бесплатно;"бесплатно; купить билет можно только на сайте (продажа билетов в кассе не предусмотрена)";always;https://pushkinmuseum.art/visitors/tickets/index.php?lang=ru;2026-10-09T19:31:26.030884+00:00
pushkinmuseum.art;ГМИИ имени А. С. Пушкина;free_rules;члены многодетных семей (граждане РФ): льготы предоставляются детям в возрасте до 17 лет включительно (студентам очной формы обучения вузов и ссузов РФ — до 22 лет включительно) и их родителям;музей;;;бесплатно;право бесплатного посещения музея;benefit;https://pushkinmuseum.art/visitors/tickets/index.php?lang=ru;2026-10-09T19:31:26.030884+00:00
pushkinmuseum.art;ГМИИ имени А. С. Пушкина;free_rules;посетители с инвалидностью I или II группы, дети с инвалидностью, посетители на инвалидных колясках;музей;;;бесплатно;право бесплатного посещения музея;benefit;https://pushkinmuseum.art/visitors/tickets/index.php?lang=ru;2026-10-09T19:31:26.030884+00:00
pushkinmuseum.art;ГМИИ имени А. С. Пушкина;free_rules;взрослые, сопровождающие посетителей с инвалидностью I или II группы, детей с инвалидностью, посетителей на инвалидных колясках;музей;;;бесплатно;право бесплатного посещения музея;benefit;https://pushkinmuseum.art/visitors/tickets/index.php?lang=ru;2026-10-09T19:31:26.030884+00:00
pushkinmuseum.art;ГМИИ имени А. С. Пушкина;free_rules;"обучающиеся по основным профессиональным образовательным программам изобразительного искусства и архитектуры (живописцы, графики, скульпторы, архитекторы, искусствоведы; обучающиеся по программам дизайна, культурологии, арт-менеджмента и т.п. к этой категории не относятся) вузов и ссузов РФ (студенты, аспиранты, ассистенты-стажеры)";музей;;;бесплатно;право бесплатного посещения музея;benefit;https://pushkinmuseum.art/visitors/tickets/index.php?lang=ru;2026-10-09T19:31:26.030884+00:00
pushkinmuseum.art;ГМИИ имени А. С. Пушкина;free_rules;работники Минкультуры России;музей;;;бесплатно;право бесплатного посещения музея;benefit;https://pushkinmuseum.art/visitors/tickets/index.php?lang=ru;2026-10-09T19:31:26.030884+00:00
pushkinmuseum.art;ГМИИ имени А. С. Пушкина;free_rules;работники государственных музеев РФ;музей;;;бесплатно;право бесплатного посещения музея;benefit;https://pushkinmuseum.art/visitors/tickets/index.php?lang=ru;2026-10-09T19:31:26.030884+00:00
pushkinmuseum.art;ГМИИ имени А. С. Пушкина;free_rules;работники государственных художественных реставрационных учреждений;музей;;;бесплатно;право бесплатного посещения музея;benefit;https://pushkinmuseum.art/visitors/tickets/index.php?lang=ru;2026-10-09T19:31:26.030884+00:00
pushkinmuseum.art;ГМИИ имени А. С. Пушкина;free_rules;члены Ассоциации искусствоведов (АИС);музей;;;бесплатно;право бесплатного посещения музея;benefit;https://pushkinmuseum.art/visitors/tickets/index.php?lang=ru;2026-10-09T19:31:26.030884+00:00
pushkinmuseum.art;ГМИИ имени А. С. Пушкина;free_rules;члены Международного совета музеев (ICOM);музей;;;бесплатно;право бесплатного посещения музея;benefit;https://pushkinmuseum.art/visitors/tickets/index.php?lang=ru;2026-10-09T19:31:26.030884+00:00
pushkinmuseum.art;ГМИИ имени А. С. Пушкина;free_rules;Герои Советского Союза и РФ, полные кавалеры ордена Славы (граждане РФ и стран ЕАЭС);музей;;;бесплатно;право бесплатного посещения музея;benefit;https://pushkinmuseum.art/visitors/tickets/index.php?lang=ru;2026-10-09T19:31:26.030884+00:00
pushkinmuseum.art;ГМИИ имени А. С. Пушкина;free_rules;военнослужащие по призыву (граждане РФ);музей;;;бесплатно;право бесплатного посещения музея;benefit;https://pushkinmuseum.art/visitors/tickets/index.php?lang=ru;2026-10-09T19:31:26.030884+00:00
pushkinmuseum.art;ГМИИ имени А. С. Пушкина;free_rules;реабилитированные жертвы политических репрессий (граждане РФ и ЕАЭС);музей;;;бесплатно;право бесплатного посещения музея;benefit;https://pushkinmuseum.art/visitors/tickets/index.php?lang=ru;2026-10-09T19:31:26.030884+00:00
pushkinmuseum.art;ГМИИ имени А. С. Пушкина;free_rules;бывшие несовершеннолетние узники фашизма;музей;;;бесплатно;право бесплатного посещения музея;benefit;https://pushkinmuseum.art/visitors/tickets/index.php?lang=ru;2026-10-09T19:31:26.030884+00:00
pushkinmuseum.art;ГМИИ имени А. С. Пушкина;free_rules;ликвидаторы последствий катастрофы на ЧАЭС (граждане РФ и стран ЕАЭС);музей;;;бесплатно;право бесплатного посещения музея;benefit;https://pushkinmuseum.art/visitors/tickets/index.php?lang=ru;2026-10-09T19:31:26.030884+00:00
pushkinmuseum.art;ГМИИ имени А. С. Пушкина;free_rules;держатели карты музейного волонтера «Спутник»;музей;;;бесплатно;право бесплатного посещения музея;benefit;https://pushkinmuseum.art/visitors/tickets/index.php?lang=ru;2026-10-09T19:31:26.030884+00:00
pushkinmuseum.art;ГМИИ имени А. С. Пушкина;free_rules;"дети от 7 до 17 лет включительно; взрослые от 18 до 24 лет включительно (граждане РФ); держатели Менделеевской карты; обучающиеся по основным профессиональным образовательным программам вузов и ссузов РФ (студенты, аспиранты, адъюнкты, ординаторы, ассистенты-стажеры); взрослые от 60 лет и старше (граждане РФ)";постоянная экспозиция;;;каждый четверг;если день бесплатного посещения выпадает на праздничный день, бесплатное посещение не предусмотрено. Льгота не распространяется на комплексные входные билеты, чтобы воспользоваться правом бесплатного посещения, приобретайте отдельный входной билет в каждое здание;recurring_day;https://pushkinmuseum.art/visitors/tickets/index.php?lang=ru;2026-10-09T19:31:26.030884+00:00
victorymuseum.ru;Музей Г.О.Р.А.;tickets;Взрослые (без льгот);Музей Победы — входной билет: Залы Славы, Полководцев, Исторической правды, Лица Победы, Памяти и Скорби, Долгих, Единства, Школьный Музей Победы, балконы выставочной галереи;450;450;;"Доступно по Пушкинской карте; Купить билет";;https://victorymuseum.ru/for-visitors/prices/;2026-10-09T19:31:30.426466+00:00
victorymuseum.ru;Музей Г.О.Р.А.;tickets;Взрослые (без льгот);Музей Г.О.Р.А. — входной билет: посещение всех локаций филиала;400;400;;"Доступно по Пушкинской карте; Купить билет";;https://victorymuseum.ru/for-visitors/prices/;2026-10-09T19:31:30.426466+00:00
victorymuseum.ru;Музей Г.О.Р.А.;tickets;Взрослые (без льгот);Красногорский филиал — входной билет: посещение экспозиций и временных выставок;250;250;;"Доступно по Пушкинской карте; Купить билет";;https://victorymuseum.ru/for-visitors/prices/;2026-10-09T19:31:30.426466+00:00
victorymuseum.ru;Музей Г.О.Р.А.;tickets;Взрослые (без льгот);Ржевский филиал — входной билет: посещение мемориального комплекса;150;150;;"Доступно по Пушкинской карте; Купить билет";;https://victorymuseum.ru/for-visitors/prices/;2026-10-09T19:31:30.426466+00:00
victorymuseum.ru;Музей Г.О.Р.А.;tickets;Взрослые (без льгот);Филиал «Музей Г.К. Жукова» — входной билет: посещение постоянных и временных выставок и экспозиций;350;350;;"Доступно по Пушкинской карте; Купить билет";;https://victorymuseum.ru/for-visitors/prices/;2026-10-09T19:31:30.426466+00:00
victorymuseum.ru;Музей Г.О.Р.А.;tickets;Взрослые (без льгот);Дом Жукова — входной билет: посещение экспозиции «Дом Жукова»;200;200;;"Доступно по Пушкинской карте; Купить билет";;https://victorymuseum.ru/for-visitors/prices/;2026-10-09T19:31:30.426466+00:00
victorymuseum.ru;Музей Г.О.Р.А.;free_rules;Лица, не достигшие 7 - летнего возраста (вне зависимости от гражданства);Вход на постоянные и временные экспозиции, кроме экспозиций «Подвиг Народа» и «Битва за Москву. Первая Победа!»;;;постоянно;"Для получения бесплатного билета необходимо предъявить документ, подтверждающий право на льготу; кроме случаев, предусмотренных отдельным распоряжением руководства";always;https://victorymuseum.ru/for-visitors/prices/;2026-10-09T19:31:30.426466+00:00
victorymuseum.ru;Музей Г.О.Р.А.;free_rules;Герои Советского Союза, Герои Российской Федерации и полные кавалеры ордена Славы;Вход на постоянные и временные экспозиции, кроме экспозиций «Подвиг Народа» и «Битва за Москву. Первая Победа!»;;;постоянно;Для получения бесплатного билета необходимо предъявить документ, подтверждающий право на льготу;always;https://victorymuseum.ru/for-visitors/prices/;2026-10-09T19:31:30.426466+00:00
victorymuseum.ru;Музей Г.О.Р.А.;free_rules;Бывшие несовершеннолетние узники фашизма;Вход на постоянные и временные экспозиции, кроме экспозиций «Подвиг Народа» и «Битва за Москву. Первая Победа!»;;;постоянно;Для получения бесплатного билета необходимо предъявить документ, подтверждающий право на льготу;always;https://victorymuseum.ru/for-visitors/prices/;2026-10-09T19:31:30.426466+00:00
victorymuseum.ru;Музей Г.О.Р.А.;free_rules;Ветераны и инвалиды Великой Отечественной войны (Граждане Российской Федерации и СНГ);Вход на постоянные и временные экспозиции, кроме экспозиций «Подвиг Народа» и «Битва за Москву. Первая Победа!»;;;постоянно;Для получения бесплатного билета необходимо предъявить документ, подтверждающий право на льготу;always;https://victorymuseum.ru/for-visitors/prices/;2026-10-09T19:31:30.426466+00:00
victorymuseum.ru;Музей Г.О.Р.А.;free_rules;Дети-инвалиды (и лица, их сопровождающие в количестве 1 чел.);Вход на постоянные и временные экспозиции, кроме экспозиций «Подвиг Народа» и «Битва за Москву. Первая Победа!»;;;постоянно;"при наличии документа, подтверждающего право на сопровождение ребенка – инвалида; Для получения бесплатного билета необходимо предъявить документ, подтверждающий право на льготу";always;https://victorymuseum.ru/for-visitors/prices/;2026-10-09T19:31:30.426466+00:00
victorymuseum.ru;Музей Г.О.Р.А.;free_rules;Ветераны боевых действий;Вход на постоянные и временные экспозиции, кроме экспозиций «Подвиг Народа» и «Битва за Москву. Первая Победа!»;;;постоянно;Для получения бесплатного билета необходимо предъявить документ, подтверждающий право на льготу;always;https://victorymuseum.ru/for-visitors/prices/;2026-10-09T19:31:30.426466+00:00
victorymuseum.ru;Музей Г.О.Р.А.;free_rules;Многодетные семьи Российской Федерации;Вход на постоянные и временные экспозиции, кроме экспозиций «Подвиг Народа» и «Битва за Москву. Первая Победа!»;;;постоянно;Для получения бесплатного билета необходимо предъявить документ, подтверждающий право на льготу;always;https://victorymuseum.ru/for-visitors/prices/;2026-10-09T19:31:30.426466+00:00
victorymuseum.ru;Музей Г.О.Р.А.;free_rules;Сотрудники музеев Российской Федерации;Вход на постоянные и временные экспозиции, кроме экспозиций «Подвиг Народа» и «Битва за Москву. Первая Победа!»;;;постоянно;Для получения бесплатного билета необходимо предъявить документ, подтверждающий право на льготу;always;https://victorymuseum.ru/for-visitors/prices/;2026-10-09T19:31:30.426466+00:00
victorymuseum.ru;Музей Г.О.Р.А.;free_rules;Участники СВО и члены их семей (Участники специальной военной операции на территориях Украины, Донецкой Народной Республики и Луганской Народной Республики и члены их семей);Вход на постоянные и временные экспозиции, кроме экспозиций «Подвиг Народа» и «Битва за Москву. Первая Победа!»;;;постоянно;При себе необходимо иметь документ, подтверждающий право на льготу;always;https://victorymuseum.ru/for-visitors/prices/;2026-10-09T19:31:30.426466+00:00
victorymuseum.ru;Музей Г.О.Р.А.;free_rules;Лица предъявившие сертификат/подарочный абонемент/пригласительный или иной документ Музея Победы установленного образца;Вход на постоянные и временные экспозиции, кроме экспозиций «Подвиг Народа» и «Битва за Москву. Первая Победа!»;;;постоянно;Для получения бесплатного билета необходимо предъявить документ, подтверждающий право на льготу;always;https://victorymuseum.ru/for-visitors/prices/;2026-10-09T19:31:30.426466+00:00
victorymuseum.ru;Музей Г.О.Р.А.;free_rules;"Участники концерта ""Журавли Победы""";Вход на постоянные и временные экспозиции, кроме экспозиций «Подвиг Народа» и «Битва за Москву. Первая Победа!»;;;постоянно;Для получения бесплатного билета необходимо предъявить документ, подтверждающий право на льготу;always;https://victorymuseum.ru/for-visitors/prices/;2026-10-09T19:31:30.426466+00:00
victorymuseum.ru;Музей Г.О.Р.А.;free_rules;"Участники программы ""Урок Мужества""";Вход на постоянные и временные экспозиции, кроме экспозиций «Подвиг Народа» и «Битва за Москву. Первая Победа!»;;;постоянно;Для получения бесплатного билета необходимо предъявить документ, подтверждающий право на льготу;always;https://victorymuseum.ru/for-visitors/prices/;2026-10-09T19:31:30.426466+00:00
victorymuseum.ru;Музей Г.О.Р.А.;free_rules;Участники совместных мероприятий;Вход на постоянные и временные экспозиции, кроме экспозиций «Подвиг Народа» и «Битва за Москву. Первая Победа!»;;;постоянно;Для получения бесплатного билета необходимо предъявить документ, подтверждающий право на льготу;always;https://victorymuseum.ru/for-visitors/prices/;2026-10-09T19:31:30.426466+00:00
victorymuseum.ru;Музей Г.О.Р.А.;free_rules;Лица, не достигшие 18 - летнего возраста;бесплатный вход на экспозиции и экскурсионное обслуживание;;;Последний четверг каждого месяца;"Дни бесплатных посещений в музее; для следующих категорий граждан";recurring_day;https://victorymuseum.ru/for-visitors/prices/;2026-10-09T19:31:30.426466+00:00
victorymuseum.ru;Музей Г.О.Р.А.;free_rules;Инвалиды I и II группы и лица, их сопровождающие в количестве 1 чел. (граждане Российской Федерации);бесплатный вход на экспозиции и экскурсионное обслуживание;;;Последний четверг каждого месяца;"Дни бесплатных посещений в музее; для следующих категорий граждан";recurring_day;https://victorymuseum.ru/for-visitors/prices/;2026-10-09T19:31:30.426466+00:00
victorymuseum.ru;Музей Г.О.Р.А.;free_rules;Участники СВО (участники специальной военной операции на территориях Украины, Донецкой Народной Республики и Луганской Народной Республики);бесплатный вход на экспозиции и экскурсионное обслуживание;;;Последний четверг каждого месяца;"Дни бесплатных посещений в музее; для следующих категорий граждан";recurring_day;https://victorymuseum.ru/for-visitors/prices/;2026-10-09T19:31:30.426466+00:00
victorymuseum.ru;Музей Г.О.Р.А.;free_rules;Члены семей участников СВО;бесплатный вход на экспозиции и экскурсионное обслуживание;;;Последний четверг каждого месяца;"Дни бесплатных посещений в музее; для следующих категорий граждан";recurring_day;https://victorymuseum.ru/for-visitors/prices/;2026-10-09T19:31:30.426466+00:00
victorymuseum.ru;Музей Г.О.Р.А.;free_rules;Воспитанники Суворовских военных, Нахимовских военно-морских училищ, кадеты;бесплатный вход на экспозиции и экскурсионное обслуживание;;;Каждый четверг, 1 раз в неделю;Вход в музей осуществляется строго по билетам;recurring_day;https://victorymuseum.ru/for-visitors/prices/;2026-10-09T19:31:30.426466+00:00
scriabinmuseum.ru;Мемориальный музей А. Н. Скрябина;tickets;Взрослые;"Входной билет на постоянную экспозицию (ГБУК г. Москвы ""Мемориальный музей А.Н.Скрябина"")";500 руб.;500;;;;https://scriabinmuseum.ru/wp-content/uploads/2025/10/Прейскурант-с-01.10.2025-2.pdf;2026-10-09T19:31:28.082987+00:00
scriabinmuseum.ru;Мемориальный музей А. Н. Скрябина;tickets;"Аккредитованные экскурсоводы (гиды); Гиды-переводчики";"Входной билет на постоянную экспозицию (ГБУК г. Москвы ""Мемориальный музей А.Н.Скрябина"")";бесплатно;0;;;;https://scriabinmuseum.ru/wp-content/uploads/2025/10/Прейскурант-с-01.10.2025-2.pdf;2026-10-09T19:31:28.082987+00:00
scriabinmuseum.ru;Мемориальный музей А. Н. Скрябина;tickets;Взрослые;Экскурсионное обслуживание при наличии билета на постоянную экспозицию (45 минут), на русском языке, группы от 1 до 3 человек;1500 руб.;1500;;"при наличии билета на постоянную экспозицию; группы от 1 до 3 человек; на русском языке";;https://scriabinmuseum.ru/wp-content/uploads/2025/10/Прейскурант-с-01.10.2025-2.pdf;2026-10-09T19:31:28.082987+00:00
scriabinmuseum.ru;Мемориальный музей А. Н. Скрябина;tickets;Взрослые;Экскурсионное обслуживание при наличии билета на постоянную экспозицию (45 минут), на русском языке, группы от 3 до 15 человек;500 руб. х кол-во человек;;;"при наличии билета на постоянную экспозицию; группы от 3 до 15 человек; на русском языке";;https://scriabinmuseum.ru/wp-content/uploads/2025/10/Прейскурант-с-01.10.2025-2.pdf;2026-10-09T19:31:28.082987+00:00
scriabinmuseum.ru;Мемориальный музей А. Н. Скрябина;tickets;Взрослые;Экскурсионное обслуживание при наличии билета на постоянную экспозицию (45 минут), на английском языке, группы от 1 до 3 человек;2400 руб.;2400;;"при наличии билета на постоянную экспозицию; группы от 1 до 3 человек; на английском языке";;https://scriabinmuseum.ru/wp-content/uploads/2025/10/Прейскурант-с-01.10.2025-2.pdf;2026-10-09T19:31:28.082987+00:00
scriabinmuseum.ru;Мемориальный музей А. Н. Скрябина;tickets;Взрослые;Экскурсионное обслуживание при наличии билета на постоянную экспозицию (45 минут), на английском языке, группы от 3 до 15 человек;800 руб. х кол-во человек;;;"при наличии билета на постоянную экспозицию; группы от 3 до 15 человек; на английском языке";;https://scriabinmuseum.ru/wp-content/uploads/2025/10/Прейскурант-с-01.10.2025-2.pdf;2026-10-09T19:31:28.082987+00:00
scriabinmuseum.ru;Мемориальный музей А. Н. Скрябина;tickets;Дошкольники, школьники, студенты;Экскурсионное обслуживание при наличии билета на постоянную экспозицию (45 минут), группы от 3 до 15 человек;400 руб. х кол-во человек;;;"при наличии билета на постоянную экспозицию; группы от 3 до 15 человек";;https://scriabinmuseum.ru/wp-content/uploads/2025/10/Прейскурант-с-01.10.2025-2.pdf;2026-10-09T19:31:28.082987+00:00
scriabinmuseum.ru;Мемориальный музей А. Н. Скрябина;tickets;Инвалиды;Экскурсионное обслуживание при наличии билета на постоянную экспозицию (45 минут), группы до 15 человек;2000 руб.;2000;;"при наличии билета на постоянную экспозицию; группы до 15 человек";;https://scriabinmuseum.ru/wp-content/uploads/2025/10/Прейскурант-с-01.10.2025-2.pdf;2026-10-09T19:31:28.082987+00:00
scriabinmuseum.ru;Мемориальный музей А. Н. Скрябина;tickets;Все категории посетителей;Входной билет на временные выставки;100-200 руб.;;;;;https://scriabinmuseum.ru/wp-content/uploads/2025/10/Прейскурант-с-01.10.2025-2.pdf;2026-10-09T19:31:28.082987+00:00
scriabinmuseum.ru;Мемориальный музей А. Н. Скрябина;tickets;Взрослые (1,5 часа);Лекционное обслуживание (45 минут);800 руб.;800;;1,5 часа;;https://scriabinmuseum.ru/wp-content/uploads/2025/10/Прейскурант-с-01.10.2025-2.pdf;2026-10-09T19:31:28.082987+00:00
scriabinmuseum.ru;Мемориальный музей А. Н. Скрябина;tickets;Дошкольники, школьники, студенты (45 минут);Лекционное обслуживание (45 минут);500 руб. х кол-во человек;;;45 минут;;https://scriabinmuseum.ru/wp-content/uploads/2025/10/Прейскурант-с-01.10.2025-2.pdf;2026-10-09T19:31:28.082987+00:00
scriabinmuseum.ru;Мемориальный музей А. Н. Скрябина;tickets;Выездные лекции для школьников (45 минут);Лекционное обслуживание (45 минут);500 руб. х кол-во человек;;;45 минут;;https://scriabinmuseum.ru/wp-content/uploads/2025/10/Прейскурант-с-01.10.2025-2.pdf;2026-10-09T19:31:28.082987+00:00
scriabinmuseum.ru;Мемориальный музей А. Н. Скрябина;tickets;Дошкольники, школьники;Тематическая экскурсия для детей при наличии билета на постоянную экспозицию (45 минут), группы от 3 до 15 человек;500 руб. х кол-во человек;;;"при наличии билета на постоянную экспозицию; группы от 3 до 15 человек";;https://scriabinmuseum.ru/wp-content/uploads/2025/10/Прейскурант-с-01.10.2025-2.pdf;2026-10-09T19:31:28.082987+00:00
scriabinmuseum.ru;Мемориальный музей А. Н. Скрябина;tickets;Взрослые (1,5 часа);Авторская экскурсия при наличии билета на постоянную экспозицию, группы от 3 до 15 человек;800 руб. х кол-во человек;;;"при наличии билета на постоянную экспозицию; группы от 3 до 15 человек; 1,5 часа";;https://scriabinmuseum.ru/wp-content/uploads/2025/10/Прейскурант-с-01.10.2025-2.pdf;2026-10-09T19:31:28.082987+00:00
scriabinmuseum.ru;Мемориальный музей А. Н. Скрябина;tickets;Дошкольники, школьники, студенты (45 минут);Авторская экскурсия при наличии билета на постоянную экспозицию;500 руб. х кол-во человек;;;"при наличии билета на постоянную экспозицию; 45 минут";;https://scriabinmuseum.ru/wp-content/uploads/2025/10/Прейскурант-с-01.10.2025-2.pdf;2026-10-09T19:31:28.082987+00:00
scriabinmuseum.ru;Мемориальный музей А. Н. Скрябина;tickets;Все категории посетителей;Экспресс-экскурсия по временной выставке при наличии билета на постоянную экспозицию (20 минут);250 руб.;250;;"при наличии билета на постоянную экспозицию; 20 минут";;https://scriabinmuseum.ru/wp-content/uploads/2025/10/Прейскурант-с-01.10.2025-2.pdf;2026-10-09T19:31:28.082987+00:00
scriabinmuseum.ru;Мемориальный музей А. Н. Скрябина;tickets;Все категории посетителей;Пешеходная экскурсия (1,5 часа), на русском языке, группа от 5 до 20 человек;700 руб. х кол-во человек (от 3500 руб.);;;"группа от 5 до 20 человек; на русском языке; 1,5 часа";;https://scriabinmuseum.ru/wp-content/uploads/2025/10/Прейскурант-с-01.10.2025-2.pdf;2026-10-09T19:31:28.082987+00:00
scriabinmuseum.ru;Мемориальный музей А. Н. Скрябина;tickets;Все категории посетителей;Пешеходная экскурсия (1,5 часа), на английском языке, группа от 5 до 20 человек;1500. х кол-во человек (от 6500 руб.);;;"группа от 5 до 20 человек; на английском языке; 1,5 часа";;https://scriabinmuseum.ru/wp-content/uploads/2025/10/Прейскурант-с-01.10.2025-2.pdf;2026-10-09T19:31:28.082987+00:00
scriabinmuseum.ru;Мемориальный музей А. Н. Скрябина;tickets;Все категории посетителей;Билет на концертное мероприятие, концертные программы музыкальных образовательных учреждений;от 400 руб. до 700 руб.;;;;;https://scriabinmuseum.ru/wp-content/uploads/2025/10/Прейскурант-с-01.10.2025-2.pdf;2026-10-09T19:31:28.082987+00:00
scriabinmuseum.ru;Мемориальный музей А. Н. Скрябина;tickets;Все категории посетителей;Билет на концертное мероприятие, концертные программы солистов и музыкальных коллективов;от 500 руб. до 900 руб.;;;;;https://scriabinmuseum.ru/wp-content/uploads/2025/10/Прейскурант-с-01.10.2025-2.pdf;2026-10-09T19:31:28.082987+00:00
scriabinmuseum.ru;Мемориальный музей А. Н. Скрябина;tickets;Взрослые;"Входной билет на постоянную экспозицию (отдел ""Музей русской гармоники А.Мирека"")";500 руб.;500;;;;https://scriabinmuseum.ru/wp-content/uploads/2025/10/Прейскурант-с-01.10.2025-2.pdf;2026-10-09T19:31:28.082987+00:00
scriabinmuseum.ru;Мемориальный музей А. Н. Скрябина;tickets;Для всех категорий посетителей;"Обзорная экскурсия (45 минут) при наличии билета на постоянную экспозицию (отдел ""Музей русской гармоники А.Мирека""), группы от 3 до 15 человек";350 руб. х кол-во человек;;;"при наличии билета на постоянную экспозицию; группы от 3 до 15 человек; 45 минут";;https://scriabinmuseum.ru/wp-content/uploads/2025/10/Прейскурант-с-01.10.2025-2.pdf;2026-10-09T19:31:28.082987+00:00
scriabinmuseum.ru;Мемориальный музей А. Н. Скрябина;tickets;Дошкольники, школьники, студенты, инвалиды, пенсионеры;"""Тальяночка рассказывает"" Костюмированная музыкальная экскурсия (1 час) при наличии билета на постоянную экспозицию (отдел ""Музей русской гармоники А.Мирека""), группы от 1 до 3 человек";1200 руб.;1200;;"при наличии билета на постоянную экспозицию; группы от 1 до 3 человек; 1 час";;https://scriabinmuseum.ru/wp-content/uploads/2025/10/Прейскурант-с-01.10.2025-2.pdf;2026-10-09T19:31:28.082987+00:00
scriabinmuseum.ru;Мемориальный музей А. Н. Скрябина;tickets;Дошкольники, школьники, студенты, инвалиды, пенсионеры;"""Тальяночка рассказывает"" Костюмированная музыкальная экскурсия (1 час) при наличии билета на постоянную экспозицию (отдел ""Музей русской гармоники А.Мирека""), группы от 3 до 15 человек";400 руб. х кол-во человек;;;"при наличии билета на постоянную экспозицию; группы от 3 до 15 человек; 1 час";;https://scriabinmuseum.ru/wp-content/uploads/2025/10/Прейскурант-с-01.10.2025-2.pdf;2026-10-09T19:31:28.082987+00:00
scriabinmuseum.ru;Мемориальный музей А. Н. Скрябина;tickets;Все категории посетителей;"""Конфетки-бараночки"" Интерактивная, развлекательная экскурсия и мастер-классом по игре на гармониках (1час 30 минут), группы от 1 до 3 человек";4500 руб.;4500;;"группы от 1 до 3 человек; 1час 30 минут; максимальная группа – 30 человек + 2 сопровождающих";;https://scriabinmuseum.ru/wp-content/uploads/2025/10/Прейскурант-с-01.10.2025-2.pdf;2026-10-09T19:31:28.082987+00:00
scriabinmuseum.ru;Мемориальный музей А. Н. Скрябина;tickets;Все категории посетителей;"""Путешествие музыкальной планочки"" Экскурсия для детей 4-6лет (45 минут), группы от 3 до 15 человек";500 руб. х кол-во человек;;;"группы от 3 до 15 человек; 45 минут";;https://scriabinmuseum.ru/wp-content/uploads/2025/10/Прейскурант-с-01.10.2025-2.pdf;2026-10-09T19:31:28.082987+00:00
scriabinmuseum.ru;Мемориальный музей А. Н. Скрябина;tickets;Все категории посетителей;"""Музыкальный чай"" Музыкальная программа с чаепитием и сладким угощением (1 час), группы от 1 до 3 человек";600 руб.;600;;"группы от 1 до 3 человек; 1 час";;https://scriabinmuseum.ru/wp-content/uploads/2025/10/Прейскурант-с-01.10.2025-2.pdf;2026-10-09T19:31:28.082987+00:00
scriabinmuseum.ru;Мемориальный музей А. Н. Скрябина;tickets;Все категории посетителей;"""Фестиваль музыкальных язычков"" Музыкальная игровая экскурсия-викторина для младших школьников (без чаепития, 1 час), группы от 3 до 15 человек";500 руб. х кол-во человек;;;"группы от 3 до 15 человек; без чаепития; 1 час";;https://scriabinmuseum.ru/wp-content/uploads/2025/10/Прейскурант-с-01.10.2025-2.pdf;2026-10-09T19:31:28.082987+00:00
scriabinmuseum.ru;Мемориальный музей А. Н. Скрябина;tickets;Все категории посетителей;"Лекционное обслуживание (45 минут), билет (отдел ""Музей русской гармоники А.Мирека"")";300 руб.;300;;45 минут;;https://scriabinmuseum.ru/wp-content/uploads/2025/10/Прейскурант-с-01.10.2025-2.pdf;2026-10-09T19:31:28.082987+00:00
scriabinmuseum.ru;Мемориальный музей А. Н. Скрябина;tickets;Дошкольники, школьники, студенты, инвалиды;"Лекционное обслуживание (45 минут), билет (отдел ""Музей русской гармоники А.Мирека"")";200 руб.;200;;45 минут;;https://scriabinmuseum.ru/wp-content/uploads/2025/10/Прейскурант-с-01.10.2025-2.pdf;2026-10-09T19:31:28.082987+00:00
scriabinmuseum.ru;Мемориальный музей А. Н. Скрябина;tickets;Все категории посетителей;"Билет на концертное мероприятие (отдел ""Музей русской гармоники А.Мирека"")";500 руб.;500;;;;https://scriabinmuseum.ru/wp-content/uploads/2025/10/Прейскурант-с-01.10.2025-2.pdf;2026-10-09T19:31:28.082987+00:00
scriabinmuseum.ru;Мемориальный музей А. Н. Скрябина;tickets;Дошкольники, школьники, студенты, инвалиды;"Билет на концертное мероприятие (отдел ""Музей русской гармоники А.Мирека"")";300 руб.;300;;;;https://scriabinmuseum.ru/wp-content/uploads/2025/10/Прейскурант-с-01.10.2025-2.pdf;2026-10-09T19:31:28.082987+00:00
scriabinmuseum.ru;Мемориальный музей А. Н. Скрябина;tickets;Все категории;Выездные мероприятия, Игровая музыкальная программа (1,5 часа), 30-50 человек;35 000 руб.;35000;;"30-50 человек; 1,5 часа";;https://scriabinmuseum.ru/wp-content/uploads/2025/10/Прейскурант-с-01.10.2025-2.pdf;2026-10-09T19:31:28.082987+00:00
scriabinmuseum.ru;Мемориальный музей А. Н. Скрябина;tickets;Все категории;Выездные мероприятия, Игровая музыкальная программа (1,5 часа), 50-100 человек;45 000 руб.;45000;;"50-100 человек; 1,5 часа";;https://scriabinmuseum.ru/wp-content/uploads/2025/10/Прейскурант-с-01.10.2025-2.pdf;2026-10-09T19:31:28.082987+00:00
scriabinmuseum.ru;Мемориальный музей А. Н. Скрябина;free_rules;многодетные семьи, дети в возрасте от 7 до 18 лет и обучающиеся по основным профессиональным образовательным программам;бесплатное посещение экспозиций музея;;;один раз в месяц, среда каждой третьей недели месяца;;recurring_day;https://scriabinmuseum.ru/wp-content/uploads/2021/04/free-visit.pdf;2026-10-09T19:31:28.082987+00:00
scriabinmuseum.ru;Мемориальный музей А. Н. Скрябина;free_rules;"Участники и инвалиды Великой Отечественной войны; лица, награжденные знаком ""Жителю блокадного Ленинграда""; Герои Советского Союза; Герои Российской Федерации; полные кавалеры ордена Славы; неработающие инвалиды I-II групп; военнослужащие, проходящие военную службу по призыву; ветераны боевых действий; дети-сироты и дети, оставшиеся без попечения родителей; обучающиеся и студенты из числа детей-сирот и детей без попечения родителей; дети-инвалиды; престарелые граждане, находящиеся в домах-интернатах для инвалидов и престарелых; дети в возрасте до 7 лет (не достигшие семилетнего возраста); иностранные студенты обладатели карт ISIC; сотрудники музеев РФ и члены ICOM; члены Союза журналистов Москвы в ходе выполнения ими профессиональной деятельности; члены творческих союзов (Союз художников России, Московский Союз художников, Санкт-Петербургский Союз художников, Союз дизайнеров России, Союз архитекторов России); обучающиеся (получающие среднее общее образование или среднее профессиональное образование по очной форме обучения в государственных образовательных организациях, подведомственных органам исполнительной власти города Москвы, муниципальных образовательных организациях, обучающимся, получающим среднее общее образование по очной форме обучения в частных образовательных организациях, осуществляющих образовательную деятельность на территории города Москвы) и сопровождающие их лица (группа от 8 до 10 обучающихся – один сопровождающий, свыше 11 обучающихся – два сопровождающих); семьи с тремя и более детьми до достижения младшим ребенком возраста 16 лет (учащимся в образовательных учреждениях, реализующих общеобразовательные программы, – 18 лет)";право бесплатного посещения музея;;;постоянно;Перед посещением экспозиции, предъявите на кассе музея удостоверение, подтверждающее льготу.;always;https://scriabinmuseum.ru/pages/services-list/;2026-10-09T19:31:28.082987+00:00
mosmuseum.ru;Музей Москвы и филиалы;free_rules;Все посетители;Экспозиции Музея Москвы и филиалов в рамках Московской музейной недели;;;"13 января, вторник; 10 февраля, вторник; 10 марта, вторник; 14 апреля, вторник; 12 мая, вторник; 16 июня, вторник; 14 июля, вторник; 11 августа, вторник; 15 сентября, вторник; 13 октября, вторник; 10 ноября, вторник; 15 декабря, вторник";Бесплатные билеты можно оформить только онлайн на портале mos.ru, для регистрации у вас должен быть стандартный или полный доступ к Личному кабинету;recurring_day;https://mosmuseum.ru/visitors/tikets/free/;2026-10-09T19:41:09.203721+00:00
mosmuseum.ru;Музей Москвы и филиалы;free_rules;Учащиеся школ, подведомственных Департаменту образования города Москвы;Вход в музей;;;При предъявлении идентификатора информационной системы «Москвенок» или социальной карты москвича для учащихся;При предъявлении идентификатора информационной системы «Москвенок» или социальной карты москвича для учащихся;benefit;https://mosmuseum.ru/visitors/tikets/free/;2026-10-09T19:41:09.203721+00:00
mosmuseum.ru;Музей Москвы и филиалы;free_rules;"Ветераны и инвалиды Великой Отечественной войны; Ветераны боевых действий; Лица, награжденные знаком «Жителю блокадного Ленинграда»; Герои Российской Федерации, герои СССР и полные кавалеры Ордена Славы; Военнослужащие, проходящие военную службу по призыву; Граждане, пребывающие в добровольческих формированиях, принимавших участие в специальной военной операции (в том числе призванные по мобилизации) и члены их семей; Дети, не достигшие 7 лет; Дети с инвалидностью; Дети-сироты и дети, оставшиеся без попечения родителей; Многодетные семьи до достижения младшим ребенком 16 лет; Лица с инвалидностью I и II группы; Сопровождающие инвалида I группы или ребенка-инвалида; Обучающиеся, получающие среднее общее или среднее профессиональное образование по очной форме обучения в государственных и частных образовательных организациях в городе Москве (по Социальной карте москвича или карте «Москвенок»); Сопровождающие лица организованных групп обучающихся в образовательных организациях среднего общего или среднего профессионального образования города Москвы; Обучающиеся и студенты из числа детей-сирот и детей, оставшихся без попечения родителей; Сотрудники музеев РФ; Члены Международного комитета музеев ICOM; Члены Союза журналистов Москвы в ходе выполнения ими профессиональной деятельности; Держатели карты музейного волонтера «Спутник»";Выставки и лекции;;;Постоянно;Граждане с правом бесплатного посещения выставок и лекций;benefit;https://mosmuseum.ru/visitors/tikets/;2026-10-09T19:41:09.203721+00:00
tsaritsyno-museum.ru;Ансамбль усадьбы Царицыно, Большой дворец;tickets;Взрослые (полный билет);Большой дворец и Хлебный дом;900 руб.;900;;Билеты можно приобрести в кассах музея, а также онлайн – на сайте музея-заповедника.;;https://tsaritsyno-museum.ru/the_museum/prices-and-benefits/;2026-10-09T19:31:30.403154+00:00
tsaritsyno-museum.ru;Ансамбль усадьбы Царицыно, Большой дворец;tickets;Льготные категории посетителей (*);Большой дворец и Хлебный дом;540 руб.;540;;*Льготные категории посетителей;;https://tsaritsyno-museum.ru/the_museum/prices-and-benefits/;2026-10-09T19:31:30.403154+00:00
tsaritsyno-museum.ru;Ансамбль усадьбы Царицыно, Большой дворец;tickets;Студенты, обучающиеся по очной форме обучения, в образовательных учреждениях РФ по программам среднего и высшего профессионального образования (**);Большой дворец и Хлебный дом;630 руб.;630;;**Студенты, обучающиеся по очной форме обучения, в образовательных учреждениях РФ по программам среднего и высшего профессионального образования;;https://tsaritsyno-museum.ru/the_museum/prices-and-benefits/;2026-10-09T19:31:30.403154+00:00
tsaritsyno-museum.ru;Ансамбль усадьбы Царицыно, Большой дворец;tickets;Взрослые (полный билет);Третий Кавалерский корпус;180 руб.;180;;Билеты можно приобрести в кассах музея, а также онлайн – на сайте музея-заповедника.;;https://tsaritsyno-museum.ru/the_museum/prices-and-benefits/;2026-10-09T19:31:30.403154+00:00
tsaritsyno-museum.ru;Ансамбль усадьбы Царицыно, Большой дворец;tickets;Льготные категории посетителей (*);Третий Кавалерский корпус;125 руб.;125;;*Льготные категории посетителей;;https://tsaritsyno-museum.ru/the_museum/prices-and-benefits/;2026-10-09T19:31:30.403154+00:00
tsaritsyno-museum.ru;Ансамбль усадьбы Царицыно, Большой дворец;tickets;Студенты, обучающиеся по очной форме обучения, в образовательных учреждениях РФ по программам среднего и высшего профессионального образования (**);Третий Кавалерский корпус;140 руб.;140;;**Студенты, обучающиеся по очной форме обучения, в образовательных учреждениях РФ по программам среднего и высшего профессионального образования;;https://tsaritsyno-museum.ru/the_museum/prices-and-benefits/;2026-10-09T19:31:30.403154+00:00
tsaritsyno-museum.ru;Ансамбль усадьбы Царицыно, Большой дворец;tickets;Взрослые (полный билет);Средний дворец (Оперный дом);150 руб.;150;;Билеты можно приобрести в кассах музея, а также онлайн – на сайте музея-заповедника.;;https://tsaritsyno-museum.ru/the_museum/prices-and-benefits/;2026-10-09T19:31:30.403154+00:00
tsaritsyno-museum.ru;Ансамбль усадьбы Царицыно, Большой дворец;tickets;Льготные категории посетителей (*);Средний дворец (Оперный дом);100 руб.;100;;*Льготные категории посетителей;;https://tsaritsyno-museum.ru/the_museum/prices-and-benefits/;2026-10-09T19:31:30.403154+00:00
tsaritsyno-museum.ru;Ансамбль усадьбы Царицыно, Большой дворец;tickets;Студенты, обучающиеся по очной форме обучения, в образовательных учреждениях РФ по программам среднего и высшего профессионального образования (**);Средний дворец (Оперный дом);120 руб.;120;;**Студенты, обучающиеся по очной форме обучения, в образовательных учреждениях РФ по программам среднего и высшего профессионального образования;;https://tsaritsyno-museum.ru/the_museum/prices-and-benefits/;2026-10-09T19:31:30.403154+00:00
tsaritsyno-museum.ru;Ансамбль усадьбы Царицыно, Большой дворец;tickets;Взрослые (полный билет);Оранжерейный комплекс (Первый и Второй оранжерейный корпуса);250 руб.;250;;Билеты можно приобрести в кассах музея, а также онлайн – на сайте музея-заповедника.;;https://tsaritsyno-museum.ru/the_museum/prices-and-benefits/;2026-10-09T19:31:30.403154+00:00
tsaritsyno-museum.ru;Ансамбль усадьбы Царицыно, Большой дворец;tickets;Льготные категории посетителей (*);Оранжерейный комплекс (Первый и Второй оранжерейный корпуса);150 руб.;150;;*Льготные категории посетителей;;https://tsaritsyno-museum.ru/the_museum/prices-and-benefits/;2026-10-09T19:31:30.403154+00:00
tsaritsyno-museum.ru;Ансамбль усадьбы Царицыно, Большой дворец;tickets;Студенты, обучающиеся по очной форме обучения, в образовательных учреждениях РФ по программам среднего и высшего профессионального образования (**);Оранжерейный комплекс (Первый и Второй оранжерейный корпуса);175 руб.;175;;**Студенты, обучающиеся по очной форме обучения, в образовательных учреждениях РФ по программам среднего и высшего профессионального образования;;https://tsaritsyno-museum.ru/the_museum/prices-and-benefits/;2026-10-09T19:31:30.403154+00:00
tsaritsyno-museum.ru;Ансамбль усадьбы Царицыно, Большой дворец;tickets;Льготные категории посетителей (*);Комплексный билет на 6 посещений;610 руб.;610;;*Льготные категории посетителей. Билет действует в течение месяца. Каждое здание по этому билету можно посетить только один раз.;;https://tsaritsyno-museum.ru/the_museum/prices-and-benefits/;2026-10-09T19:31:30.403154+00:00
tsaritsyno-museum.ru;Ансамбль усадьбы Царицыно, Большой дворец;tickets;Студенты, обучающиеся по очной форме обучения, в образовательных учреждениях РФ по программам среднего и высшего профессионального образования (**);Комплексный билет на 6 посещений;730 руб.;730;;**Студенты, обучающиеся по очной форме обучения, в образовательных учреждениях РФ по программам среднего и высшего профессионального образования. Билет действует в течение месяца.;;https://tsaritsyno-museum.ru/the_museum/prices-and-benefits/;2026-10-09T19:31:30.403154+00:00
tsaritsyno-museum.ru;Ансамбль усадьбы Царицыно, Большой дворец;tickets;Льготные категории посетителей (*);Комплексный билет на 5 посещений;550 руб.;550;;*Льготные категории посетителей. Билет действует в течение месяца.;;https://tsaritsyno-museum.ru/the_museum/prices-and-benefits/;2026-10-09T19:31:30.403154+00:00
tsaritsyno-museum.ru;Ансамбль усадьбы Царицыно, Большой дворец;tickets;Студенты, обучающиеся по очной форме обучения, в образовательных учреждениях РФ по программам среднего и высшего профессионального образования (**);Комплексный билет на 5 посещений;660 руб.;660;;**Студенты, обучающиеся по очной форме обучения, в образовательных учреждениях РФ по программам среднего и высшего профессионального образования. Билет действует в течение месяца.;;https://tsaritsyno-museum.ru/the_museum/prices-and-benefits/;2026-10-09T19:31:30.403154+00:00
tsaritsyno-museum.ru;Ансамбль усадьбы Царицыно, Большой дворец;tickets;Льготные категории посетителей (*);Комплексный билет на 4 посещения (Большой дворец, Хлебный дом, Средний дворец, Третий кавалерский корпус);490 руб.;490;;*Льготные категории посетителей. Билет действует в течение месяца.;;https://tsaritsyno-museum.ru/the_museum/prices-and-benefits/;2026-10-09T19:31:30.403154+00:00
tsaritsyno-museum.ru;Ансамбль усадьбы Царицыно, Большой дворец;tickets;Студенты, обучающиеся по очной форме обучения, в образовательных учреждениях РФ по программам среднего и высшего профессионального образования (**);Комплексный билет на 4 посещения (Большой дворец, Хлебный дом, Средний дворец, Третий кавалерский корпус);585 руб.;585;;**Студенты, обучающиеся по очной форме обучения, в образовательных учреждениях РФ по программам среднего и высшего профессионального образования. Билет действует в течение месяца.;;https://tsaritsyno-museum.ru/the_museum/prices-and-benefits/;2026-10-09T19:31:30.403154+00:00
tsaritsyno-museum.ru;Ансамбль усадьбы Царицыно, Большой дворец;tickets;Льготные категории посетителей (*);Комплексный билет на 4 посещения (Большой дворец, Хлебный дом, Первый и Второй оранжерейные корпуса);480 руб.;480;;*Льготные категории посетителей. Билет действует в течение месяца.;;https://tsaritsyno-museum.ru/the_museum/prices-and-benefits/;2026-10-09T19:31:30.403154+00:00
tsaritsyno-museum.ru;Ансамбль усадьбы Царицыно, Большой дворец;tickets;Студенты, обучающиеся по очной форме обучения, в образовательных учреждениях РФ по программам среднего и высшего профессионального образования (**);Комплексный билет на 4 посещения (Большой дворец, Хлебный дом, Первый и Второй оранжерейные корпуса);575 руб.;575;;**Студенты, обучающиеся по очной форме обучения, в образовательных учреждениях РФ по программам среднего и высшего профессионального образования. Билет действует в течение месяца.;;https://tsaritsyno-museum.ru/the_museum/prices-and-benefits/;2026-10-09T19:31:30.403154+00:00
tsaritsyno-museum.ru;Ансамбль усадьбы Царицыно, Большой дворец;tickets;Льготные категории посетителей (*);Комплексный билет на 3 посещения (Большой дворец, Хлебный дом и Средний дворец);420 руб.;420;;*Льготные категории посетителей. Билет действует в течение месяца.;;https://tsaritsyno-museum.ru/the_museum/prices-and-benefits/;2026-10-09T19:31:30.403154+00:00
tsaritsyno-museum.ru;Ансамбль усадьбы Царицыно, Большой дворец;tickets;Студенты, обучающиеся по очной форме обучения, в образовательных учреждениях РФ по программам среднего и высшего профессионального образования (**);Комплексный билет на 3 посещения (Большой дворец, Хлебный дом и Средний дворец);500 руб.;500;;**Студенты, обучающиеся по очной форме обучения, в образовательных учреждениях РФ по программам среднего и высшего профессионального образования. Билет действует в течение месяца.;;https://tsaritsyno-museum.ru/the_museum/prices-and-benefits/;2026-10-09T19:31:30.403154+00:00
tsaritsyno-museum.ru;Ансамбль усадьбы Царицыно, Большой дворец;tickets;Льготные категории посетителей (*);Комплексный билет на 3 посещения (Большой дворец, Хлебный дом и Третий Кавалерский корпус);430 руб.;430;;*Льготные категории посетителей. Билет действует в течение месяца.;;https://tsaritsyno-museum.ru/the_museum/prices-and-benefits/;2026-10-09T19:31:30.403154+00:00
tsaritsyno-museum.ru;Ансамбль усадьбы Царицыно, Большой дворец;tickets;Студенты, обучающиеся по очной форме обучения, в образовательных учреждениях РФ по программам среднего и высшего профессионального образования (**);Комплексный билет на 3 посещения (Большой дворец, Хлебный дом и Третий Кавалерский корпус);515 руб.;515;;**Студенты, обучающиеся по очной форме обучения, в образовательных учреждениях РФ по программам среднего и высшего профессионального образования. Билет действует в течение месяца.;;https://tsaritsyno-museum.ru/the_museum/prices-and-benefits/;2026-10-09T19:31:30.403154+00:00
tsaritsyno-museum.ru;Ансамбль усадьбы Царицыно, Большой дворец;free_rules;"ветераны Великой Отечественной войны, являющиеся гражданами РФ; Герои Советского Союза, Герои Российской Федерации, полные кавалеры ордена Славы; инвалиды I и II группы, являющиеся гражданами РФ; лица, награжденные знаком «Жители блокадного Ленинграда»; ветераны боевых действий; Участники СВО (при предъявлении справки об участии в СВО и документа, подтверждающего личность), члены семей участника СВО (при предъявлении справки об участии в СВО и документа, подтверждающего родство с участником СВО: свидетельство о браке/свидетельство о рождении/документ, подтверждающий усыновление или опеку); военнослужащие, проходящие военную службу по призыву; граждане РФ, подвергшиеся воздействию радиации вследствие катастрофы на Чернобыльской АЭС; дети-сироты и дети, оставшиеся без попечения родителей, являющиеся гражданами РФ; дети-инвалиды до 23 лет включительно, являющиеся гражданами РФ; престарелые граждане, находящиеся в домах-интернатах для инвалидов и престарелых, являющиеся гражданами РФ; дети в возрасте до 7 лет (не достигшие 7-летнего возраста); семьи (граждане РФ) с тремя и более детьми до достижения старшим ребенком возраста 18 лет или возраста 23 года при условии его обучения в образовательном учреждении по очной форме; студенты-обладатели международного студенческого удостоверения ISIC (карта ISIC); члены Союза журналистов Москвы в ходе выполнения ими профессиональной деятельности по заявке на аккредитацию; работники музеев РФ и членов ИКОМ; волонтеры-держатели карты «СПУТНИК»; участники проекта «Активный гражданин» (в рамках поощрения программы «Миллион призов» путем обмена баллов на билет); лица, сопровождающие посетителей льготной категории с правом бесплатного посещения: 1 человек, сопровождающий 1 ребенка-инвалида; лица, сопровождающие посетителей льготной категории с правом бесплатного посещения: 1 человек, сопровождающий 1 посетителя льготных категорий (инвалиды I, II гр. – слепоглухие, тотально слепые, передвигающиеся на коляске); лица, сопровождающие посетителей льготной категории с правом бесплатного посещения: 1 переводчик жестового языка, сопровождающий 1 посетителя льготных категорий (инвалиды I, II гр. – глухие)";Музей-заповедник «Царицыно»;;;Бесплатное посещение для следующих категорий граждан;Необходимо предъявить удостоверяющие документы. Чтобы воспользоваться льготой, необходимо предъявить удостоверение многодетной семьи, либо QR-код цифрового удостоверения многодетной семьи в приложении «Moй id» на экране смартфона.;benefit;https://tsaritsyno-museum.ru/the_museum/prices-and-benefits/;2026-10-09T19:31:30.403154+00:00
tsaritsyno-museum.ru;Ансамбль усадьбы Царицыно, Большой дворец;free_rules;Все посетители;«Царицыно»;;;"среда третьей недели месяца; Московская музейная неделя в 2026 году: 14 января, 11 февраля, 11 марта, 15 апреля, 13 мая, 17 июня, 15 июля, 12 августа, 16 сентября, 14 октября, 11 ноября, 16 декабря";Получить билет;recurring_day;https://tsaritsyno-museum.ru/kupit-bilet/;2026-10-09T19:31:30.403154+00:00
tsaritsyno-museum.ru;Ансамбль усадьбы Царицыно, Большой дворец;free_rules;Все посетители;Парк;;;Парк работает с 06:00 до 00:00;Вход свободный. Запрещается проходить в парк с любыми животными, кроме собак-проводников.;always;https://tsaritsyno-museum.ru/the_museum/prices-and-benefits/;2026-10-09T19:31:30.403154+00:00
tsaritsyno-museum.ru;Ансамбль усадьбы Царицыно, Большой дворец;free_rules;Все посетители;Бирюлевский дендропарк;;;Бирюлевский дендропарк работает круглосуточно;вход свободный;always;https://tsaritsyno-museum.ru/the_museum/prices-and-benefits/;2026-10-09T19:31:30.403154+00:00
shm.ru;Артиллерийский двор Исторического музея;tickets;Дети 7–17 лет, граждане РФ и стран ЕАЭС;Главное здание;350 ₽;350;;Для подтверждения льготы понадобится документ, удостоверяющий личность — свидетельство о рождении или паспорт;;https://shm.ru/visit/tickets/documents/;2026-10-09T19:31:28.495896+00:00
shm.ru;Артиллерийский двор Исторического музея;tickets;Дети 7–17 лет, граждане РФ и стран ЕАЭС;Палаты бояр Романовых;350 ₽;350;;Для подтверждения льготы понадобится документ, удостоверяющий личность — свидетельство о рождении или паспорт;;https://shm.ru/visit/tickets/documents/;2026-10-09T19:31:28.495896+00:00
shm.ru;Артиллерийский двор Исторического музея;tickets;Дети 7–17 лет, граждане РФ и стран ЕАЭС;Музей Отечественной войны 1812 года;300 ₽;300;;Для подтверждения льготы понадобится документ, удостоверяющий личность — свидетельство о рождении или паспорт;;https://shm.ru/visit/tickets/documents/;2026-10-09T19:31:28.495896+00:00
shm.ru;Артиллерийский двор Исторического музея;tickets;Дети 7–17 лет, граждане РФ и стран ЕАЭС;Покровский собор;350 ₽;350;;Для подтверждения льготы понадобится документ, удостоверяющий личность — свидетельство о рождении или паспорт;;https://shm.ru/visit/tickets/documents/;2026-10-09T19:31:28.495896+00:00
shm.ru;Артиллерийский двор Исторического музея;tickets;Дети 7–17 лет, граждане РФ и стран ЕАЭС;Центральный музей российского казачества;200 ₽;200;;Для подтверждения льготы понадобится документ, удостоверяющий личность — свидетельство о рождении или паспорт;;https://shm.ru/visit/tickets/documents/;2026-10-09T19:31:28.495896+00:00
shm.ru;Артиллерийский двор Исторического музея;tickets;Дети 7–17 лет, граждане других государств;Главное здание;1600 ₽;1600;;Для подтверждения льготы понадобится паспорт;;https://shm.ru/visit/tickets/documents/;2026-10-09T19:31:28.495896+00:00
shm.ru;Артиллерийский двор Исторического музея;tickets;Дети 7–17 лет, граждане других государств;Палаты бояр Романовых;500 ₽;500;;Для подтверждения льготы понадобится паспорт;;https://shm.ru/visit/tickets/documents/;2026-10-09T19:31:28.495896+00:00
shm.ru;Артиллерийский двор Исторического музея;tickets;Дети 7–17 лет, граждане других государств;Музей Отечественной войны 1812 года;500 ₽;500;;Для подтверждения льготы понадобится паспорт;;https://shm.ru/visit/tickets/documents/;2026-10-09T19:31:28.495896+00:00
shm.ru;Артиллерийский двор Исторического музея;tickets;Дети 7–17 лет, граждане других государств;Покровский собор;1000 ₽;1000;;Для подтверждения льготы понадобится паспорт;;https://shm.ru/visit/tickets/documents/;2026-10-09T19:31:28.495896+00:00
shm.ru;Артиллерийский двор Исторического музея;tickets;Дети 7–17 лет, граждане других государств;Центральный музей российского казачества;400 ₽;400;;Для подтверждения льготы понадобится паспорт;;https://shm.ru/visit/tickets/documents/;2026-10-09T19:31:28.495896+00:00
shm.ru;Артиллерийский двор Исторического музея;tickets;Держатели Пушкинской карты: дети 14-17 лет, студенты;Главное здание;350 ₽;350;;Для подтверждения льготы понадобится пластиковая или виртуальная Пушкинская карта, паспорт или свидетельство о рождении и студенческий билет;;https://shm.ru/visit/tickets/documents/;2026-10-09T19:31:28.495896+00:00
shm.ru;Артиллерийский двор Исторического музея;tickets;Держатели Пушкинской карты: дети 14-17 лет, студенты;Палаты бояр Романовых;350 ₽;350;;Для подтверждения льготы понадобится пластиковая или виртуальная Пушкинская карта, паспорт или свидетельство о рождении и студенческий билет;;https://shm.ru/visit/tickets/documents/;2026-10-09T19:31:28.495896+00:00
shm.ru;Артиллерийский двор Исторического музея;tickets;Держатели Пушкинской карты: дети 14-17 лет, студенты;Музей Отечественной войны 1812 года;300 ₽;300;;Для подтверждения льготы понадобится пластиковая или виртуальная Пушкинская карта, паспорт или свидетельство о рождении и студенческий билет;;https://shm.ru/visit/tickets/documents/;2026-10-09T19:31:28.495896+00:00
shm.ru;Артиллерийский двор Исторического музея;tickets;Держатели Пушкинской карты: дети 14-17 лет, студенты;Покровский собор;350 ₽;350;;Для подтверждения льготы понадобится пластиковая или виртуальная Пушкинская карта, паспорт или свидетельство о рождении и студенческий билет;;https://shm.ru/visit/tickets/documents/;2026-10-09T19:31:28.495896+00:00
shm.ru;Артиллерийский двор Исторического музея;tickets;Держатели Пушкинской карты: дети 14-17 лет, студенты;Центральный музей российского казачества;200 ₽;200;;Для подтверждения льготы понадобится пластиковая или виртуальная Пушкинская карта, паспорт или свидетельство о рождении и студенческий билет;;https://shm.ru/visit/tickets/documents/;2026-10-09T19:31:28.495896+00:00
shm.ru;Артиллерийский двор Исторического музея;tickets;Студенты, граждане РФ и стран ЕАЭС;Главное здание;350 ₽;350;;Для подтверждения льготы понадобится цифровой ID MAX или студенческий билет;;https://shm.ru/visit/tickets/documents/;2026-10-09T19:31:28.495896+00:00
shm.ru;Артиллерийский двор Исторического музея;tickets;Студенты, граждане РФ и стран ЕАЭС;Палаты бояр Романовых;350 ₽;350;;Для подтверждения льготы понадобится цифровой ID MAX или студенческий билет;;https://shm.ru/visit/tickets/documents/;2026-10-09T19:31:28.495896+00:00
shm.ru;Артиллерийский двор Исторического музея;tickets;Студенты, граждане РФ и стран ЕАЭС;Музей Отечественной войны 1812 года;300 ₽;300;;Для подтверждения льготы понадобится цифровой ID MAX или студенческий билет;;https://shm.ru/visit/tickets/documents/;2026-10-09T19:31:28.495896+00:00
shm.ru;Артиллерийский двор Исторического музея;tickets;Студенты, граждане РФ и стран ЕАЭС;Покровский собор;350 ₽;350;;Для подтверждения льготы понадобится цифровой ID MAX или студенческий билет;;https://shm.ru/visit/tickets/documents/;2026-10-09T19:31:28.495896+00:00
shm.ru;Артиллерийский двор Исторического музея;tickets;Студенты, граждане РФ и стран ЕАЭС;Центральный музей российского казачества;200 ₽;200;;Для подтверждения льготы понадобится цифровой ID MAX или студенческий билет;;https://shm.ru/visit/tickets/documents/;2026-10-09T19:31:28.495896+00:00
shm.ru;Артиллерийский двор Исторического музея;tickets;Пенсионеры, граждане РФ и стран ЕАЭС, билеты в будние дни;Главное здание;350 ₽;350;;"Право на льготу можно подтвердить одним из следующих способов: цифровым ID MAX; пенсионным удостоверением; справкой о назначенных пенсиях и социальных выплатах или паспортом, подтверждающим возраст старше 64 лет для мужчин и старше 59 лет для женщин";;https://shm.ru/visit/tickets/documents/;2026-10-09T19:31:28.495896+00:00
shm.ru;Артиллерийский двор Исторического музея;tickets;Пенсионеры, граждане РФ и стран ЕАЭС, билеты в будние дни;Палаты бояр Романовых;350 ₽;350;;"Право на льготу можно подтвердить одним из следующих способов: цифровым ID MAX; пенсионным удостоверением; справкой о назначенных пенсиях и социальных выплатах или паспортом, подтверждающим возраст старше 64 лет для мужчин и старше 59 лет для женщин";;https://shm.ru/visit/tickets/documents/;2026-10-09T19:31:28.495896+00:00
shm.ru;Артиллерийский двор Исторического музея;tickets;Пенсионеры, граждане РФ и стран ЕАЭС, билеты в будние дни;Музей Отечественной войны 1812 года;300 ₽;300;;"Право на льготу можно подтвердить одним из следующих способов: цифровым ID MAX; пенсионным удостоверением; справкой о назначенных пенсиях и социальных выплатах или паспортом, подтверждающим возраст старше 64 лет для мужчин и старше 59 лет для женщин";;https://shm.ru/visit/tickets/documents/;2026-10-09T19:31:28.495896+00:00
shm.ru;Артиллерийский двор Исторического музея;tickets;Пенсионеры, граждане РФ и стран ЕАЭС, билеты в будние дни;Покровский собор;350 ₽;350;;"Право на льготу можно подтвердить одним из следующих способов: цифровым ID MAX; пенсионным удостоверением; справкой о назначенных пенсиях и социальных выплатах или паспортом, подтверждающим возраст старше 64 лет для мужчин и старше 59 лет для женщин";;https://shm.ru/visit/tickets/documents/;2026-10-09T19:31:28.495896+00:00
shm.ru;Артиллерийский двор Исторического музея;tickets;Пенсионеры, граждане РФ и стран ЕАЭС, билеты в будние дни;Центральный музей российского казачества;200 ₽;200;;"Право на льготу можно подтвердить одним из следующих способов: цифровым ID MAX; пенсионным удостоверением; справкой о назначенных пенсиях и социальных выплатах или паспортом, подтверждающим возраст старше 64 лет для мужчин и старше 59 лет для женщин";;https://shm.ru/visit/tickets/documents/;2026-10-09T19:31:28.495896+00:00
shm.ru;Артиллерийский двор Исторического музея;tickets;Солдаты и сержанты срочной службы Российской армии;Главное здание;350 ₽;350;;Для подтверждения льготы понадобится военный билет с записью, подтверждающей прохождение военной службы по призыву;;https://shm.ru/visit/tickets/documents/;2026-10-09T19:31:28.495896+00:00
shm.ru;Артиллерийский двор Исторического музея;tickets;Солдаты и сержанты срочной службы Российской армии;Палаты бояр Романовых;350 ₽;350;;Для подтверждения льготы понадобится военный билет с записью, подтверждающей прохождение военной службы по призыву;;https://shm.ru/visit/tickets/documents/;2026-10-09T19:31:28.495896+00:00
shm.ru;Артиллерийский двор Исторического музея;tickets;Солдаты и сержанты срочной службы Российской армии;Музей Отечественной войны 1812 года;300 ₽;300;;Для подтверждения льготы понадобится военный билет с записью, подтверждающей прохождение военной службы по призыву;;https://shm.ru/visit/tickets/documents/;2026-10-09T19:31:28.495896+00:00
shm.ru;Артиллерийский двор Исторического музея;tickets;Солдаты и сержанты срочной службы Российской армии;Покровский собор;350 ₽;350;;Для подтверждения льготы понадобится военный билет с записью, подтверждающей прохождение военной службы по призыву;;https://shm.ru/visit/tickets/documents/;2026-10-09T19:31:28.495896+00:00
shm.ru;Артиллерийский двор Исторического музея;tickets;Солдаты и сержанты срочной службы Российской армии;Центральный музей российского казачества;200 ₽;200;;Для подтверждения льготы понадобится военный билет с записью, подтверждающей прохождение военной службы по призыву;;https://shm.ru/visit/tickets/documents/;2026-10-09T19:31:28.495896+00:00
shm.ru;Артиллерийский двор Исторического музея;tickets;Труженики тыла, репрессированные и реабилитированные, граждане РФ и стран ЕАЭС;Главное здание;350 ₽;350;;Для подтверждения льготы понадобится удостоверение труженика тыла или свидетельство для лиц, признанных пострадавшими от политических репрессий и реабилитированных в соответствии с законом «Ο реабилитации жертв политических репрессий» от 18.10.1991 № 1761-1;;https://shm.ru/visit/tickets/documents/;2026-10-09T19:31:28.495896+00:00
shm.ru;Артиллерийский двор Исторического музея;tickets;Труженики тыла, репрессированные и реабилитированные, граждане РФ и стран ЕАЭС;Палаты бояр Романовых;350 ₽;350;;Для подтверждения льготы понадобится удостоверение труженика тыла или свидетельство для лиц, признанных пострадавшими от политических репрессий и реабилитированных в соответствии с законом «Ο реабилитации жертв политических репрессий» от 18.10.1991 № 1761-1;;https://shm.ru/visit/tickets/documents/;2026-10-09T19:31:28.495896+00:00
shm.ru;Артиллерийский двор Исторического музея;tickets;Труженики тыла, репрессированные и реабилитированные, граждане РФ и стран ЕАЭС;Музей Отечественной войны 1812 года;300 ₽;300;;Для подтверждения льготы понадобится удостоверение труженика тыла или свидетельство для лиц, признанных пострадавшими от политических репрессий и реабилитированных в соответствии с законом «Ο реабилитации жертв политических репрессий» от 18.10.1991 № 1761-1;;https://shm.ru/visit/tickets/documents/;2026-10-09T19:31:28.495896+00:00
shm.ru;Артиллерийский двор Исторического музея;tickets;Труженики тыла, репрессированные и реабилитированные, граждане РФ и стран ЕАЭС;Покровский собор;350 ₽;350;;Для подтверждения льготы понадобится удостоверение труженика тыла или свидетельство для лиц, признанных пострадавшими от политических репрессий и реабилитированных в соответствии с законом «Ο реабилитации жертв политических репрессий» от 18.10.1991 № 1761-1;;https://shm.ru/visit/tickets/documents/;2026-10-09T19:31:28.495896+00:00
shm.ru;Артиллерийский двор Исторического музея;tickets;Труженики тыла, репрессированные и реабилитированные, граждане РФ и стран ЕАЭС;Центральный музей российского казачества;200 ₽;200;;Для подтверждения льготы понадобится удостоверение труженика тыла или свидетельство для лиц, признанных пострадавшими от политических репрессий и реабилитированных в соответствии с законом «Ο реабилитации жертв политических репрессий» от 18.10.1991 № 1761-1;;https://shm.ru/visit/tickets/documents/;2026-10-09T19:31:28.495896+00:00
shm.ru;Артиллерийский двор Исторического музея;tickets;Ликвидаторы последствий аварии на Чернобыльской АЭС, граждане РФ и стран ЕАЭС;Главное здание;350 ₽;350;;Для подтверждения льготы понадобится удостоверение участника Ликвидации последствий аварии на Чернобыльской АЭС 1986-1987 гг.;;https://shm.ru/visit/tickets/documents/;2026-10-09T19:31:28.495896+00:00
shm.ru;Артиллерийский двор Исторического музея;tickets;Ликвидаторы последствий аварии на Чернобыльской АЭС, граждане РФ и стран ЕАЭС;Палаты бояр Романовых;350 ₽;350;;Для подтверждения льготы понадобится удостоверение участника Ликвидации последствий аварии на Чернобыльской АЭС 1986-1987 гг.;;https://shm.ru/visit/tickets/documents/;2026-10-09T19:31:28.495896+00:00
shm.ru;Артиллерийский двор Исторического музея;tickets;Ликвидаторы последствий аварии на Чернобыльской АЭС, граждане РФ и стран ЕАЭС;Музей Отечественной войны 1812 года;300 ₽;300;;Для подтверждения льготы понадобится удостоверение участника Ликвидации последствий аварии на Чернобыльской АЭС 1986-1987 гг.;;https://shm.ru/visit/tickets/documents/;2026-10-09T19:31:28.495896+00:00
shm.ru;Артиллерийский двор Исторического музея;tickets;Ликвидаторы последствий аварии на Чернобыльской АЭС, граждане РФ и стран ЕАЭС;Покровский собор;350 ₽;350;;Для подтверждения льготы понадобится удостоверение участника Ликвидации последствий аварии на Чернобыльской АЭС 1986-1987 гг.;;https://shm.ru/visit/tickets/documents/;2026-10-09T19:31:28.495896+00:00
shm.ru;Артиллерийский двор Исторического музея;tickets;Ликвидаторы последствий аварии на Чернобыльской АЭС, граждане РФ и стран ЕАЭС;Центральный музей российского казачества;200 ₽;200;;Для подтверждения льготы понадобится удостоверение участника Ликвидации последствий аварии на Чернобыльской АЭС 1986-1987 гг.;;https://shm.ru/visit/tickets/documents/;2026-10-09T19:31:28.495896+00:00
shm.ru;Артиллерийский двор Исторического музея;tickets;Взрослые, Граждане РФ и ЕАЭС;Исторический музей;700 ₽;700;;Для получения льготного или бесплатного билета необходимо предоставить документ, подтверждающий право на льготу;;https://shm.ru/visit/tickets/gim/;2026-10-09T19:31:28.495896+00:00
shm.ru;Артиллерийский двор Исторического музея;tickets;Держатели Пушкинской карты от 18 до 22 лет;Исторический музей;700 ₽;700;;Для получения льготного или бесплатного билета необходимо предоставить документ, подтверждающий право на льготу;;https://shm.ru/visit/tickets/gim/;2026-10-09T19:31:28.495896+00:00
shm.ru;Артиллерийский двор Исторического музея;tickets;Взрослые, Граждане других государств;Исторический музей;2000 ₽;2000;;Для получения льготного или бесплатного билета необходимо предоставить документ, подтверждающий право на льготу;;https://shm.ru/visit/tickets/gim/;2026-10-09T19:31:28.495896+00:00
shm.ru;Артиллерийский двор Исторического музея;tickets;От 7 до 17 лет, граждане РФ и стран ЕАЭС;Исторический музей;350 ₽;350;;Для получения льготного или бесплатного билета необходимо предоставить документ, подтверждающий право на льготу;;https://shm.ru/visit/tickets/gim/;2026-10-09T19:31:28.495896+00:00
shm.ru;Артиллерийский двор Исторического музея;tickets;От 7 до 17 лет, граждане других государств;Исторический музей;1000 ₽;1000;;Для получения льготного или бесплатного билета необходимо предоставить документ, подтверждающий право на льготу;;https://shm.ru/visit/tickets/gim/;2026-10-09T19:31:28.495896+00:00
shm.ru;Артиллерийский двор Исторического музея;tickets;Держатели Пушкинской карты от 14 до 17 лет;Исторический музей;350 ₽;350;;Только в кассе музея;;https://shm.ru/visit/tickets/gim/;2026-10-09T19:31:28.495896+00:00
shm.ru;Артиллерийский двор Исторического музея;tickets;Студенты колледжей, техникумов, ВУЗов граждане РФ;Исторический музей;350 ₽;350;;Для получения льготного или бесплатного билета необходимо предоставить документ, подтверждающий право на льготу;;https://shm.ru/visit/tickets/gim/;2026-10-09T19:31:28.495896+00:00
shm.ru;Артиллерийский двор Исторического музея;tickets;Держатель Пушкинской карты: студенты колледжей, техникумов, ВУЗов;Исторический музей;350 ₽;350;;Только в кассе музея;;https://shm.ru/visit/tickets/gim/;2026-10-09T19:31:28.495896+00:00
shm.ru;Артиллерийский двор Исторического музея;tickets;Пенсионеры РФ и стран ЕАЭС при посещении в будние дни;Исторический музей;350 ₽;350;;при посещении в будние дни;;https://shm.ru/visit/tickets/gim/;2026-10-09T19:31:28.495896+00:00
shm.ru;Артиллерийский двор Исторического музея;tickets;Пенсионеры РФ и стран ЕАЭС при посещении в выходные и праздничные дни;Исторический музей;700 ₽;700;;при посещении в выходные и праздничные дни;;https://shm.ru/visit/tickets/gim/;2026-10-09T19:31:28.495896+00:00
shm.ru;Артиллерийский двор Исторического музея;tickets;Солдаты и сержанты срочной службы Российской армии;Исторический музей;350 ₽;350;;Для получения льготного или бесплатного билета необходимо предоставить документ, подтверждающий право на льготу;;https://shm.ru/visit/tickets/gim/;2026-10-09T19:31:28.495896+00:00
shm.ru;Артиллерийский двор Исторического музея;tickets;Труженики тыла, репрессированные и реабилитированные граждане РФ и стран ЕАЭС;Исторический музей;350 ₽;350;;Для получения льготного или бесплатного билета необходимо предоставить документ, подтверждающий право на льготу;;https://shm.ru/visit/tickets/gim/;2026-10-09T19:31:28.495896+00:00
shm.ru;Артиллерийский двор Исторического музея;tickets;Ликвидаторы последствий аварии на Чернобыльской АЭС 1986-87гг., граждане РФ и стран ЕАЭС;Исторический музей;350 ₽;350;;Для получения льготного или бесплатного билета необходимо предоставить документ, подтверждающий право на льготу;;https://shm.ru/visit/tickets/gim/;2026-10-09T19:31:28.495896+00:00
shm.ru;Артиллерийский двор Исторического музея;tickets;Аудиогид на русском языке «Обзорная экскурсия»;Исторический музей;500 ₽;500;;;;https://shm.ru/visit/tickets/gim/;2026-10-09T19:31:28.495896+00:00
shm.ru;Артиллерийский двор Исторического музея;tickets;Аудиогид на иностранном языке «Обзорная экскурсия»;Исторический музей;800 ₽;800;;;;https://shm.ru/visit/tickets/gim/;2026-10-09T19:31:28.495896+00:00
shm.ru;Артиллерийский двор Исторического музея;free_rules;Дети от 7 до 17-ти лет;основные экспозиции;;;в последнее воскресенье месяца;Для подтверждения понадобится свидетельство о рождении или паспорт ребенка;recurring_day;https://shm.ru/visit/tickets/documents/;2026-10-09T19:31:28.495896+00:00
shm.ru;Артиллерийский двор Исторического музея;free_rules;Дети от 7 до 17-ти лет;Исторический музей;;;в последнее воскресенье месяца;;recurring_day;https://shm.ru/visit/tickets/gim/;2026-10-09T19:31:28.495896+00:00
10.garagemca.org;Музей Гараж;free_rules;владельцы карт GARAGE;выставки «Гаража»;;;постоянно;"бесплатный вход на выставки без очереди; карта GARAGE";benefit;https://10.garagemca.org/ru/;2026-10-09T19:31:32.845930+00:00
1812panorama.ru;Бородинская битва, музей-панорама;tickets;Взрослый;Музей-панорама «Бородинская битва», вход в музей;500 ₽;500;;Билеты могут быть приобретены в кассах Музея в день посещения или заранее на официальном сайте Музея 1812panorama.ru, официальном портале Мэра и Правительства Москвы mos.ru.;;http://1812panorama.ru/content/bilety;2026-10-09T19:31:34.267946+00:00
1812panorama.ru;Бородинская битва, музей-панорама;tickets;Льготный*;Музей-панорама «Бородинская битва», вход в музей;250 ₽;250;;"Право льготного посещения предоставляется при предъявлении документа, подтверждающего льготы: учащимся очной формы обучения образовательных учреждений начального, среднего профессионального образования; студентам высших учебных заведений очной формы обучения; владельцам Международного студенческого удостоверения ISIC; пенсионерам; инвалидам III группы.";;http://1812panorama.ru/content/bilety;2026-10-09T19:31:34.267946+00:00
1812panorama.ru;Бородинская битва, музей-панорама;tickets;Взрослый;Кутузовская изба, вход в музей в составе экскурсионной группы по сеансам;200 ₽;200;;в составе экскурсионной группы по сеансам;;http://1812panorama.ru/content/bilety;2026-10-09T19:31:34.267946+00:00
1812panorama.ru;Бородинская битва, музей-панорама;tickets;Льготный*;Кутузовская изба, вход в музей в составе экскурсионной группы по сеансам;100 ₽;100;;"Право льготного посещения предоставляется при предъявлении документа, подтверждающего льготы: учащимся очной формы обучения образовательных учреждений начального, среднего профессионального образования; студентам высших учебных заведений очной формы обучения; владельцам Международного студенческого удостоверения ISIC; пенсионерам; инвалидам III группы.";;http://1812panorama.ru/content/bilety;2026-10-09T19:31:34.267946+00:00
1812panorama.ru;Бородинская битва, музей-панорама;free_rules;"учащимся, получающим среднее общее и среднее профессиональное образование в государственных образовательных организациях города Москвы (социальная карта москвича или идентификаторы информационной системы «Москвенок»); учащимся, получающим среднее общее образование по очной форме обучения в частных образовательных организациях, осуществляющих образовательную деятельность на территории города Москвы; ветеранам Великой Отечественной войны и их сопровождающим; неработающим инвалидам I и II группы, лицам, награжденным знаком «Жителю блокадного Ленинграда», и их сопровождающим; детям-сиротам и детям, оставшимся без попечения родителей; детям-инвалидам; детям до 6 лет; престарелым гражданам, находящимся в домах-интернатах для инвалидов и престарелых; Героям Советского Союза, Героям Российской Федерации, Полным кавалерам Ордена Славы; ветеранам боевых действий; военнослужащим срочной службы; работникам музеев Российской Федерации и членам ИКОМ; членам многодетных семей; участникам СВО и членам семей участников СВО.";Музей-панорама «Бородинская битва» и Кутузовская изба;;;Бесплатное посещение;при предъявлении документа, подтверждающего льготы;benefit;http://1812panorama.ru/content/bilety;2026-10-09T19:31:34.267946+00:00
1812panorama.ru;Бородинская битва, музей-панорама;free_rules;все категории посетителей;вход в музей бесплатный в режиме самостоятельного осмотра;;;12 октября 2026 года;Перед посещением необходимо заранее оформить электронный билет на mos.ru и предъявить его при входе в музей.;dated_event;http://1812panorama.ru/content/bilety;2026-10-09T19:31:34.267946+00:00
afgan-zal.ru;ГБУК г. Москвы Государственный выставочный зал истории войны в Афганистане;tickets;Взрослые;выставочный зал, входной билет (с экскурсией при наличие сборной группы);100 руб/чел.;100;;"с экскурсией при наличие сборной группы; посещение по предварительной записи по телефону";;http://afgan-zal.ru/about/visitors/;2026-10-09T19:31:41.690919+00:00
afgan-zal.ru;ГБУК г. Москвы Государственный выставочный зал истории войны в Афганистане;tickets;"дети от 7 до 17 лет включительно; учащиеся очной формы обучения образовательных учреждений начального, среднего, профессионального образования; пенсионеры; инвалиды; семьи с тремя и более детьми до достижения младшим ребенком возраста 16 лет (учащегося в общеобразовательных учреждениях, реализующих общеобразовательные программы - 18 лет); студенты высших заведений очной формы обучения";входной билет в выставочный зал;50 руб.;50;;стоимость входного билета в будни и выходные;;http://afgan-zal.ru/about/visitors/;2026-10-09T19:31:41.690919+00:00
afgan-zal.ru;ГБУК г. Москвы Государственный выставочный зал истории войны в Афганистане;free_rules;Учащиеся школ и колледжей, подведомственных органам исполнительной власти города Москвы, а также частных образовательных организаций;посещение музея;;;бесплатно;"по социальной карте или по справке их учебного заведения; необходимо иметь при себе Социальную карту москвича или карту ""Москвенок""; без карты бесплатный проход учащихся школ и колледжей в музеи не возможен";benefit;http://afgan-zal.ru/about/visitors/;2026-10-09T19:31:41.690919+00:00
afgan-zal.ru;ГБУК г. Москвы Государственный выставочный зал истории войны в Афганистане;free_rules;"ветераны ВОВ; неработающих инвалидов I и II группы; ветеранов боевых действий; военнослужащих срочной службы; детей сирот, оставшихся без попечения родителей; детей-инвалидов; престарелых граждан, находящихся в домах интернатах для инвалидов и престарелых; детей в возрасте до 6 лет включительно; работников музеев и выставочных залов подведомственные Департаменту культуры города Москвы";льготные категории;;;бесплатно;льготные категории;benefit;http://afgan-zal.ru/about/visitors/;2026-10-09T19:31:41.690919+00:00
afgan-zal.ru;ГБУК г. Москвы Государственный выставочный зал истории войны в Афганистане;free_rules;Школьники образовательных организаций и колледжей, осуществляющих образовательную деятельность на территории города Москва;Выставочный зал;;;"бесплатно в рамках проекта Мэра Москвы ""МУЗЕИ-ДЕТЯМ""";"в рамках проекта Мэра Москвы ""МУЗЕИ-ДЕТЯМ""";dated_event;http://afgan-zal.ru/about/visitors/;2026-10-09T19:31:41.690919+00:00
31-12.xn--p1ai;Фабрика ёлочных игрушек, музей;tickets;Взрослые и детские (5+);Экскурсия (45 минут), ноябрь, будни;600 р./чел.;600;;"Будни; взрослые и детские (5+) билеты стоят одинаково";;https://31-12.xn--p1ai/;2026-10-09T19:31:36.747951+00:00
31-12.xn--p1ai;Фабрика ёлочных игрушек, музей;tickets;Взрослые и детские (5+);Экскурсия (45 минут), ноябрь, выходные;800 р./чел.;800;;"Выходные; взрослые и детские (5+) билеты стоят одинаково";;https://31-12.xn--p1ai/;2026-10-09T19:31:36.747951+00:00
31-12.xn--p1ai;Фабрика ёлочных игрушек, музей;tickets;Взрослые и детские (5+);Экскурсия (45 минут), 1-6 декабря, будни;800 р./чел.;800;;"Будни; взрослые и детские (5+) билеты стоят одинаково";;https://31-12.xn--p1ai/;2026-10-09T19:31:36.747951+00:00
31-12.xn--p1ai;Фабрика ёлочных игрушек, музей;tickets;Взрослые и детские (5+);Экскурсия (45 минут), 1-6 декабря, выходные;1000 р./чел.;1000;;"Выходные; взрослые и детские (5+) билеты стоят одинаково";;https://31-12.xn--p1ai/;2026-10-09T19:31:36.747951+00:00
31-12.xn--p1ai;Фабрика ёлочных игрушек, музей;tickets;Взрослые и детские (5+);Экскурсия (45 минут), 07-27 декабря, будни;1200 р./чел.;1200;;"Будни; взрослые и детские (5+) билеты стоят одинаково";;https://31-12.xn--p1ai/;2026-10-09T19:31:36.747951+00:00
31-12.xn--p1ai;Фабрика ёлочных игрушек, музей;tickets;Взрослые и детские (5+);Экскурсия (45 минут), 07-27 декабря, выходные;1400 р./чел.;1400;;"Выходные; взрослые и детские (5+) билеты стоят одинаково";;https://31-12.xn--p1ai/;2026-10-09T19:31:36.747951+00:00
31-12.xn--p1ai;Фабрика ёлочных игрушек, музей;tickets;Взрослые и детские (5+);Экскурсия (45 минут), 28-30 декабря, будни;800 р./чел.;800;;"Будни; взрослые и детские (5+) билеты стоят одинаково";;https://31-12.xn--p1ai/;2026-10-09T19:31:36.747951+00:00
31-12.xn--p1ai;Фабрика ёлочных игрушек, музей;tickets;Взрослые и детские (5+);Экскурсия (45 минут), 01-10 января, выходные;1000 р./чел.;1000;;"Выходные; взрослые и детские (5+) билеты стоят одинаково";;https://31-12.xn--p1ai/;2026-10-09T19:31:36.747951+00:00
31-12.xn--p1ai;Фабрика ёлочных игрушек, музей;tickets;Взрослые и детские (5+);Экскурсия (45 минут), 11-24 января, будни;600 р./чел.;600;;"Будни; взрослые и детские (5+) билеты стоят одинаково";;https://31-12.xn--p1ai/;2026-10-09T19:31:36.747951+00:00
31-12.xn--p1ai;Фабрика ёлочных игрушек, музей;tickets;Взрослые и детские (5+);Экскурсия (45 минут), 11-24 января, выходные;800 р./чел.;800;;"Выходные; взрослые и детские (5+) билеты стоят одинаково";;https://31-12.xn--p1ai/;2026-10-09T19:31:36.747951+00:00
31-12.xn--p1ai;Фабрика ёлочных игрушек, музей;tickets;Заказ заранее (5 дней);Ёлочный шар с вашим именем, 80 мм;500 руб./шар;500;;"Заказ заранее - 5 дней; это не мастер-класс";;https://31-12.xn--p1ai/;2026-10-09T19:31:36.747951+00:00
31-12.xn--p1ai;Фабрика ёлочных игрушек, музей;tickets;Заказ на месте;Ёлочный шар с вашим именем, 80 мм;600 руб./шар;600;;"Заказ на месте; 30-60 мин ожидания";;https://31-12.xn--p1ai/;2026-10-09T19:31:36.747951+00:00
31-12.xn--p1ai;Фабрика ёлочных игрушек, музей;tickets;Многодетные семьи: дети и родители;Экскурсионное обслуживание;скидка 200 руб.;;;"Скидки распространяются ТОЛЬКО на экскурсионное обслуживание; не распространяются на мастер-класс, чаепитие, именной шар и покупки в магазине; необходимо предъявить документ (или его КОПИЮ), подтверждающий льготу; действительны для указанных категорий граждан любых стран и лиц без гражданства";;https://31-12.xn--p1ai/;2026-10-09T19:31:36.747951+00:00
31-12.xn--p1ai;Фабрика ёлочных игрушек, музей;tickets;Дети-инвалиды и сопровождающий;Экскурсионное обслуживание;скидка 200 руб.;;;"Скидки распространяются ТОЛЬКО на экскурсионное обслуживание; не распространяются на мастер-класс, чаепитие, именной шар и покупки в магазине; необходимо предъявить документ (или его КОПИЮ), подтверждающий льготу; действительны для указанных категорий граждан любых стран и лиц без гражданства";;https://31-12.xn--p1ai/;2026-10-09T19:31:36.747951+00:00
31-12.xn--p1ai;Фабрика ёлочных игрушек, музей;tickets;Дети-сироты;Экскурсионное обслуживание;скидка 200 руб.;;;"Скидки распространяются ТОЛЬКО на экскурсионное обслуживание; не распространяются на мастер-класс, чаепитие, именной шар и покупки в магазине; необходимо предъявить документ (или его КОПИЮ), подтверждающий льготу; действительны для указанных категорий граждан любых стран и лиц без гражданства";;https://31-12.xn--p1ai/;2026-10-09T19:31:36.747951+00:00
31-12.xn--p1ai;Фабрика ёлочных игрушек, музей;tickets;Дети, оставшиеся без попечения родителей;Экскурсионное обслуживание;скидка 200 руб.;;;"Скидки распространяются ТОЛЬКО на экскурсионное обслуживание; не распространяются на мастер-класс, чаепитие, именной шар и покупки в магазине; необходимо предъявить документ (или его КОПИЮ), подтверждающий льготу; действительны для указанных категорий граждан любых стран и лиц без гражданства";;https://31-12.xn--p1ai/;2026-10-09T19:31:36.747951+00:00
31-12.xn--p1ai;Фабрика ёлочных игрушек, музей;tickets;Дети, потерявшие кормильца;Экскурсионное обслуживание;скидка 200 руб.;;;"Скидки распространяются ТОЛЬКО на экскурсионное обслуживание; не распространяются на мастер-класс, чаепитие, именной шар и покупки в магазине; необходимо предъявить документ (или его КОПИЮ), подтверждающий льготу; действительны для указанных категорий граждан любых стран и лиц без гражданства";;https://31-12.xn--p1ai/;2026-10-09T19:31:36.747951+00:00
31-12.xn--p1ai;Фабрика ёлочных игрушек, музей;tickets;Пенсионеры по возрасту;Экскурсионное обслуживание;скидка 200 руб.;;;"Скидки распространяются ТОЛЬКО на экскурсионное обслуживание; не распространяются на мастер-класс, чаепитие, именной шар и покупки в магазине; необходимо предъявить документ (или его КОПИЮ), подтверждающий льготу; действительны для указанных категорий граждан любых стран и лиц без гражданства";;https://31-12.xn--p1ai/;2026-10-09T19:31:36.747951+00:00
31-12.xn--p1ai;Фабрика ёлочных игрушек, музей;tickets;Студенты любых форм обучения;Экскурсионное обслуживание;скидка 200 руб.;;;"Скидки распространяются ТОЛЬКО на экскурсионное обслуживание; не распространяются на мастер-класс, чаепитие, именной шар и покупки в магазине; необходимо предъявить документ (или его КОПИЮ), подтверждающий льготу; действительны для указанных категорий граждан любых стран и лиц без гражданства";;https://31-12.xn--p1ai/;2026-10-09T19:31:36.747951+00:00
31-12.xn--p1ai;Фабрика ёлочных игрушек, музей;tickets;Инвалиды I и II группы;Экскурсионное обслуживание;скидка 200 руб.;;;"Скидки распространяются ТОЛЬКО на экскурсионное обслуживание; не распространяются на мастер-класс, чаепитие, именной шар и покупки в магазине; необходимо предъявить документ (или его КОПИЮ), подтверждающий льготу; действительны для указанных категорий граждан любых стран и лиц без гражданства";;https://31-12.xn--p1ai/;2026-10-09T19:31:36.747951+00:00
31-12.xn--p1ai;Фабрика ёлочных игрушек, музей;tickets;Дети военнослужащих МО РФ, МВД РФ, ФСБ РФ;Экскурсионное обслуживание;скидка 200 руб.;;;"При предъявлении справки о том, что они являются членами семьи военнослужащего МО РФ или сотрудника МВД РФ, ФСБ РФ (выдается в штабах, частях, военкоматах); скидки распространяются ТОЛЬКО на экскурсионное обслуживание; не распространяются на мастер-класс, чаепитие, именной шар и покупки в магазине; необходимо предъявить документ (или его КОПИЮ), подтверждающий льготу; действительны для указанных категорий граждан любых стран и лиц без гражданства";;https://31-12.xn--p1ai/;2026-10-09T19:31:36.747951+00:00
31-12.xn--p1ai;Фабрика ёлочных игрушек, музей;tickets;Ветераны и участники боевых действий;Экскурсионное обслуживание;скидка 200 руб.;;;"Скидки распространяются ТОЛЬКО на экскурсионное обслуживание; не распространяются на мастер-класс, чаепитие, именной шар и покупки в магазине; необходимо предъявить документ (или его КОПИЮ), подтверждающий льготу; действительны для указанных категорий граждан любых стран и лиц без гражданства";;https://31-12.xn--p1ai/;2026-10-09T19:31:36.747951+00:00
31-12.xn--p1ai;Фабрика ёлочных игрушек, музей;tickets;Индивидуальные посетители, семьи или небольшая группа (сборные группы от 1 до 30 чел);Билет в сборную группу (до 30 человек), онлайн;сервисный сбор +5%;;;Купить билет в сборную группы (до 30 человек) необходимо заранее он-лайн (сервисный сбор +5%), в декабре большая загрузка, и все билеты могут быть распроданы заранее;;https://31-12.xn--p1ai/;2026-10-09T19:31:36.747951+00:00
31-12.xn--p1ai;Фабрика ёлочных игрушек, музей;tickets;Группы от 10 до 30 человек;Предоплата за 10 билетов на экскурсию;6000-14000 руб.;;;"Предоплата - 6000-14000 руб. (10 билетов на экскурсию); доплата за экскурсию, мастер-класс и чаепитие производится в день посещения по фактическому количеству присутствующих гостей и выбранных услуг";;https://31-12.xn--p1ai/;2026-10-09T19:31:36.747951+00:00
31-12.xn--p1ai;Фабрика ёлочных игрушек, музей;free_rules;Дети до 4-х лет включительно в сопровождении родителей;Экскурсия;;;При посещении экскурсии;"Не более 3 человек на группу; в сопровождении родителей";always;https://31-12.xn--p1ai/;2026-10-09T19:31:36.747951+00:00
31-12.xn--p1ai;Фабрика ёлочных игрушек, музей;free_rules;Один взрослый-сопровождающий при групповом посещении (от 10 до 30 человек);Экскурсия;;;При групповом посещении от 10 до 30 человек;Сопровождающий - лицо старше 18 лет, несущее ответственность за дисциплину и безопасность детей в группе;benefit;https://31-12.xn--p1ai/;2026-10-09T19:31:36.747951+00:00
31-12.xn--p1ai;Фабрика ёлочных игрушек, музей;free_rules;Взрослые (18+);Экскурсия, дополнительно 2 бесплатных билета (до 30 человек);;;При доплате наличными на кассе музея;При доплате наличными на кассе музея предоставляется дополнительно 2 бесплатных билета на экскурсию (до 30 человек) для взрослых (18+);benefit;https://31-12.xn--p1ai/;2026-10-09T19:31:36.747951+00:00
31-12.xn--p1ai;Фабрика ёлочных игрушек, музей;free_rules;Гости с бородой более 3 см;Экскурсия;;;При индивидуальном посещении (не более 2 человек в группе);"При применении сказочной льготы билет покупать не нужно, НО льготы применяются в порядке общей очереди: кто первый пришел, того и льгота; при покупке билета и применении сказочной льготы - деньги за билеты не возвращаются";benefit;https://31-12.xn--p1ai/;2026-10-09T19:31:36.747951+00:00
31-12.xn--p1ai;Фабрика ёлочных игрушек, музей;free_rules;Гости в красном пальто (длинном);Экскурсия;;;При индивидуальном посещении (не более 2 человек в группе);"При применении сказочной льготы билет покупать не нужно, НО льготы применяются в порядке общей очереди: кто первый пришел, того и льгота; при покупке билета и применении сказочной льготы - деньги за билеты не возвращаются";benefit;https://31-12.xn--p1ai/;2026-10-09T19:31:36.747951+00:00
31-12.xn--p1ai;Фабрика ёлочных игрушек, музей;free_rules;"Лысые ""как шар""";Экскурсия;;;При индивидуальном посещении (не более 2 человек в группе);"При применении сказочной льготы билет покупать не нужно, НО льготы применяются в порядке общей очереди: кто первый пришел, того и льгота; при покупке билета и применении сказочной льготы - деньги за билеты не возвращаются";benefit;https://31-12.xn--p1ai/;2026-10-09T19:31:36.747951+00:00
31-12.xn--p1ai;Фабрика ёлочных игрушек, музей;free_rules;"Беременные ""как шар""";Экскурсия;;;При индивидуальном посещении (не более 2 человек в группе);"При применении сказочной льготы билет покупать не нужно, НО льготы применяются в порядке общей очереди: кто первый пришел, того и льгота; при покупке билета и применении сказочной льготы - деньги за билеты не возвращаются";benefit;https://31-12.xn--p1ai/;2026-10-09T19:31:36.747951+00:00
ambercombine.ru;Калининградский янтарный комбинат;tickets;Граждане РФ, общий тариф;Единый билет Выставочный зал «Янтарная палата» + Смотровая площадка Приморского карьера + Дино-парк + Янтарный мир;1 500;1500;;Одна услуга;;https://ambercombine.ru/tourism/tseny-na-bilety;2026-10-09T19:31:43.278353+00:00
ambercombine.ru;Калининградский янтарный комбинат;tickets;Семейный билет (2 взрослых (мать и отец/опекуны + 2 детей до 17 лет);Выставочный зал «Янтарная палата» + Смотровая площадка Приморского карьера + Дино-парк + Янтарный мир;3 500;3500;;Одна услуга;;https://ambercombine.ru/tourism/tseny-na-bilety;2026-10-09T19:31:43.278353+00:00
ambercombine.ru;Калининградский янтарный комбинат;tickets;Граждане РФ, общий тариф;Входной билет Смотровая площадка Приморского карьера + Дино-парк + Янтарный мир;1000;1000;;Одна услуга;;https://ambercombine.ru/tourism/tseny-na-bilety;2026-10-09T19:31:43.278353+00:00
ambercombine.ru;Калининградский янтарный комбинат;tickets;Граждане РФ, общий тариф;Входной билет «Янтарная палата»;750;750;;Одна услуга;;https://ambercombine.ru/tourism/tseny-na-bilety;2026-10-09T19:31:43.278353+00:00
ambercombine.ru;Калининградский янтарный комбинат;tickets;Иностранные граждане;Единый входной билет, туристические объекты;3500 руб.;3500;;по тарифу «Единый входной билет»;;https://ambercombine.ru/tourism/tseny-na-bilety;2026-10-09T19:31:43.278353+00:00
ambercombine.ru;Калининградский янтарный комбинат;tickets;Группа от 5 до 15 чел.;Выставочное пространство «Янтарная галерея» в Москве (ул. Арбат, д. 23, стр. 1), Экскурсионное обслуживание;3000 для группы от 5 до 15 чел.;;;Входной билет для каждого участника группы приобретается отдельно.;;https://ambercombine.ru/tourism/tseny-na-bilety;2026-10-09T19:31:43.278353+00:00
ambercombine.ru;Калининградский янтарный комбинат;tickets;Группа от 5 до 15 чел.;Выставочное пространство «Янтарная галерея» в Москве (ул. Арбат, д. 23, стр. 1), Проведение мастер-класса;1000 с человека для группы от 5 до 15 чел.;;;при условии посещения экскурсии. По предварительному согласованию.;;https://ambercombine.ru/tourism/tseny-na-bilety;2026-10-09T19:31:43.278353+00:00
ambercombine.ru;Калининградский янтарный комбинат;free_rules;"Ветераны и инвалиды Великой Отечественной войны; Герои Советского Союза и Герои Российской Федерации; Герои Социалистического Труда; Полные кавалеры Ордена Трудовой Славы; Участники и ветераны боевых действий, воины-интернационалисты; Инвалиды I группы с одним сопровождающим; Инвалиды II группы; Дети-инвалиды с одним сопровождающим (бесплатно); Дети до 7 (семи) лет; Дети-сироты и дети, оставшиеся без попечения родителей, находящиеся в детских домах, приютах и школах-интернатах. При групповом посещении – сопровождающие детей лица (не более 2 человек) – бесплатно; Военнослужащие, проходящие срочную службу по призыву; Ветераны становления Калининградской области, труженики тыла, жители блокадного Ленинграда, бывшие несовершеннолетние узники концлагерей и других мест принудительного содержания, участники ликвидации аварии на Чернобыльской АЭС";Посещение;;;Бесплатное посещение;для граждан РФ, при предъявлении удостоверяющих документов;benefit;https://ambercombine.ru/tourism/tseny-na-bilety;2026-10-09T19:31:43.278353+00:00
31-12.рф;Музей-фабрика ёлочных игрушек;tickets;Взрослые и детские (5+);Экскурсия (45 минут), ноябрь, будни;600 р./чел.;600;;"Будни; взрослые и детские (5+) билеты стоят ОДИНАКОВО";;https://31-12.xn--p1ai/;2026-10-09T19:31:36.925496+00:00
31-12.рф;Музей-фабрика ёлочных игрушек;tickets;Взрослые и детские (5+);Экскурсия (45 минут), ноябрь, выходные;800 р./чел.;800;;"Выходные; взрослые и детские (5+) билеты стоят ОДИНАКОВО";;https://31-12.xn--p1ai/;2026-10-09T19:31:36.925496+00:00
31-12.рф;Музей-фабрика ёлочных игрушек;tickets;Взрослые и детские (5+);Экскурсия (45 минут), 1-6 декабря, будни;800 р./чел.;800;;"Будни; 1-6 ДЕКАБРЯ";;https://31-12.xn--p1ai/;2026-10-09T19:31:36.925496+00:00
31-12.рф;Музей-фабрика ёлочных игрушек;tickets;Взрослые и детские (5+);Экскурсия (45 минут), 1-6 декабря, выходные;1000 р./чел.;1000;;"Выходные; 1-6 ДЕКАБРЯ";;https://31-12.xn--p1ai/;2026-10-09T19:31:36.925496+00:00
31-12.рф;Музей-фабрика ёлочных игрушек;tickets;Взрослые и детские (5+);Экскурсия (45 минут), 07-27 декабря, будни;1200 р./чел.;1200;;"Будни; 07-27 ДЕКАБРЯ";;https://31-12.xn--p1ai/;2026-10-09T19:31:36.925496+00:00
31-12.рф;Музей-фабрика ёлочных игрушек;tickets;Взрослые и детские (5+);Экскурсия (45 минут), 07-27 декабря, выходные;1400 р./чел.;1400;;"Выходные; 07-27 ДЕКАБРЯ";;https://31-12.xn--p1ai/;2026-10-09T19:31:36.925496+00:00
31-12.рф;Музей-фабрика ёлочных игрушек;tickets;Взрослые и детские (5+);Экскурсия (45 минут), 28-30 декабря, будни;800 р./чел.;800;;"Будни; 28-30 ДЕКАБРЯ";;https://31-12.xn--p1ai/;2026-10-09T19:31:36.925496+00:00
31-12.рф;Музей-фабрика ёлочных игрушек;tickets;Взрослые и детские (5+);Экскурсия (45 минут), 01-10 января, выходные;1000 р./чел.;1000;;"Выходные; 01-10 ЯНВАРЬ";;https://31-12.xn--p1ai/;2026-10-09T19:31:36.925496+00:00
31-12.рф;Музей-фабрика ёлочных игрушек;tickets;Взрослые и детские (5+);Экскурсия (45 минут), 11-24 января, будни;600 р./чел.;600;;"Будни; 11-24 ЯНВАРЬ";;https://31-12.xn--p1ai/;2026-10-09T19:31:36.925496+00:00
31-12.рф;Музей-фабрика ёлочных игрушек;tickets;Взрослые и детские (5+);Экскурсия (45 минут), 11-24 января, выходные;800 р./чел.;800;;"Выходные; 11-24 ЯНВАРЬ";;https://31-12.xn--p1ai/;2026-10-09T19:31:36.925496+00:00
31-12.рф;Музей-фабрика ёлочных игрушек;tickets;Заказчик именного шара;Ёлочный шар с вашим именем, при заказе заранее (за 5 дней);500 руб./шар;500;;"Заказ заранее - 5 дней; это не мастер-класс";;https://31-12.xn--p1ai/;2026-10-09T19:31:36.925496+00:00
31-12.рф;Музей-фабрика ёлочных игрушек;tickets;Заказчик именного шара;Ёлочный шар с вашим именем, при заказе на месте;600 руб./шар;600;;"30-60 мин ожидания; это не мастер-класс";;https://31-12.xn--p1ai/;2026-10-09T19:31:36.925496+00:00
31-12.рф;Музей-фабрика ёлочных игрушек;tickets;Многодетные семьи: дети и родители;Экскурсионное обслуживание;скидка 200 руб.;;;"Скидки распространяются ТОЛЬКО на экскурсионное обслуживание; не распространяются на мастер-класс, чаепитие, именной шар и покупки в магазине; необходимо предъявить документ (или его КОПИЮ), подтверждающий льготу; действительны для указанных категорий граждан любых стран и лиц без гражданства";;https://31-12.xn--p1ai/;2026-10-09T19:31:36.925496+00:00
31-12.рф;Музей-фабрика ёлочных игрушек;tickets;Дети-инвалиды и сопровождающий;Экскурсионное обслуживание;скидка 200 руб.;;;"Скидки распространяются ТОЛЬКО на экскурсионное обслуживание; не распространяются на мастер-класс, чаепитие, именной шар и покупки в магазине; необходимо предъявить документ (или его КОПИЮ), подтверждающий льготу; действительны для указанных категорий граждан любых стран и лиц без гражданства";;https://31-12.xn--p1ai/;2026-10-09T19:31:36.925496+00:00
31-12.рф;Музей-фабрика ёлочных игрушек;tickets;Дети-сироты;Экскурсионное обслуживание;скидка 200 руб.;;;"Скидки распространяются ТОЛЬКО на экскурсионное обслуживание; не распространяются на мастер-класс, чаепитие, именной шар и покупки в магазине; необходимо предъявить документ (или его КОПИЮ), подтверждающий льготу; действительны для указанных категорий граждан любых стран и лиц без гражданства";;https://31-12.xn--p1ai/;2026-10-09T19:31:36.925496+00:00
31-12.рф;Музей-фабрика ёлочных игрушек;tickets;Дети, оставшиеся без попечения родителей;Экскурсионное обслуживание;скидка 200 руб.;;;"Скидки распространяются ТОЛЬКО на экскурсионное обслуживание; не распространяются на мастер-класс, чаепитие, именной шар и покупки в магазине; необходимо предъявить документ (или его КОПИЮ), подтверждающий льготу; действительны для указанных категорий граждан любых стран и лиц без гражданства";;https://31-12.xn--p1ai/;2026-10-09T19:31:36.925496+00:00
31-12.рф;Музей-фабрика ёлочных игрушек;tickets;Дети, потерявшие кормильца;Экскурсионное обслуживание;скидка 200 руб.;;;"Скидки распространяются ТОЛЬКО на экскурсионное обслуживание; не распространяются на мастер-класс, чаепитие, именной шар и покупки в магазине; необходимо предъявить документ (или его КОПИЮ), подтверждающий льготу; действительны для указанных категорий граждан любых стран и лиц без гражданства";;https://31-12.xn--p1ai/;2026-10-09T19:31:36.925496+00:00
31-12.рф;Музей-фабрика ёлочных игрушек;tickets;Пенсионеры по возрасту;Экскурсионное обслуживание;скидка 200 руб.;;;"Скидки распространяются ТОЛЬКО на экскурсионное обслуживание; не распространяются на мастер-класс, чаепитие, именной шар и покупки в магазине; необходимо предъявить документ (или его КОПИЮ), подтверждающий льготу; действительны для указанных категорий граждан любых стран и лиц без гражданства";;https://31-12.xn--p1ai/;2026-10-09T19:31:36.925496+00:00
31-12.рф;Музей-фабрика ёлочных игрушек;tickets;Студенты любых форм обучения;Экскурсионное обслуживание;скидка 200 руб.;;;"Скидки распространяются ТОЛЬКО на экскурсионное обслуживание; не распространяются на мастер-класс, чаепитие, именной шар и покупки в магазине; необходимо предъявить документ (или его КОПИЮ), подтверждающий льготу; действительны для указанных категорий граждан любых стран и лиц без гражданства";;https://31-12.xn--p1ai/;2026-10-09T19:31:36.925496+00:00
31-12.рф;Музей-фабрика ёлочных игрушек;tickets;Инвалиды I и II группы;Экскурсионное обслуживание;скидка 200 руб.;;;"Скидки распространяются ТОЛЬКО на экскурсионное обслуживание; не распространяются на мастер-класс, чаепитие, именной шар и покупки в магазине; необходимо предъявить документ (или его КОПИЮ), подтверждающий льготу; действительны для указанных категорий граждан любых стран и лиц без гражданства";;https://31-12.xn--p1ai/;2026-10-09T19:31:36.925496+00:00
31-12.рф;Музей-фабрика ёлочных игрушек;tickets;Дети военнослужащих МО РФ, МВД РФ, ФСБ РФ;Экскурсионное обслуживание;скидка 200 руб.;;;"При предъявлении справки о том, что они являются членами семьи военнослужащего МО РФ или сотрудника МВД РФ, ФСБ РФ (выдается в штабах, частях, военкоматах); скидки распространяются ТОЛЬКО на экскурсионное обслуживание; не распространяются на мастер-класс, чаепитие, именной шар и покупки в магазине; действительны для указанных категорий граждан любых стран и лиц без гражданства";;https://31-12.xn--p1ai/;2026-10-09T19:31:36.925496+00:00
31-12.рф;Музей-фабрика ёлочных игрушек;tickets;Ветераны и участники боевых действий;Экскурсионное обслуживание;скидка 200 руб.;;;"Скидки распространяются ТОЛЬКО на экскурсионное обслуживание; не распространяются на мастер-класс, чаепитие, именной шар и покупки в магазине; необходимо предъявить документ (или его КОПИЮ), подтверждающий льготу; действительны для указанных категорий граждан любых стран и лиц без гражданства";;https://31-12.xn--p1ai/;2026-10-09T19:31:36.925496+00:00
31-12.рф;Музей-фабрика ёлочных игрушек;tickets;Индивидуальные посетители, сборные группы от 1 до 30 чел;Билет в сборную группу (до 30 человек), онлайн;сервисный сбор +5%;;;Купить билет в сборную группы (до 30 человек) необходимо заранее он-лайн (сервисный сбор +5%), в декабре большая загрузка, и все билеты могут быть распроданы заранее;;https://31-12.xn--p1ai/;2026-10-09T19:31:36.925496+00:00
31-12.рф;Музей-фабрика ёлочных игрушек;tickets;Группы от 10 до 30 человек;Предоплата за 10 билетов на экскурсию;6000-14000 руб.;;;"Для подтверждения брони в качестве предоплаты ОПЛАЧИВАЮТСЯ ТОЛЬКО 10 билетов на экскурсию; доплата за экскурсию, мастер-класс и чаепитие производится в день посещения по фактическому количеству присутствующих гостей и выбранных услуг";;https://31-12.xn--p1ai/;2026-10-09T19:31:36.925496+00:00
31-12.рф;Музей-фабрика ёлочных игрушек;free_rules;Дети до 4-х лет включительно в сопровождении родителей;Экскурсия;;;При посещении экскурсии;"Не более 3 человек на группу; в сопровождении родителей";always;https://31-12.xn--p1ai/;2026-10-09T19:31:36.925496+00:00
31-12.рф;Музей-фабрика ёлочных игрушек;free_rules;Один взрослый-сопровождающий при групповом посещении;Экскурсионное обслуживание;;;При групповом посещении (от 10 до 30 человек);Сопровождающий - лицо старше 18 лет, несущее ответственность за дисциплину и безопасность детей в группе;benefit;https://31-12.xn--p1ai/;2026-10-09T19:31:36.925496+00:00
31-12.рф;Музей-фабрика ёлочных игрушек;free_rules;Взрослые (18+);Дополнительно 2 бесплатных билета на экскурсию (до 30 человек);;;При доплате наличными на кассе музея;При доплате наличными на кассе музея;benefit;https://31-12.xn--p1ai/;2026-10-09T19:31:36.925496+00:00
31-12.рф;Музей-фабрика ёлочных игрушек;free_rules;Гости с бородой более 3 см;Экскурсия;;;При индивидуальном посещении (не более 2 человек в группе);"При применении сказочной льготы билет покупать не нужно; льготы применяются в порядке общей очереди; при покупке билета и применении сказочной льготы деньги за билеты не возвращаются";benefit;https://31-12.xn--p1ai/;2026-10-09T19:31:36.925496+00:00
31-12.рф;Музей-фабрика ёлочных игрушек;free_rules;Гости в красном пальто (длинном);Экскурсия;;;При индивидуальном посещении (не более 2 человек в группе);"При применении сказочной льготы билет покупать не нужно; льготы применяются в порядке общей очереди; при покупке билета и применении сказочной льготы деньги за билеты не возвращаются";benefit;https://31-12.xn--p1ai/;2026-10-09T19:31:36.925496+00:00
31-12.рф;Музей-фабрика ёлочных игрушек;free_rules;"Лысые ""как шар""";Экскурсия;;;При индивидуальном посещении (не более 2 человек в группе);"При применении сказочной льготы билет покупать не нужно; льготы применяются в порядке общей очереди; при покупке билета и применении сказочной льготы деньги за билеты не возвращаются";benefit;https://31-12.xn--p1ai/;2026-10-09T19:31:36.925496+00:00
31-12.рф;Музей-фабрика ёлочных игрушек;free_rules;"Беременные ""как шар""";Экскурсия;;;При индивидуальном посещении (не более 2 человек в группе);"При применении сказочной льготы билет покупать не нужно; льготы применяются в порядке общей очереди; при покупке билета и применении сказочной льготы деньги за билеты не возвращаются";benefit;https://31-12.xn--p1ai/;2026-10-09T19:31:36.925496+00:00
31-12.рф;Музей-фабрика ёлочных игрушек;free_rules;Подопечные благотворительных организаций/фондов, организующих досуг детей-инвалидов, детей-сирот, детей, оставшихся без попечения родителей, пенсионеров, инвалидов и многодетных семей;Благотворительные бесплатные экскурсии;;;Ежегодно в ноябре и январе, по будним дням;"Каждая организация может забронировать не более 2 экскурсий в день; мастер-класс, чаепитие, именной шар и покупки в магазине не входят в благотворительную программу; для бронирования выберете групповую экскурсию, а далее «Благотворительность»; с каждой благотворительной группой должен быть сопровождающий, который знает, сколько человек в его группе, готов показать копии всех документов, подтверждающие льготы; опоздавшие более чем на 10 минут на экскурсию НЕ допускаются";recurring_day;https://31-12.xn--p1ai/;2026-10-09T19:31:36.925496+00:00
animamuseum.ru;Измайловский кремль, музей анимации;tickets;дети до 5 лет, многодетные, ветераны и пенсионеры;Входные билеты, самостоятельный осмотр экспозиций музея;Льготный 300 ₽;300;;Сб-Вс: 11:00-17:00;;https://animamuseum.ru:443/prices/;2026-10-09T19:31:44.343863+00:00
animamuseum.ru;Измайловский кремль, музей анимации;tickets;Экскурсии для школьных групп;Экскурсии, мастер-классы и программы для школьных групп;1 000 - 1500 ₽;;;"Ежедневно по предварительной записи; Группы от 15 до 55 человек";;https://animamuseum.ru:443/prices/;2026-10-09T19:31:44.343863+00:00
animamuseum.ru;Измайловский кремль, музей анимации;tickets;Детские мероприятия;Дни рождения, праздничные программы, анимации, угощения и подарки;35 000 - 45 000 ₽;;;"До 15 детей, 15 взрослых + именинник; Ежедневно по предварительной записи";;https://animamuseum.ru:443/prices/;2026-10-09T19:31:44.343863+00:00
animamuseum.ru;Измайловский кремль, музей анимации;tickets;Дети от 5 лет;МультКвест, интерактивный квест по музею с заданиями, подсказками и призами;От 1 000 ₽;;;Без ограничения по времени;;https://animamuseum.ru:443/prices/;2026-10-09T19:31:44.343863+00:00
animamuseum.ru;Измайловский кремль, музей анимации;tickets;Выездные программы;Мастер-классы и шоу по анимации на вашей площадке;От 40 000 ₽;;;"До 20 человек; Площадка от 30 кв.м.";;https://animamuseum.ru:443/prices/;2026-10-09T19:31:44.343863+00:00
animamuseum.ru;Измайловский кремль, музей анимации;tickets;Экскурсии;Экскурсия «Как рождаются мультфильмы»;1000-1500 ₽;;;"6+; от 10 чел";;https://animamuseum.ru:443/;2026-10-09T19:31:44.343863+00:00
animamuseum.ru;Измайловский кремль, музей анимации;free_rules;Каждый участник мастер-класса;Бесплатный осмотр всей экспозиции музея после программы;;;после программы;после программы;benefit;https://animamuseum.ru:443/info/;2026-10-09T19:31:44.343863+00:00
animamuseum.ru;Измайловский кремль, музей анимации;free_rules;Каждый участник;Бесплатный доступ к экспозиции музея после программы;;;после программы;после программы;benefit;https://animamuseum.ru:443/info/;2026-10-09T19:31:44.343863+00:00
artcentre.moscow;Центр искусств Москва;tickets;Взрослые;галерея;700 рублей;700;;"Каждый вторник, субботу и воскресенье: 12:00–18:00; Касса закрывается в 17.30";;https://artcentre.moscow/;2026-10-09T19:31:50.320520+00:00
artcentre.moscow;Центр искусств Москва;tickets;Школьники;галерея;400 рублей;400;;"Каждый вторник, субботу и воскресенье: 12:00–18:00; Касса закрывается в 17.30";;https://artcentre.moscow/;2026-10-09T19:31:50.320520+00:00
artcentre.moscow;Центр искусств Москва;tickets;Студенты очной формы обучения;галерея;400 рублей;400;;"Каждый вторник, субботу и воскресенье: 12:00–18:00; Касса закрывается в 17.30";;https://artcentre.moscow/;2026-10-09T19:31:50.320520+00:00
artcentre.moscow;Центр искусств Москва;tickets;Пенсионеры;галерея;400 рублей;400;;"Каждый вторник, субботу и воскресенье: 12:00–18:00; Касса закрывается в 17.30";;https://artcentre.moscow/;2026-10-09T19:31:50.320520+00:00
art-story.com;Art Story;tickets;Полный билет;текущая выставка в галерее;200 рублей;200;;Билет, приобретенный онлайн, дает право посетить только текущую выставку в любой день в рабочие часы галереи;;https://www.art-story.com/https-www-art-story-com-kontaktyi-biletyi/;2026-10-09T19:31:49.826355+00:00
art-story.com;Art Story;tickets;"Льготный билет: лица до 18 лет; студенты дневной и вечерней формы обучения ВУЗов и СУЗов РФ; члены многодетных семей РФ";текущая выставка в галерее;100 рублей;100;;Льготы и право бесплатного прохода предоставляются при предъявлении подтверждающих документов;;https://www.art-story.com/https-www-art-story-com-kontaktyi-biletyi/;2026-10-09T19:31:49.826355+00:00
art-story.com;Art Story;free_rules;"Пенсионеры РФ; дети дошкольного возраста; студенты факультетов, специализирующихся в сфере изобразительного искусства, архитектуры и кинематографии ВУЗов и СУЗов РФ; инвалиды 1 группы (граждане РФ и СНГ), посетители на инвалидных колясках; дети-инвалиды (граждане РФ и СНГ); лица, сопровождающие инвалидов 1 группы, детей-инвалидов; учащиеся общеобразовательных учреждений-приютов, реабилитационных центров, центров социальной помощи семье и детям (граждане РФ); военнослужащие срочной службы (граждане РФ); ветераны ВОВ РФ и стран СНГ, инвалиды войны РФ и стран СНГ, ветераны боевых действий РФ; сотрудники музеев системы Министерства культуры РФ и члены международного совета музеев (ICOM); члены Ассоциации искусствоведов РФ, Российской академии художеств, Союза художников России; официальные представители СМИ";текущая выставка в галерее;;;в рабочие часы галереи;Льготы и право бесплатного прохода предоставляются при предъявлении подтверждающих документов;benefit;https://www.art-story.com/https-www-art-story-com-kontaktyi-biletyi/;2026-10-09T19:31:49.826355+00:00
apple-museum.ru;Музей техники Apple;tickets;Школьники;Самостоятельное посещение музея;400 ₽;400;;"Самостоятельное посещение; Среда: 17.00-21.00, вход до 20.00; Суббота, Воскресенье: 12.00–18.00, вход до 17.00";;https://apple-museum.ru/;2026-10-09T19:31:47.354497+00:00
apple-museum.ru;Музей техники Apple;tickets;Студенты;Самостоятельное посещение музея;600 ₽;600;;"Самостоятельное посещение; Среда: 17.00-21.00, вход до 20.00; Суббота, Воскресенье: 12.00–18.00, вход до 17.00";;https://apple-museum.ru/;2026-10-09T19:31:47.354497+00:00
apple-museum.ru;Музей техники Apple;tickets;Взрослые;Самостоятельное посещение музея;700 ₽;700;;"Самостоятельное посещение; Среда: 17.00-21.00, вход до 20.00; Суббота, Воскресенье: 12.00–18.00, вход до 17.00";;https://apple-museum.ru/;2026-10-09T19:31:47.354497+00:00
apple-museum.ru;Музей техники Apple;tickets;Школьники, группа 16-25 человек;Групповые экскурсии;500 ₽ за каждого посетителя;500;;"Экскурсии проводятся по заявкам для групп до 25 человек; заявка минимум за три дня; 2 сопровождающих — бесплатно";;https://apple-museum.ru/;2026-10-09T19:31:47.354497+00:00
apple-museum.ru;Музей техники Apple;tickets;Школьники, группа 2-15 человек;Групповые экскурсии;7500 ₽ за всю группу;7500;;"Экскурсии проводятся по заявкам для групп до 25 человек; заявка минимум за три дня";;https://apple-museum.ru/;2026-10-09T19:31:47.354497+00:00
apple-museum.ru;Музей техники Apple;tickets;Студенты, группа 16-25 человек;Групповые экскурсии;650 ₽ за каждого посетителя;650;;"Экскурсии проводятся по заявкам для групп до 25 человек; заявка минимум за три дня; 2 сопровождающих — бесплатно";;https://apple-museum.ru/;2026-10-09T19:31:47.354497+00:00
apple-museum.ru;Музей техники Apple;tickets;Студенты, группа 2-15 человек;Групповые экскурсии;9750 ₽ за всю группу;9750;;"Экскурсии проводятся по заявкам для групп до 25 человек; заявка минимум за три дня";;https://apple-museum.ru/;2026-10-09T19:31:47.354497+00:00
apple-museum.ru;Музей техники Apple;tickets;Взрослые, группа 16-25 человек;Групповые экскурсии;750 ₽ за каждого посетителя;750;;"Экскурсии проводятся по заявкам для групп до 25 человек; заявка минимум за три дня";;https://apple-museum.ru/;2026-10-09T19:31:47.354497+00:00
apple-museum.ru;Музей техники Apple;tickets;Взрослые, группа 2-15 человек;Групповые экскурсии;11250 ₽ за всю группу;11250;;"Экскурсии проводятся по заявкам для групп до 25 человек; заявка минимум за три дня";;https://apple-museum.ru/;2026-10-09T19:31:47.354497+00:00
apple-museum.ru;Музей техники Apple;free_rules;2 сопровождающих (школьники, группа 16-25 человек);Групповые экскурсии;;;при групповой экскурсии для школьников группой 16-25 человек;"Экскурсии проводятся по заявкам для групп до 25 человек; заявка минимум за три дня";benefit;https://apple-museum.ru/;2026-10-09T19:31:47.354497+00:00
apple-museum.ru;Музей техники Apple;free_rules;2 сопровождающих (студенты, группа 16-25 человек);Групповые экскурсии;;;при групповой экскурсии для студентов группой 16-25 человек;"Экскурсии проводятся по заявкам для групп до 25 человек; заявка минимум за три дня";benefit;https://apple-museum.ru/;2026-10-09T19:31:47.354497+00:00
artdynamics.ru;АртДинамикс;free_rules;Дети до 3 лет;музей;;;могут посещать музей бесплатно;в сопровождении взрослого, если иное не предусмотрено условиями конкретного мероприятия;always;https://artdynamics.ru/rules;2026-10-09T19:31:52.164811+00:00
artplay.ru;Малый выставочный зал;tickets;Посетители ДизайнВыставки (дизайнеры интерьера, архитекторы, комплектаторы, частные заказчики);4-я ДизайнВыставка интерьерных предметов и архитектурных решений, Малый выставочный зал, 11-12 сентября 2024;Бесплатные билеты по промокоду ARTPLAYDV;;;"Бесплатные билеты по промокоду ARTPLAYDV 2024 на сайте; даты 11-12 сентября 2024 года; время работы с 11.00 до 20.00";;https://artplay.ru/event/dizaynvystavka;2026-10-09T19:31:52.608327+00:00
artplay.ru;Малый выставочный зал;free_rules;Все желающие (арт-экскурсия по ARTPLAY с куратором Дарьей Ивашкиной);Арт-экскурсия по ARTPLAY, сбор у Инфоцентра в строении 2;;;16 июня, начало в 18:00;"По регистрации; ссылка https://artplay-design.timepad.ru/event/4026537/";dated_event;https://artplay.ru/event/ekskursiya-po-artplay-s-art-kuratorom-klastera-darey-ivashkinoy;2026-10-09T19:31:52.608327+00:00
artdecomuseum.ru;АР Деко;tickets;Полный;входной билет в музей;350 рублей;350;;музей временно работает в режиме онлайн;;http://artdecomuseum.ru/rezhim-raboty-i-stoimost-biletov;2026-10-09T19:31:50.778796+00:00
artdecomuseum.ru;АР Деко;tickets;"Льготный: посетители в возрасте от 7 до 17 лет; учащиеся очной формы учреждений начального, среднего профессионального образования; студенты дневной очной формы обучения вузов РФ; члены многодетных семей; пенсионеры";входной билет в музей;200 рублей;200;;музей временно работает в режиме онлайн;;http://artdecomuseum.ru/rezhim-raboty-i-stoimost-biletov;2026-10-09T19:31:50.778796+00:00
artdecomuseum.ru;АР Деко;tickets;Любительская фотосъёмка на телефон;фотосъёмка;100 руб.;100;;любительская, на телефон;;http://artdecomuseum.ru/rezhim-raboty-i-stoimost-biletov;2026-10-09T19:31:50.778796+00:00
artdecomuseum.ru;АР Деко;tickets;Аудиогид;аудиогид;350 руб.;350;;;;http://artdecomuseum.ru/rezhim-raboty-i-stoimost-biletov;2026-10-09T19:31:50.778796+00:00
artdecomuseum.ru;АР Деко;free_rules;"дети в возрасте до 6 лет включительно; ветераны Великой Отечественной войны; инвалиды I, II, III группы; военнослужащие срочной службы; ветераны боевых действий; дети-сироты и дети, оставшихся без попечения родителей, дети-инвалиды; студенты художественных и архитектурных вузов, студенты факультетов, специализирующихся в сфере изобразительного искусства; сотрудники музеев РФ; члены Российской Академии художеств и Союзов художников, архитекторов и дизайнеров РФ; члены Международного комитета музеев ICOM и члены Ассоциации искусствоведов РФ; владельцы карт ISIC; члены Союза журналистов Москвы";входной билет в музей;;;Бесплатно;музей временно работает в режиме онлайн;benefit;http://artdecomuseum.ru/rezhim-raboty-i-stoimost-biletov;2026-10-09T19:31:50.778796+00:00
audioguide.cdm-moscow.ru;Музей детства;tickets;все посетители;Смотровая площадка, входной билет;399 рублей;399;;Билет с открытой датой, действителен в любой день работы площадки. Администрация оставляет за собой право закрыть доступ на Смотровую площадку в дни праздничных мероприятий, во время проведения салюта или в связи с погодными условиями.;;https://audioguide.cdm-moscow.ru/;2026-10-09T19:31:58.316567+00:00
automuseum.ru;Автомобили мира, музей;tickets;1 посетитель (взрослый, без льгот);Самостоятельное посещение, входной билет;1750 ₽;1750;;"Самостоятельное посещение музея; групповые экскурсии для всех посетителей, купивших билет: по будням в 17:00, в выходные в 10:00";;https://automuseum.ru/cost;2026-10-09T19:31:58.362298+00:00
automuseum.ru;Автомобили мира, музей;tickets;"Льготный стандартный билет: пенсионеры; студенты очной формы обучения; многодетные семьи; дети в возрасте от 3 до 10 лет";Самостоятельное посещение, льготный стандартный билет;1450 ₽;1450;;Для оформления льготного билета необходимо предоставить соответствующие документы при покупке;;https://automuseum.ru/cost;2026-10-09T19:31:58.362298+00:00
automuseum.ru;Автомобили мира, музей;tickets;1 посетитель (без льгот);Комбо билет: автомузей + временная выставка;1750 ₽;1750;;Комбо билет: автомузей + временная выставка;;https://automuseum.ru/cost;2026-10-09T19:31:58.362298+00:00
automuseum.ru;Автомобили мира, музей;tickets;"Льготная категория (пенсионеры; студенты очной формы обучения; многодетные семьи; дети в возрасте от 3 до 10 лет)";Льготный комбо билет: автомузей + временная выставка;1350 ₽;1350;;Для оформления льготного билета необходимо предоставить соответствующие документы при покупке;;https://automuseum.ru/cost;2026-10-09T19:31:58.362298+00:00
automuseum.ru;Автомобили мира, музей;tickets;Группа до 5 человек;Экскурсия;8 750 ₽;8750;;"Группа до 5 человек; бронирование через форму";;https://automuseum.ru/cost;2026-10-09T19:31:58.362298+00:00
automuseum.ru;Автомобили мира, музей;tickets;Группа до 15 человек;Экскурсия;21 750 ₽;21750;;"Группа до 15 человек; бронирование через форму";;https://automuseum.ru/cost;2026-10-09T19:31:58.362298+00:00
automuseum.ru;Автомобили мира, музей;tickets;Группа до 25 человек;Экскурсия;36 250 ₽;36250;;"Группа до 25 человек; бронирование через форму";;https://automuseum.ru/cost;2026-10-09T19:31:58.362298+00:00
automuseum.ru;Автомобили мира, музей;tickets;Держатель годового абонемента;Годовой абонемент: неограниченное посещение музея в течение одного года с даты приобретения;5000 ₽;5000;;"Неограниченное посещение музея в течение одного года с даты приобретения; срок 1 год";;https://automuseum.ru/cost;2026-10-09T19:31:58.362298+00:00
automuseum.ru;Автомобили мира, музей;tickets;Держатель VIP билета;VIP билет: индивидуальная экскурсия и возможность посидеть за рулем любого автомобиля;12 500 ₽;12500;;"Разовый; индивидуальная экскурсия и посидеть за рулем любого автомобиля";;https://automuseum.ru/cost;2026-10-09T19:31:58.362298+00:00
automuseum.ru;Автомобили мира, музей;tickets;Держатель подарочного билета;Подарочный билет: основная экспозиция автомузея и выставка;1 750 ₽;1750;;"Разовый; возможность посетить основную экспозицию автомузея и выставку";;https://automuseum.ru/cost;2026-10-09T19:31:58.362298+00:00
automuseum.ru;Автомобили мира, музей;tickets;Катание для 1-го;Катание на ретро авто;400 ₽;400;;Катание на ретро авто;;https://automuseum.ru/cost;2026-10-09T19:31:58.362298+00:00
automuseum.ru;Автомобили мира, музей;tickets;Катание для 2-х;Катание на ретро авто;500 ₽;500;;Катание на ретро авто;;https://automuseum.ru/cost;2026-10-09T19:31:58.362298+00:00
automuseum.ru;Автомобили мира, музей;tickets;Катание для 3-х;Катание на ретро авто;600 ₽;600;;Катание на ретро авто;;https://automuseum.ru/cost;2026-10-09T19:31:58.362298+00:00
automuseum.ru;Автомобили мира, музей;free_rules;Все посетители;Финальный выезд баварцев: закрываем сезон с драйвом! BMW всех поколений и модификаций;;;19 сентября в 14:00;Вход свободный;dated_event;https://automuseum.ru/;2026-10-09T19:31:58.362298+00:00
azart.moscow;Az/art;tickets;Взрослые;Платное посещение;400 ₽;400;;Оформите свой билет на сайте или в кассе ЦСИ AZART;;https://azart.moscow/visitor/?tab=tickets;2026-10-09T19:32:04.329676+00:00
azart.moscow;Az/art;tickets;Пенсионеры*;Платное посещение;200 ₽;200;;* Цены указаны при предъявлении документа, подтверждающего льготу;;https://azart.moscow/visitor/?tab=tickets;2026-10-09T19:32:04.329676+00:00
azart.moscow;Az/art;tickets;Студенты*;Платное посещение;200 ₽;200;;* Цены указаны при предъявлении документа, подтверждающего льготу;;https://azart.moscow/visitor/?tab=tickets;2026-10-09T19:32:04.329676+00:00
azart.moscow;Az/art;tickets;Художники, архитекторы, дизайнеры*;Платное посещение;100 ₽;100;;* Цены указаны при предъявлении документа, подтверждающего льготу;;https://azart.moscow/visitor/?tab=tickets;2026-10-09T19:32:04.329676+00:00
azart.moscow;Az/art;tickets;Многодетные семьи*;Платное посещение;100 ₽;100;;* Цены указаны при предъявлении документа, подтверждающего льготу;;https://azart.moscow/visitor/?tab=tickets;2026-10-09T19:32:04.329676+00:00
azart.moscow;Az/art;tickets;Дети до 17 лет;Бесплатное посещение;0 ₽;0;;Оформите свой билет на сайте или в кассе ЦСИ AZART;;https://azart.moscow/visitor/?tab=tickets;2026-10-09T19:32:04.329676+00:00
azart.moscow;Az/art;tickets;Студенты факультетов в сфере изобразительного искусства и архитектуры;Бесплатное посещение;0 ₽;0;;Оформите свой билет на сайте или в кассе ЦСИ AZART;;https://azart.moscow/visitor/?tab=tickets;2026-10-09T19:32:04.329676+00:00
azart.moscow;Az/art;tickets;Посетители с инвалидностью и один сопровождающий;Бесплатное посещение;0 ₽;0;;Оформите свой билет на сайте или в кассе ЦСИ AZART;;https://azart.moscow/visitor/?tab=tickets;2026-10-09T19:32:04.329676+00:00
azart.moscow;Az/art;tickets;Сотрудники музеев;Бесплатное посещение;0 ₽;0;;Оформите свой билет на сайте или в кассе ЦСИ AZART;;https://azart.moscow/visitor/?tab=tickets;2026-10-09T19:32:04.329676+00:00
azart.moscow;Az/art;tickets;Журналисты;Бесплатное посещение;0 ₽;0;;Оформите свой билет на сайте или в кассе ЦСИ AZART;;https://azart.moscow/visitor/?tab=tickets;2026-10-09T19:32:04.329676+00:00
azart.moscow;Az/art;tickets;Члены ИКОМ;Бесплатное посещение;0 ₽;0;;Оформите свой билет на сайте или в кассе ЦСИ AZART;;https://azart.moscow/visitor/?tab=tickets;2026-10-09T19:32:04.329676+00:00
azart.moscow;Az/art;tickets;Ветераны ВОВ, инвалиды войны и ветераны боевых действий;Бесплатное посещение;0 ₽;0;;Оформите свой билет на сайте или в кассе ЦСИ AZART;;https://azart.moscow/visitor/?tab=tickets;2026-10-09T19:32:04.329676+00:00
azart.moscow;Az/art;tickets;Военнослужащие срочной службы Российской Федерации;Бесплатное посещение;0 ₽;0;;Оформите свой билет на сайте или в кассе ЦСИ AZART;;https://azart.moscow/visitor/?tab=tickets;2026-10-09T19:32:04.329676+00:00
azart.moscow;Az/art;tickets;Участники СВО и члены их семей;Бесплатное посещение;0 ₽;0;;Оформите свой билет на сайте или в кассе ЦСИ AZART;;https://azart.moscow/visitor/?tab=tickets;2026-10-09T19:32:04.329676+00:00
azart.moscow;Az/art;tickets;Держатели карты музейного волонтера «Спутник»;Бесплатное посещение;0 ₽;0;;Оформите свой билет на сайте или в кассе ЦСИ AZART;;https://azart.moscow/visitor/?tab=tickets;2026-10-09T19:32:04.329676+00:00
azart.moscow;Az/art;tickets;Сборная экскурсия по выставке;Экскурсия;500–800 рублей;;;Посещение в составе сборной экскурсии;;https://azart.moscow/visitor/?tab=tickets;2026-10-09T19:32:04.329676+00:00
azart.moscow;Az/art;tickets;Индивидуальный тур (1–10 человек);Экскурсия;5000 рублей;5000;;стоимость билета на выставку в стоимость индивидуального тура не включена;;https://azart.moscow/visitor/?tab=tickets;2026-10-09T19:32:04.329676+00:00
azart.moscow;Az/art;tickets;Экскурсия с куратором Ириной Седовой по выставке «Они были разными. Скульптура Оттепели»;Экскурсия;600 — 1000 ₽;;;14 октября — 28 октября;;https://azart.moscow/visitor/?tab=tickets;2026-10-09T19:32:04.329676+00:00
azart.moscow;Az/art;tickets;Экскурсия по выставке «Они были разными. Скульптура Оттепели»;Экскурсия;300–600 ₽;;;10 сентября — 29 ноября;;https://azart.moscow/visitor/?tab=tickets;2026-10-09T19:32:04.329676+00:00
azart.moscow;Az/art;tickets;Экскурсионный маршрут / Арт-истории Ивановской горки: усадьбы, мастерские, сквоты;Экскурсия;1500 ₽;1500;;11 октября — 11 октября 12:30;;https://azart.moscow/visitor/?tab=tickets;2026-10-09T19:32:04.329676+00:00
azart.moscow;Az/art;tickets;Экскурсионный маршрут / От ВХУТЕМАСа до AZ ARTа;Экскурсия;1500 ₽;1500;;12 сентября — 18 октября 12:30;;https://azart.moscow/visitor/?tab=tickets;2026-10-09T19:32:04.329676+00:00
azart.moscow;Az/art;free_rules;Дети до 17 лет;Бесплатное посещение;;;Бесплатное посещение;Оформите свой билет на сайте или в кассе ЦСИ AZART;always;https://azart.moscow/visitor/?tab=tickets;2026-10-09T19:32:04.329676+00:00
azart.moscow;Az/art;free_rules;Все посетители;вход на выставку;;;По понедельникам;Оформите свой билет на сайте или в кассе ЦСИ AZART;recurring_day;https://azart.moscow/visitor/?tab=tickets;2026-10-09T19:32:04.329676+00:00
bakhrushinmuseum.ru;Государственный центральный театральный музей им. Бахрушина А. А.;free_rules;дети до 7 – лет;постоянные экспозиции;;;в любой рабочий день музея;Бесплатное посещение постоянных экспозиций в любой рабочий день музея;always;https://www.bakhrushinmuseum.ru/polzovatelskoe-soglashenie/;2026-10-09T19:32:04.879049+00:00
bakhrushinmuseum.ru;Государственный центральный театральный музей им. Бахрушина А. А.;free_rules;Герои Советского Союза, Герои России, Полные кавалеры Ордена Славы;постоянные экспозиции;;;в любой рабочий день музея;при предъявлении удостоверения;always;https://www.bakhrushinmuseum.ru/polzovatelskoe-soglashenie/;2026-10-09T19:32:04.879049+00:00
bakhrushinmuseum.ru;Государственный центральный театральный музей им. Бахрушина А. А.;free_rules;Участники и Ветераны Великой Отечественной войны РФ и стран СНГ;постоянные экспозиции;;;в любой рабочий день музея;при предъявлении удостоверения;always;https://www.bakhrushinmuseum.ru/polzovatelskoe-soglashenie/;2026-10-09T19:32:04.879049+00:00
bakhrushinmuseum.ru;Государственный центральный театральный музей им. Бахрушина А. А.;free_rules;Лица, награжденные медалью «За оборону Ленинграда» или «Житель блокадного Ленинграда», труженики тыла;постоянные экспозиции;;;в любой рабочий день музея;при предъявлении удостоверения;always;https://www.bakhrushinmuseum.ru/polzovatelskoe-soglashenie/;2026-10-09T19:32:04.879049+00:00
bakhrushinmuseum.ru;Государственный центральный театральный музей им. Бахрушина А. А.;free_rules;Незаконно репрессированные и реабилитированные граждане;постоянные экспозиции;;;в любой рабочий день музея;при предъявлении справки;always;https://www.bakhrushinmuseum.ru/polzovatelskoe-soglashenie/;2026-10-09T19:32:04.879049+00:00
bakhrushinmuseum.ru;Государственный центральный театральный музей им. Бахрушина А. А.;free_rules;Участники боевых действий, приравненные к ветеранам ВОВ;постоянные экспозиции;;;в любой рабочий день музея;при предъявлении удостоверения;always;https://www.bakhrushinmuseum.ru/polzovatelskoe-soglashenie/;2026-10-09T19:32:04.879049+00:00
bakhrushinmuseum.ru;Государственный центральный театральный музей им. Бахрушина А. А.;free_rules;Участники СВО;постоянные экспозиции;;;в любой рабочий день музея;Бесплатное посещение постоянных экспозиций в любой рабочий день музея;always;https://www.bakhrushinmuseum.ru/polzovatelskoe-soglashenie/;2026-10-09T19:32:04.879049+00:00
bakhrushinmuseum.ru;Государственный центральный театральный музей им. Бахрушина А. А.;free_rules;Члены семей участников СВО;постоянные экспозиции;;;в любой рабочий день музея;при предъявлении подтверждающих документов;always;https://www.bakhrushinmuseum.ru/polzovatelskoe-soglashenie/;2026-10-09T19:32:04.879049+00:00
bakhrushinmuseum.ru;Государственный центральный театральный музей им. Бахрушина А. А.;free_rules;Многодетные семьи;постоянные экспозиции;;;в любой рабочий день музея;при предъявлении удостоверения, подтверждающего статус многодетной семьи, или двухмерного штрихового кода (QR-кода), содержащегося в электронном удостоверении многодетной семьи;always;https://www.bakhrushinmuseum.ru/polzovatelskoe-soglashenie/;2026-10-09T19:32:04.879049+00:00
bakhrushinmuseum.ru;Государственный центральный театральный музей им. Бахрушина А. А.;free_rules;Учащиеся общеобразовательных учреждений – приютов, реабилитационных центров, центров социальной помощи семье и детям;постоянные экспозиции;;;в любой рабочий день музея;при предъявлении справки;always;https://www.bakhrushinmuseum.ru/polzovatelskoe-soglashenie/;2026-10-09T19:32:04.879049+00:00
bakhrushinmuseum.ru;Государственный центральный театральный музей им. Бахрушина А. А.;free_rules;Дети-сироты и дети, оставшиеся без попечения родителей, лицо, сопровождающее ребенка;постоянные экспозиции;;;в любой рабочий день музея;при предъявлении справки;always;https://www.bakhrushinmuseum.ru/polzovatelskoe-soglashenie/;2026-10-09T19:32:04.879049+00:00
bakhrushinmuseum.ru;Государственный центральный театральный музей им. Бахрушина А. А.;free_rules;Инвалиды I или II группы, дети-инвалиды, лицо, сопровождающее инвалида I или II группы либо инвалида с детства;постоянные экспозиции;;;в любой рабочий день музея;при предъявлении любого удостоверения личности и справка об инвалидности или её копии;always;https://www.bakhrushinmuseum.ru/polzovatelskoe-soglashenie/;2026-10-09T19:32:04.879049+00:00
bakhrushinmuseum.ru;Государственный центральный театральный музей им. Бахрушина А. А.;free_rules;Сотрудники музеев РФ, члены UNESCO и ICOM, члены Ассоциации искусствоведов РФ;постоянные экспозиции;;;в любой рабочий день музея;при предъявлении удостоверения;always;https://www.bakhrushinmuseum.ru/polzovatelskoe-soglashenie/;2026-10-09T19:32:04.879049+00:00
bakhrushinmuseum.ru;Государственный центральный театральный музей им. Бахрушина А. А.;free_rules;Члены СТД РФ;постоянные экспозиции;;;в любой рабочий день музея;при предъявлении удостоверения;always;https://www.bakhrushinmuseum.ru/polzovatelskoe-soglashenie/;2026-10-09T19:32:04.879049+00:00
bakhrushinmuseum.ru;Государственный центральный театральный музей им. Бахрушина А. А.;free_rules;Студенты профильных вузов РФ и стран СНГ, в том числе иностранные граждане – студенты вузов РФ /дневная форма обучения/;постоянные экспозиции;;;в любой рабочий день музея;при предъявлении студенческого билета;always;https://www.bakhrushinmuseum.ru/polzovatelskoe-soglashenie/;2026-10-09T19:32:04.879049+00:00
bakhrushinmuseum.ru;Государственный центральный театральный музей им. Бахрушина А. А.;free_rules;Гиды-переводчики, имеющие аккредитационную карту ассоциации гидов-переводчиков и турменеджеров РФ, сопровождающие группу туристов;постоянные экспозиции;;;в любой рабочий день музея;при предъявлении удостоверения;always;https://www.bakhrushinmuseum.ru/polzovatelskoe-soglashenie/;2026-10-09T19:32:04.879049+00:00
bakhrushinmuseum.ru;Государственный центральный театральный музей им. Бахрушина А. А.;free_rules;Официальные представители средств массовой информации;постоянные экспозиции;;;в любой рабочий день музея;при предъявлении соответствующего удостоверения (пресс – карты);always;https://www.bakhrushinmuseum.ru/polzovatelskoe-soglashenie/;2026-10-09T19:32:04.879049+00:00
bakhrushinmuseum.ru;Государственный центральный театральный музей им. Бахрушина А. А.;free_rules;Художники – члены творческих союзов (посещение художественных выставок);постоянные экспозиции;;;в любой рабочий день музея;при предъявлении удостоверения;always;https://www.bakhrushinmuseum.ru/polzovatelskoe-soglashenie/;2026-10-09T19:32:04.879049+00:00
bakhrushinmuseum.ru;Государственный центральный театральный музей им. Бахрушина А. А.;free_rules;Общественный совет МК РФ;постоянные экспозиции;;;в любой рабочий день музея;Бесплатное посещение постоянных экспозиций в любой рабочий день музея;always;https://www.bakhrushinmuseum.ru/polzovatelskoe-soglashenie/;2026-10-09T19:32:04.879049+00:00
bakhrushinmuseum.ru;Государственный центральный театральный музей им. Бахрушина А. А.;free_rules;Лица, обучающиеся в образовательных учреждениях среднего /полного/ общего образования с дополнительной программой, имеющей целью военную подготовку несовершеннолетних граждан /в частности, учащиеся суворовских военных, нахимовских военно-морских, военно-музыкальных училищ/;постоянные экспозиции;;;по четвергам;при предъявлении удостоверения или ученического/курсантского билета;recurring_day;https://www.bakhrushinmuseum.ru/polzovatelskoe-soglashenie/;2026-10-09T19:32:04.879049+00:00
bakhrushinmuseum.ru;Государственный центральный театральный музей им. Бахрушина А. А.;free_rules;Лица, подвергшиеся воздействию радиации вследствие катастрофы на Чернобыльской АЭС, испытаний на Семипалатинском полигоне и приравненные к ним категории граждан;постоянные экспозиции;;;каждую третью субботу месяца;Бесплатное посещение постоянных экспозиций в специально отведённые дни;recurring_day;https://www.bakhrushinmuseum.ru/polzovatelskoe-soglashenie/;2026-10-09T19:32:04.879049+00:00
bakhrushinmuseum.ru;Государственный центральный театральный музей им. Бахрушина А. А.;free_rules;Военнослужащие срочной службы РФ;постоянные экспозиции;;;каждую третью субботу месяца;при предъявлении удостоверения;recurring_day;https://www.bakhrushinmuseum.ru/polzovatelskoe-soglashenie/;2026-10-09T19:32:04.879049+00:00
bakhrushinmuseum.ru;Государственный центральный театральный музей им. Бахрушина А. А.;free_rules;Лица, не достигшие 18-летнего возраста;постоянные экспозиции;;;каждый третий четверг месяца;при предъявлении удостоверения личности;recurring_day;https://www.bakhrushinmuseum.ru/polzovatelskoe-soglashenie/;2026-10-09T19:32:04.879049+00:00
bakhrushinmuseum.ru;Государственный центральный театральный музей им. Бахрушина А. А.;free_rules;Студенты вузов РФ и стран СНГ, в том числе иностранные граждане-студенты вузов РФ /дневная форма обучения/;постоянные экспозиции;;;каждый третий четверг месяца;при предъявлении студенческого билета;recurring_day;https://www.bakhrushinmuseum.ru/polzovatelskoe-soglashenie/;2026-10-09T19:32:04.879049+00:00
belyaevo.vzmoscow.ru;Галерея Беляево;tickets;Комплексный билет (посещение двух параллельно идущих выставок);Галерея Беляево, комплексный билет;500 рублей;500;;;;https://belyaevo.vzmoscow.ru/contacts;2026-10-09T19:32:10.239069+00:00
belyaevo.vzmoscow.ru;Галерея Беляево;tickets;Комплексный билет для льготных категорий;Галерея Беляево, комплексный билет;250 рублей;250;;;;https://belyaevo.vzmoscow.ru/contacts;2026-10-09T19:32:10.239069+00:00
belyaevo.vzmoscow.ru;Галерея Беляево;tickets;Стандартный билет;Галерея Беляево;400 рублей;400;;;;https://belyaevo.vzmoscow.ru/contacts;2026-10-09T19:32:10.239069+00:00
belyaevo.vzmoscow.ru;Галерея Беляево;tickets;Льготный билет;Галерея Беляево;200 рублей;200;;;;https://belyaevo.vzmoscow.ru/contacts;2026-10-09T19:32:10.239069+00:00
belyaevo.vzmoscow.ru;Галерея Беляево;tickets;Стандартный билет;Выставочный Зал Варги;300 рублей;300;;;;https://belyaevo.vzmoscow.ru/contacts;2026-10-09T19:32:10.239069+00:00
belyaevo.vzmoscow.ru;Галерея Беляево;tickets;Льготный билет;Выставочный Зал Варги;150 рублей;150;;;;https://belyaevo.vzmoscow.ru/contacts;2026-10-09T19:32:10.239069+00:00
belyaevo.vzmoscow.ru;Галерея Беляево;free_rules;Все посетители;вход на выставки;;;Каждое третье воскресенье месяца в рамках Московской музейной недели;необходимо зарегистрировать электронный билет на Портале mos.ru;recurring_day;https://belyaevo.vzmoscow.ru/contacts;2026-10-09T19:32:10.239069+00:00
belvorobey.ru;Белый воробей;tickets;группа (школьники и др.);Экскурсии (60 мин);от 1300 руб.;;;"Цены на билеты зависят от программы; Забронировать билеты можно онлайн на сайте музея";;https://belvorobey.ru/;2026-10-09T19:32:10.092694+00:00
belvorobey.ru;Белый воробей;tickets;группа (школьники и др.);Мастер-классы (90 мин);от 1500 руб.;;;"Цены на билеты зависят от программы; Забронировать билеты можно онлайн на сайте музея";;https://belvorobey.ru/;2026-10-09T19:32:10.092694+00:00
belvorobey.ru;Белый воробей;tickets;группа (школьники и др.);Праздники (120 мин);от 2500 руб.;;;"Цены на билеты зависят от программы; Забронировать билеты можно онлайн на сайте музея";;https://belvorobey.ru/;2026-10-09T19:32:10.092694+00:00
belvorobey.ru;Белый воробей;tickets;Двое сопровождающих для группы;сопровождение группы;бесплатно;0;;Двое сопровождающих для группы;;https://belvorobey.ru/;2026-10-09T19:32:10.092694+00:00
belvorobey.ru;Белый воробей;free_rules;Двое сопровождающих для группы;сопровождение группы;;;при посещении группы;Двое сопровождающих для группы;benefit;https://belvorobey.ru/;2026-10-09T19:32:10.092694+00:00
bunker703.ru;Бункер-703;tickets;покупатель подарочного билета (без указания возраста и гражданства);посещение любой сборной экскурсии по расписанию музея, подарочный билет с открытой датой;2300 рублей;2300;;Для активации необходимо забронировать по почте или телефону музея. Электронный вариант вышлем на e-mail. Подарочный билет действителен в течение 6 месяцев. Для посещения экскурсии по подарочному билету необходимо будет заранее забронировать места на сайте, по телефону или написав нам на почту.;;https://bunker703.ru/certificate/;2026-10-09T19:32:12.151461+00:00
bunker703.ru;Бункер-703;tickets;покупатель подарочного билета на индивидуальную группу до 14 человек (без указания возраста и гражданства);индивидуальная группа до 14 человек с любой программой / с любым сотрудником музея, в согласованное с вами время, подарочный билет с открытой датой;30800 рублей;30800;;Для активации необходимо забронировать по почте или телефону музея. Электронный вариант вышлем на e-mail. Подарочный билет действителен в течение 6 месяцев.;;https://bunker703.ru/certificate/;2026-10-09T19:32:12.151461+00:00
brickstar.ru;Музей Лего Brick Star;tickets;от 7 лет включительно;Музей конструктора Лего Brick Star, Москва, Трубная площадь, д2;1 080 ₽;1080;;При покупке билетов онлайн действует скидка -10%;;https://brickstar.ru:443/tickets/;2026-10-09T19:32:11.049309+00:00
brickstar.ru;Музей Лего Brick Star;tickets;до 7 лет;Музей конструктора Лего Brick Star, Москва, Трубная площадь, д2;810 ₽;810;;При покупке билетов онлайн действует скидка -10%;;https://brickstar.ru:443/tickets/;2026-10-09T19:32:11.049309+00:00
brickstar.ru;Музей Лего Brick Star;tickets;до 7 лет;Музей конструктора Лего Brick Star (Санкт-Петербург) в ТЦ Пассаж, Невский проспект, 48;810 ₽;810;;При покупке билетов онлайн действует скидка -10%;;https://brickstar.ru:443/tickets/;2026-10-09T19:32:11.049309+00:00
brickstar.ru;Музей Лего Brick Star;tickets;от 7 лет включительно;Музей конструктора Лего Brick Star (Санкт-Петербург) в ТЦ Пассаж, Невский проспект, 48;1 080 ₽;1080;;При покупке билетов онлайн действует скидка -10%;;https://brickstar.ru:443/tickets/;2026-10-09T19:32:11.049309+00:00
brickstar.ru;Музей Лего Brick Star;tickets;до 7 лет;интерактивная выставка «Вселенная Лего» на ВДНХ, Москва, 2-я Останкинская ул., 3;810 ₽;810;;При покупке билетов онлайн действует скидка -10%;;https://brickstar.ru:443/tickets/;2026-10-09T19:32:11.049309+00:00
brickstar.ru;Музей Лего Brick Star;tickets;от 7 лет включительно;интерактивная выставка «Вселенная Лего» на ВДНХ, Москва, 2-я Останкинская ул., 3;1 080 ₽;1080;;При покупке билетов онлайн действует скидка -10%;;https://brickstar.ru:443/tickets/;2026-10-09T19:32:11.049309+00:00
brickstar.ru;Музей Лего Brick Star;tickets;до 7 лет;Мир из Лего Brick Star в ТЦ Остров Мечты;810 ₽;810;;При покупке билетов онлайн действует скидка -10%;;https://brickstar.ru:443/tickets/;2026-10-09T19:32:11.049309+00:00
brickstar.ru;Музей Лего Brick Star;tickets;от 7 лет включительно;Мир из Лего Brick Star в ТЦ Остров Мечты;1 080 ₽;1080;;При покупке билетов онлайн действует скидка -10%;;https://brickstar.ru:443/tickets/;2026-10-09T19:32:11.049309+00:00
brickstar.ru;Музей Лего Brick Star;tickets;льготный;Мир из Лего Brick Star в ТЦ Остров Мечты;800 ₽;800;;Только в кассе. Этот билет можно приобрести только в кассе музея.;;https://brickstar.ru:443/tickets/;2026-10-09T19:32:11.049309+00:00
butterflarium.ru;Дом бабочек, Муравьёв и Рептилий;tickets;все посетители;"Входной билет; 4 экспозиции в одном билете: Живые бабочки, Рептилии и амфибии, Муравьиные города, Музей насекомых";1 950₽;1950;;"В наличии; Купить";;https://butterflarium.ru/product/bilet-obshhij/;2026-10-09T19:32:13.635244+00:00
burganov.ru;Дом Бурганова, музей;free_rules;Обучающиеся, находящиеся в реабилитационно-образовательных центрах и школах-интернатах, подведомственных Департаменту труда и социальной защиты населения города Москвы;Учреждения;;;при индивидуальном посещении;право бесплатного прохода предоставляется также одному сопровождающему;benefit;https://burganov.ru/wp-content/uploads/2019/03/prikaz-free-shool-up12.03.2019.pdf;2026-10-09T19:32:12.827340+00:00
burganov.ru;Дом Бурганова, музей;free_rules;Сопровождающие лица организованной группы Обучающихся;Учреждения;;;при посещении организованной группы Обучающихся;"предъявляют документ, удостоверяющий личность, и направление на сопровождение организованной группы Обучающихся, выданное образовательной или иной организацией с указанием посещаемого Учреждения и количества Обучающихся в группе; при посещении группы свыше 8 Обучающихся право на бесплатное посещение имеет 1 сопровождающий, свыше 11 Обучающихся — 2 сопровождающих; при отсутствии направления администрация вправе отказать в бесплатном посещении";benefit;https://burganov.ru/wp-content/uploads/2019/03/prikaz-free-shool-up12.03.2019.pdf;2026-10-09T19:32:12.827340+00:00
cdm-moscow.ru;Музей детства;tickets;все посетители;смотровая площадка и Выставка детства;399 рублей;399;;Билет с открытой датой и действителен в любой день;;https://cdm-moscow.ru/visit;2026-10-09T19:32:15.258549+00:00
cdm-moscow.ru;Музей детства;free_rules;многодетные семьи, пенсионеры, инвалиды, ветераны ВОВ и СВО, сопровождающие;смотровая площадка и Выставка детства;;;посещение бесплатное;льготные категории граждан;benefit;https://cdm-moscow.ru/visit;2026-10-09T19:32:15.258549+00:00
cdm-moscow.ru;Музей детства;free_rules;дети до 3 лет;смотровая площадка и Выставка детства;;;посещение бесплатное;;always;https://cdm-moscow.ru/visit;2026-10-09T19:32:15.258549+00:00
atom.museum;Атом;tickets;Взрослый;Входной билет, основные экспозиции музея «АТОМ»;800 рублей;800;;в будни;;https://atom.museum/info/prices/;2026-10-09T19:31:58.231365+00:00
atom.museum;Атом;tickets;Взрослый;Входной билет, основные экспозиции музея «АТОМ»;950 рублей;950;;в выходные и праздники;;https://atom.museum/info/prices/;2026-10-09T19:31:58.231365+00:00
atom.museum;Атом;tickets;Иностранные граждане (исключая граждан стран СНГ);Входной билет;2 350 рублей;2350;;Скидка для участников проекта «Менделеевская карта» — 25%;;https://atom.museum/info/prices/;2026-10-09T19:31:58.231365+00:00
atom.museum;Атом;tickets;Дети 7–16 лет;Детский входной билет;550 рублей;550;;в будни;;https://atom.museum/info/prices/;2026-10-09T19:31:58.231365+00:00
atom.museum;Атом;tickets;Дети 7–16 лет;Детский входной билет;650 рублей;650;;"в выходные и праздники; Скидка для участников проекта «Менделеевская карта» — 25%";;https://atom.museum/info/prices/;2026-10-09T19:31:58.231365+00:00
atom.museum;Атом;tickets;"Льготная категория: пенсионеры РФ; студенты дневных форм обучения российских высших и среднеспециальных учебных заведений и зарубежных (при наличии карты ISIC); инвалиды III группы; члены многодетных семей РФ";Льготный билет;450 рублей;450;;"в будни; приобрести можно только в кассе музея, предъявив подтверждающий документ";;https://atom.museum/info/prices/;2026-10-09T19:31:58.231365+00:00
atom.museum;Атом;tickets;"Льготная категория: пенсионеры РФ; студенты дневных форм обучения российских высших и среднеспециальных учебных заведений и зарубежных (при наличии карты ISIC); инвалиды III группы; члены многодетных семей РФ";Льготный билет;550 рублей;550;;"в выходные и праздники; приобрести можно только в кассе музея, предъявив подтверждающий документ";;https://atom.museum/info/prices/;2026-10-09T19:31:58.231365+00:00
atom.museum;Атом;tickets;Семейный билет: для двух взрослых и двух детей 7–16 лет;Семейный билет;2 000 рублей;2000;;"в будни; приобрести можно только в кассе";;https://atom.museum/info/prices/;2026-10-09T19:31:58.231365+00:00
atom.museum;Атом;tickets;Семейный билет: для двух взрослых и двух детей 7–16 лет;Семейный билет;2 500 рублей;2500;;"в выходные и праздники; приобрести можно только в кассе";;https://atom.museum/info/prices/;2026-10-09T19:31:58.231365+00:00
atom.museum;Атом;tickets;Родительский билет: для взрослого и ребёнка 7–16 лет;Родительский билет;1 000 рублей;1000;;"в будни; приобрести можно только в кассе";;https://atom.museum/info/prices/;2026-10-09T19:31:58.231365+00:00
atom.museum;Атом;tickets;Родительский билет: для взрослого и ребёнка 7–16 лет;Родительский билет;1 250 рублей;1250;;"в выходные и праздники; приобрести можно только в кассе";;https://atom.museum/info/prices/;2026-10-09T19:31:58.231365+00:00
atom.museum;Атом;tickets;"Участники проекта Мэра Москвы «Музеи-детям»; дети-участники проекта «Олимпиада. Музеи. Парки. Усадьбы» с 7 лет по карте «Москвёнок»";Входной билет по карте «Москвёнок»;0 рублей;0;;"предоставляют только в кассе; при предъявлении Социальной карты москвича и/или успешной валидации идентификаторов Информационной системы «Москвёнок»";;https://atom.museum/info/prices/;2026-10-09T19:31:58.231365+00:00
atom.museum;Атом;tickets;"Дети 6 лет и младше, дети-инвалиды, инвалиды I и II групп, сопровождающие инвалидов I группы и детей-инвалидов, дети-сироты и дети, оставшиеся без попечения родителей, участники СВО и их семьи, ветераны Великой Отечественной войны и боевых действий, Герои Советского Союза и Российской Федерации, участники ликвидации последствий аварии на Чернобыльской АЭС; сотрудники Министерства обороны Российской Федерации и военнослужащие Российской Федерации, в том числе проходящие военную службу по призыву";Бесплатный билет, самостоятельный осмотр экспозиции;0 рублей;0;;"предоставляют только в кассе; при предъявлении удостоверения; для сотрудников Минобороны и военнослужащих предложение действует до 31 декабря 2026 года включительно; не включает экскурсионное сопровождение";;https://atom.museum/info/prices/;2026-10-09T19:31:58.231365+00:00
atom.museum;Атом;tickets;Групповое обслуживание;Входной билет «Закрытый музей» (технический день);1 900 рублей;1900;;только при групповом обслуживании;;https://atom.museum/info/prices/;2026-10-09T19:31:58.231365+00:00
atom.museum;Атом;tickets;Посетители экскурсий;Билет на обзорную, тематическую экскурсии, экскурсию по временной экспозиции, на смотровой площадке;550 рублей;550;;"нужно приобрести входной билет и билет на экскурсионное обслуживание; стоимость одного билета";;https://atom.museum/info/prices/;2026-10-09T19:31:58.231365+00:00
atom.museum;Атом;tickets;Посетители экскурсий;Билет на экскурсию в «Атомариум»;550 рублей;550;;нужно купить входной билет и билет на экскурсию в эту зону;;https://atom.museum/info/prices/;2026-10-09T19:31:58.231365+00:00
atom.museum;Атом;tickets;Дети и сопровождающий взрослый;Билет на экскурсию-квест, интерактивную экскурсию для детей;600 рублей;600;;посетители приобретают отдельные билеты на ребёнка и сопровождающего взрослого;;https://atom.museum/info/prices/;2026-10-09T19:31:58.231365+00:00
atom.museum;Атом;tickets;Посетители авторских экскурсий;Билет на авторскую экскурсию (входной билет включён в стоимость);2 500 рублей;2500;;входной билет включён в стоимость;;https://atom.museum/info/prices/;2026-10-09T19:31:58.231365+00:00
atom.museum;Атом;tickets;Посетители профориентационных экскурсий;Билет на тематическую профориентационную экскурсию;1 000 рублей;1000;;;;https://atom.museum/info/prices/;2026-10-09T19:31:58.231365+00:00
atom.museum;Атом;tickets;Посетители ночных экскурсий;Билет на ночную обзорную экскурсию (входной билет включён в стоимость);7 500 рублей;7500;;входной билет включён в стоимость;;https://atom.museum/info/prices/;2026-10-09T19:31:58.231365+00:00
atom.museum;Атом;tickets;Посетители новогодних экскурсий;Билет на новогоднюю интерактивную экскурсию;1 000 рублей;1000;;;;https://atom.museum/info/prices/;2026-10-09T19:31:58.231365+00:00
atom.museum;Атом;tickets;Участники каникулярных программ;Каникулярные программы, 4 занятия по 60 минут;4 000 рублей;4000;;;;https://atom.museum/info/prices/;2026-10-09T19:31:58.231365+00:00
atom.museum;Атом;tickets;Участники каникулярных программ;Каникулярные программы, 4 занятия по 90 минут;5 000 рублей;5000;;;;https://atom.museum/info/prices/;2026-10-09T19:31:58.231365+00:00
atom.museum;Атом;tickets;Участники мастер-классов по расписанию;Мастер-класс длительностью 60 минут;800 рублей;800;;;;https://atom.museum/info/prices/;2026-10-09T19:31:58.231365+00:00
atom.museum;Атом;tickets;Участники мастер-классов по расписанию;Мастер-класс длительностью 90 минут;1 100 рублей;1100;;;;https://atom.museum/info/prices/;2026-10-09T19:31:58.231365+00:00
atom.museum;Атом;tickets;Группа до 16 человек (12+);Индивидуальный мастер-класс продолжительностью 60 минут;12 000 рублей;12000;;для группы до 16 человек;;https://atom.museum/info/prices/;2026-10-09T19:31:58.231365+00:00
atom.museum;Атом;tickets;Группа до 16 человек (12+);Индивидуальный мастер-класс продолжительностью 90 минут;15 000 рублей;15000;;для группы до 16 человек;;https://atom.museum/info/prices/;2026-10-09T19:31:58.231365+00:00
atom.museum;Атом;tickets;Группа взрослых до 16 человек (18+);Индивидуальный мастер-класс продолжительностью 90 минут;16 000 рублей;16000;;для группы взрослых до 16 человек;;https://atom.museum/info/prices/;2026-10-09T19:31:58.231365+00:00
atom.museum;Атом;tickets;Группа до 16 человек;Мастер-класс длительностью 105 минут в рамках проекта «Учебный день в музее»;0 рублей;0;;в рамках проекта «Учебный день в музее»;;https://atom.museum/info/prices/;2026-10-09T19:31:58.231365+00:00
atom.museum;Атом;tickets;Взрослые;Кружки для взрослых, 5 занятий по 90 минут;5 500 рублей;5500;;;;https://atom.museum/info/prices/;2026-10-09T19:31:58.231365+00:00
atom.museum;Атом;tickets;Взрослые;Кружки для взрослых, 1 занятие продолжительностью 90 минут;1 200 рублей;1200;;;;https://atom.museum/info/prices/;2026-10-09T19:31:58.231365+00:00
atom.museum;Атом;tickets;Группа до 16 человек;Индивидуальное научно-просветительское мероприятие длительностью 60 минут;10 000 рублей;10000;;для группы до 16 человек;;https://atom.museum/info/prices/;2026-10-09T19:31:58.231365+00:00
atom.museum;Атом;tickets;Группа до 8 человек;Индивидуальное научно-просветительское мероприятие длительностью 90 минут;10 000 рублей;10000;;для группы до 8 человек;;https://atom.museum/info/prices/;2026-10-09T19:31:58.231365+00:00
atom.museum;Атом;tickets;Участники научно-просветительских мероприятий;Квест продолжительностью 90 минут;1 200 рублей;1200;;;;https://atom.museum/info/prices/;2026-10-09T19:31:58.231365+00:00
atom.museum;Атом;tickets;Участники научно-просветительских мероприятий;Викторина продолжительностью 60 минут;550 рублей;550;;;;https://atom.museum/info/prices/;2026-10-09T19:31:58.231365+00:00
atom.museum;Атом;tickets;Участники мероприятий в квантовой лаборатории;Мастер-класс длительностью от 45 до 90 минут;1 100 рублей;1100;;;;https://atom.museum/info/prices/;2026-10-09T19:31:58.231365+00:00
atom.museum;Атом;tickets;Участники мероприятий в квантовой лаборатории;Эксперимент длительностью 90 минут;1 300 рублей;1300;;;;https://atom.museum/info/prices/;2026-10-09T19:31:58.231365+00:00
atom.museum;Атом;tickets;Группа до 10 человек;Мастер-класс в квантовой лаборатории длительностью 45–90 минут;12 000 рублей;12000;;для группы до 10 человек;;https://atom.museum/info/prices/;2026-10-09T19:31:58.231365+00:00
atom.museum;Атом;tickets;Группа до 10 человек;Эксперимент в квантовой лаборатории длительностью 90 минут;15 000 рублей;15000;;для групп до 10 человек;;https://atom.museum/info/prices/;2026-10-09T19:31:58.231365+00:00
atom.museum;Атом;tickets;Мастер-класс, Категория 5;Билеты на мероприятия и события;1 400 рублей;1400;;организатор оставляет за собой право отменить мастер-класс категории 5, если продано менее 10 билетов;;https://atom.museum/info/prices/;2026-10-09T19:31:58.231365+00:00
atom.museum;Атом;tickets;Участники квеста;Квест;500 рублей;500;;;;https://atom.museum/info/prices/;2026-10-09T19:31:58.231365+00:00
atom.museum;Атом;tickets;Участники квиза;Квиз;500 рублей;500;;;;https://atom.museum/info/prices/;2026-10-09T19:31:58.231365+00:00
atom.museum;Атом;tickets;Посетители эксклюзивных лекций;Эксклюзивные лекции;700 рублей;700;;;;https://atom.museum/info/prices/;2026-10-09T19:31:58.231365+00:00
atom.museum;Атом;tickets;Организованная группа от 1 до 10 человек;Мастер-класс категорий 1 и 2;7 000 рублей;7000;;для организованных групп;;https://atom.museum/info/prices/;2026-10-09T19:31:58.231365+00:00
atom.museum;Атом;tickets;Организованная группа от 11 до 20 человек;Мастер-класс категорий 1 и 2;15 000 рублей;15000;;для организованных групп;;https://atom.museum/info/prices/;2026-10-09T19:31:58.231365+00:00
atom.museum;Атом;tickets;Организованная группа от 21 до 30 человек;Мастер-класс категорий 1 и 2;25 000 рублей;25000;;для организованных групп;;https://atom.museum/info/prices/;2026-10-09T19:31:58.231365+00:00
atom.museum;Атом;tickets;Организованная группа от 1 до 10 человек;Мастер-класс категорий 3 и 4;10 000 рублей;10000;;для организованных групп;;https://atom.museum/info/prices/;2026-10-09T19:31:58.231365+00:00
atom.museum;Атом;tickets;Организованная группа от 11 до 20 человек;Мастер-класс категорий 3 и 4;20 000 рублей;20000;;для организованных групп;;https://atom.museum/info/prices/;2026-10-09T19:31:58.231365+00:00
atom.museum;Атом;tickets;Организованная группа от 21 до 30 человек;Мастер-класс категорий 3 и 4;30 000 рублей;30000;;для организованных групп;;https://atom.museum/info/prices/;2026-10-09T19:31:58.231365+00:00
atom.museum;Атом;tickets;Организованная группа от 1 до 10 человек;Мастер-класс категории 5;14 000 рублей;14000;;для организованных групп;;https://atom.museum/info/prices/;2026-10-09T19:31:58.231365+00:00
atom.museum;Атом;tickets;Организованная группа от 11 до 20 человек;Мастер-класс категории 5;24 000 рублей;24000;;для организованных групп;;https://atom.museum/info/prices/;2026-10-09T19:31:58.231365+00:00
atom.museum;Атом;tickets;Организованная группа от 21 до 30 человек;Мастер-класс категории 5;34 000 рублей;34000;;для организованных групп;;https://atom.museum/info/prices/;2026-10-09T19:31:58.231365+00:00
atom.museum;Атом;tickets;Организованная группа от 1 до 10 человек;Квиз для организованных групп;7 500 рублей;7500;;для организованных групп;;https://atom.museum/info/prices/;2026-10-09T19:31:58.231365+00:00
atom.museum;Атом;tickets;Организованная группа от 11 до 25 человек;Квиз для организованных групп;20 000 рублей;20000;;для организованных групп;;https://atom.museum/info/prices/;2026-10-09T19:31:58.231365+00:00
atom.museum;Атом;tickets;Детский билет;Новогодний спектакль «Маленький принц. Квантовая ёлка»;3 500 рублей;3500;;;;https://atom.museum/info/prices/;2026-10-09T19:31:58.231365+00:00
atom.museum;Атом;tickets;Взрослый билет;Новогодний спектакль «Маленький принц. Квантовая ёлка»;3 500 рублей;3500;;;;https://atom.museum/info/prices/;2026-10-09T19:31:58.231365+00:00
atom.museum;Атом;tickets;Прокат медиагидов;Стоимость аренды;700 рублей;700;;залог 3 000 рублей;;https://atom.museum/info/prices/;2026-10-09T19:31:58.231365+00:00
atom.museum;Атом;tickets;Фотосессия в музее;Предоставление локации музея (экспозиция и смотровая площадка) для проведения фото- или видеосъёмки;10 000 рублей;10000;;"смотровая площадка доступна с 1 мая до 30 сентября; продолжительность фотосессии — до 120 минут; максимальное количество участников — 10 человек; фотографии и видео не могут использоваться в коммерческих и рекламных целях";;https://atom.museum/info/prices/;2026-10-09T19:31:58.231365+00:00
atom.museum;Атом;tickets;Группа 1–5 человек;Индивидуальные и групповые экскурсии на русском языке при бронировании;4 500 рублей;4500;;при бронировании;;https://atom.museum/info/prices/;2026-10-09T19:31:58.231365+00:00
atom.museum;Атом;tickets;Группа 6–10 человек;Индивидуальные и групповые экскурсии на русском языке при бронировании;6 500 рублей;6500;;при бронировании;;https://atom.museum/info/prices/;2026-10-09T19:31:58.231365+00:00
atom.museum;Атом;tickets;Группа 11–20 человек;Индивидуальные и групповые экскурсии на русском языке при бронировании;9 000 рублей;9000;;при бронировании;;https://atom.museum/info/prices/;2026-10-09T19:31:58.231365+00:00
atom.museum;Атом;tickets;Группа 21–25 человек;Индивидуальные и групповые экскурсии на русском языке при бронировании;9 500 рублей;9500;;при бронировании;;https://atom.museum/info/prices/;2026-10-09T19:31:58.231365+00:00
atom.museum;Атом;tickets;Группа до 25 человек;Экскурсия «Закрытый музей» (технический день);21 000 рублей;21000;;;;https://atom.museum/info/prices/;2026-10-09T19:31:58.231365+00:00
atom.museum;Атом;tickets;Группы до 50 человек;Экскурсия в рамках проекта «Добрый автобус»;10 000 рублей;10000;;;;https://atom.museum/info/prices/;2026-10-09T19:31:58.231365+00:00
atom.museum;Атом;tickets;Группа 1–25 человек;Экскурсия на иностранном языке при бронировании;10 000 рублей;10000;;при бронировании;;https://atom.museum/info/prices/;2026-10-09T19:31:58.231365+00:00
atom.museum;Атом;tickets;Группа до 10 человек;Экскурсии-квесты, интерактивные экскурсии при бронировании;7 000 рублей;7000;;при бронировании;;https://atom.museum/info/prices/;2026-10-09T19:31:58.231365+00:00
atom.museum;Атом;tickets;Группа до 15 человек;Экскурсии-квесты, интерактивные экскурсии при бронировании;9 500 рублей;9500;;при бронировании;;https://atom.museum/info/prices/;2026-10-09T19:31:58.231365+00:00
atom.museum;Атом;tickets;Группа 6–10 человек;Авторские экскурсии при бронировании;28 000 рублей;28000;;при бронировании;;https://atom.museum/info/prices/;2026-10-09T19:31:58.231365+00:00
atom.museum;Атом;tickets;Группа 11–20 человек;Авторские экскурсии при бронировании;51 000 рублей;51000;;при бронировании;;https://atom.museum/info/prices/;2026-10-09T19:31:58.231365+00:00
atom.museum;Атом;tickets;Группа 21–25 человек;Авторские экскурсии при бронировании;58 000 рублей;58000;;при бронировании;;https://atom.museum/info/prices/;2026-10-09T19:31:58.231365+00:00
atom.museum;Атом;tickets;До 25 человек;"«День рождения в ""АТОМЕ""» (интерактивная экскурсия и фотосъёмка)";43 000 рублей;43000;;;;https://atom.museum/info/prices/;2026-10-09T19:31:58.231365+00:00
atom.museum;Атом;tickets;Дополнительный билет;"Интерактивная экскурсия «День рождения в ""АТОМЕ""»";1 600 рублей;1600;;;;https://atom.museum/info/prices/;2026-10-09T19:31:58.231365+00:00
atom.museum;Атом;tickets;Группа от 1 до 35 человек;Иммерсивная экскурсия «Атом. Из прошлого через настоящее в будущее» на русском или английском языках;40 500 рублей;40500;;на русском или английском языках;;https://atom.museum/info/prices/;2026-10-09T19:31:58.231365+00:00
atom.museum;Атом;tickets;Группа до 6 человек;Иммерсивная ночная экскурсия при бронировании;102 000 рублей;102000;;при бронировании;;https://atom.museum/info/prices/;2026-10-09T19:31:58.231365+00:00
atom.museum;Атом;tickets;Группа до 10 человек;Иммерсивная ночная экскурсия при бронировании;170 000 рублей;170000;;при бронировании;;https://atom.museum/info/prices/;2026-10-09T19:31:58.231365+00:00
atom.museum;Атом;tickets;Дополнительный билет для групп свыше 10 человек;Иммерсивная ночная экскурсия;17 000 рублей;17000;;для групп свыше 10 человек;;https://atom.museum/info/prices/;2026-10-09T19:31:58.231365+00:00
atom.museum;Атом;tickets;Группа до 25 человек;Эксклюзивная групповая экскурсия по заказу;58 000 рублей;58000;;по заказу;;https://atom.museum/info/prices/;2026-10-09T19:31:58.231365+00:00
atom.museum;Атом;tickets;Взрослые;Входной билет, по будням;800 ₽;800;;по будням;;https://atom.museum/visitors/;2026-10-09T19:31:58.231365+00:00
atom.museum;Атом;tickets;Дети;Входной билет, по будням;550 ₽;550;;по будням;;https://atom.museum/visitors/;2026-10-09T19:31:58.231365+00:00
atom.museum;Атом;tickets;Взрослые;Входной билет, по выходным;950 ₽;950;;по выходным;;https://atom.museum/visitors/;2026-10-09T19:31:58.231365+00:00
atom.museum;Атом;tickets;Дети;Входной билет, по выходным;650 ₽;650;;по выходным;;https://atom.museum/visitors/;2026-10-09T19:31:58.231365+00:00
atom.museum;Атом;tickets;Фотосессии в музее;Фотосессия;10000 ₽;10000;;"до 10 человек; до 120 минут";;https://atom.museum/visitors/;2026-10-09T19:31:58.231365+00:00
atom.museum;Атом;free_rules;"Дети 6 лет и младше, дети-инвалиды, инвалиды I и II групп, сопровождающие инвалидов I группы и детей-инвалидов, дети-сироты и дети, оставшиеся без попечения родителей, участники СВО и их семьи, ветераны Великой Отечественной войны и боевых действий, Герои Советского Союза и Российской Федерации, участники ликвидации последствий аварии на Чернобыльской АЭС; сотрудники Министерства обороны Российской Федерации и военнослужащие Российской Федерации, в том числе проходящие военную службу по призыву";Бесплатный входной билет, самостоятельный осмотр экспозиции;;;"при предъявлении удостоверения; для сотрудников Минобороны и военнослужащих предложение действует до 31 декабря 2026 года включительно";"предоставляют только в кассе; не включает экскурсионное сопровождение; для организованного посещения направьте запрос на официальном бланке организации на info@atom.museum";benefit;https://atom.museum/info/prices/;2026-10-09T19:31:58.231365+00:00
atom.museum;Атом;free_rules;Участники образовательных программ и просветительских мероприятий музея;Для участников образовательных программ и просветительских мероприятий музея;;;без осмотра основной экспозиции;без осмотра основной экспозиции;benefit;https://atom.museum/info/prices/;2026-10-09T19:31:58.231365+00:00
atom.museum;Атом;free_rules;Посетители мероприятий и событий;Бесплатный входной билет для прохода в музей к месту проведения события;;;при посещении мероприятий и событий;не даёт права на осмотр экспозиций АТОМА;benefit;https://atom.museum/info/prices/;2026-10-09T19:31:58.231365+00:00
atom.museum;Атом;free_rules;Дети 6 лет и младше, дети-инвалиды, инвалиды I и II групп, сопровождающие инвалидов I группы и детей-инвалидов, дети-сироты и дети, оставшиеся без попечения родителей, участники СВО и их семьи, ветераны Великой Отечественной войны и боевых действий, Герои Советского Союза и Российской Федерации, участники ликвидации последствий аварии на Чернобыльской АЭС;Бесплатные билеты;;;бесплатные билеты;;benefit;https://atom.museum/visitors/;2026-10-09T19:31:58.231365+00:00
castle.moscow;Музей Ратной Истории г. Москвы;tickets;Индивидуальный, Пенсионный, Семейный (3 чел.);Посещение музея - 2026, билет в музей;250,00 ₽ – 1200,00 ₽;;;Музей открыт для индивидуального посещения Ежедневно с 11:00 до 19:00;;https://castle.moscow/visitors/;2026-10-09T19:32:13.882761+00:00
castle.moscow;Музей Ратной Истории г. Москвы;tickets;Экскурсия;Экскурсия;20 000 руб.;20000;;для социальных и христианских православных организаций предусмотрены скидки;;https://castle.moscow/;2026-10-09T19:32:13.882761+00:00
castle.moscow;Музей Ратной Истории г. Москвы;free_rules;Дети до 6 лет;Музей;;;Ежедневно с 11:00 до 19:00;Музей открыт для индивидуального посещения;always;https://castle.moscow/visitors/;2026-10-09T19:32:13.882761+00:00
cmaf.ru;Запасной командный пункт Верховного Главнокомандующего Красной Армии И.В. Сталина периода Великой Отечественной войны 1941-1945 гг.;free_rules;"Герои Советского Союза; Герои Российской Федерации; полные кавалеры ордена Славы; лица, награжденные орденом «За службу Родине в Вооруженных Силах» 3-х степеней; жители блокадного Ленинграда, узники фашистских лагерей, репрессированные; участники Великой Отечественной войны; ликвидаторы последствий аварии на Чернобыльской АЭС, ветераны боевых действий, участники СВО; военнослужащие по призыву; курсанты военных образовательных учреждений Минобороны России 1-2 курса; воспитанники Суворовских и Нахимовских училищ; инвалиды I и II групп; дети-сироты и дети, оставшиеся без попечения родителей; дети-инвалиды; дети дошкольного возраста; учащиеся школ-интернатов, находящиеся на государственном обеспечении; граждане, находящиеся в домах-интернатах для инвалидов и престарелых; семьи участников СВО; многодетные семьи; работники музеев";вход в Музей;;;На бесплатный вход в Музей имеют право;только граждане Российской Федерации при предъявлении документов, удостоверяющих такое право;benefit;http://cmaf.ru/ticket/;2026-10-09T19:32:20.201834+00:00
cmaf.ru;Запасной командный пункт Верховного Главнокомандующего Красной Армии И.В. Сталина периода Великой Отечественной войны 1941-1945 гг.;free_rules;лица, не достигшие 18 лет, студенты ВУЗов;вход в Музей;;;Каждую субботу месяца;;recurring_day;http://cmaf.ru/ticket/;2026-10-09T19:32:20.201834+00:00
cmaf.ru;Запасной командный пункт Верховного Главнокомандующего Красной Армии И.В. Сталина периода Великой Отечественной войны 1941-1945 гг.;free_rules;все посетители;Музей;;;"23 февраля – День защитника Отечества; 9 мая – День Победы; 18 мая – Международный день музеев; 12 июня – День России; 4 ноября – День народного единства";;dated_event;http://cmaf.ru/ticket/;2026-10-09T19:32:20.201834+00:00
classicgallery.ru;Галерея классической фотографии;tickets;взрослые;входной билет;400 рублей;400;;"Купить билет можно онлайн или в кассе; касса работает до 20.30";;https://www.classicgallery.ru/posetitelyam/;2026-10-09T19:32:19.839703+00:00
classicgallery.ru;Галерея классической фотографии;tickets;студенты очного отделения, школьники;льготный входной билет;200 рублей;200;;"льготный; при предъявлении подтверждающего документа";;https://www.classicgallery.ru/posetitelyam/;2026-10-09T19:32:19.839703+00:00
classicgallery.ru;Галерея классической фотографии;tickets;пенсионеры, инвалиды (всех категорий), ветераны боевых действий и приравненные к ним, многодетные семьи;льготный входной билет;200 рублей;200;;Купить льготный билет можно в кассе в день посещения при предъявлении подтверждающего документа;;https://www.classicgallery.ru/posetitelyam/;2026-10-09T19:32:19.839703+00:00
classicgallery.ru;Галерея классической фотографии;tickets;группы от 25 человек;входной билет;цена по запросу;;;цена по запросу;;https://www.classicgallery.ru/posetitelyam/;2026-10-09T19:32:19.839703+00:00
classicgallery.ru;Галерея классической фотографии;free_rules;дети до 7 лет, участники ВОВ;входной билет;;;бесплатно;бесплатно;always;https://www.classicgallery.ru/posetitelyam/;2026-10-09T19:32:19.839703+00:00
chokomuseum.ru;Мишка, музей истории шоколада и какао;tickets;Стандартный билет;Обзорная экскурсия с посещением производства;1300 ₽;1300;;"Возраст 8+; группа от 10 до 48 человек; сеансы 9.30 10.30 11.30 12.30 14.30 15.30 16.30 — в будние дни, 10.00 12.00 14.30 16.30 — в субботу";;https://chokomuseum.ru;2026-10-09T19:32:19.732785+00:00
chokomuseum.ru;Мишка, музей истории шоколада и какао;tickets;Льготный билет;Обзорная экскурсия с посещением производства;650 ₽;650;;"К льготным категориям посетителей относятся: Многодетные семьи, Ветераны труда, Участники боевых действий, Участники СВО и члены их семей, Лица, принимавшие участие в ликвидации последствий аварии в Чернобыле, Инвалиды 1 и 2 групп, Дети из семей военнослужащих (сотрудников МВД, МЧС), потерявшие одного или обоих родителей при выполнении ими служебных обязанностей, Дети — сироты и дети, оставшиеся без попечения родителей; льготы только при предъявлении оригинала документа";;https://chokomuseum.ru;2026-10-09T19:32:19.732785+00:00
chokomuseum.ru;Мишка, музей истории шоколада и какао;tickets;Каждый 16-й сопровождающий;Обзорная экскурсия с посещением производства;650 ₽;650;;"Возраст 8+; группа от 10 до 48 человек";;https://chokomuseum.ru;2026-10-09T19:32:19.732785+00:00
chokomuseum.ru;Мишка, музей истории шоколада и какао;tickets;Стандартный билет;Обзорная экскурсия с мастер-классом без посещения производства;1300 ₽;1300;;"Возраст 6+; группа от 10 до 35 человек; сеансы 11.00 14.00 — в будние дни, 10.00 12.00 14.30 16.30 — в субботу";;https://chokomuseum.ru;2026-10-09T19:32:19.732785+00:00
chokomuseum.ru;Мишка, музей истории шоколада и какао;tickets;Льготный билет;Обзорная экскурсия с мастер-классом без посещения производства;650 ₽;650;;"К льготным категориям посетителей относятся: Многодетные семьи, Ветераны труда, Участники боевых действий, Участники СВО и члены их семей, Лица, принимавшие участие в ликвидации последствий аварии в Чернобыле, Инвалиды 1 и 2 групп, Дети из семей военнослужащих (сотрудников МВД, МЧС), потерявшие одного или обоих родителей при выполнении ими служебных обязанностей, Дети — сироты и дети, оставшиеся без попечения родителей; льготы только при предъявлении оригинала документа";;https://chokomuseum.ru;2026-10-09T19:32:19.732785+00:00
chokomuseum.ru;Мишка, музей истории шоколада и какао;tickets;Каждый 16-й сопровождающий;Обзорная экскурсия с мастер-классом без посещения производства;650 ₽;650;;"Возраст 6+; группа от 10 до 35 человек";;https://chokomuseum.ru;2026-10-09T19:32:19.732785+00:00
chokomuseum.ru;Мишка, музей истории шоколада и какао;tickets;Стандартный билет;Тематическая МИНИ-экскурсия «Как растет шоколад» с посещением производства;1500 ₽;1500;;"Возраст 8+; группа от 10 до 35 человек; сеансы 11.00 14.00 — в будние дни";;https://chokomuseum.ru;2026-10-09T19:32:19.732785+00:00
chokomuseum.ru;Мишка, музей истории шоколада и какао;tickets;Льготный билет;Тематическая МИНИ-экскурсия «Как растет шоколад» с посещением производства;750 ₽;750;;"К льготным категориям посетителей относятся: Многодетные семьи, Ветераны труда, Участники боевых действий, Участники СВО и члены их семей, Лица, принимавшие участие в ликвидации последствий аварии в Чернобыле, Инвалиды 1 и 2 групп, Дети из семей военнослужащих (сотрудников МВД, МЧС), потерявшие одного или обоих родителей при выполнении ими служебных обязанностей, Дети — сироты и дети, оставшиеся без попечения родителей; льготы только при предъявлении оригинала документа";;https://chokomuseum.ru;2026-10-09T19:32:19.732785+00:00
chokomuseum.ru;Мишка, музей истории шоколада и какао;tickets;Каждый 16-й сопровождающий;Тематическая МИНИ-экскурсия «Как растет шоколад» с посещением производства;750 ₽;750;;"Возраст 8+; группа от 10 до 35 человек";;https://chokomuseum.ru;2026-10-09T19:32:19.732785+00:00
chokomuseum.ru;Мишка, музей истории шоколада и какао;tickets;Стандартный билет;Обзорная экскурсия с посещением производства с мастер-классом;1800 ₽;1800;;"Возраст 8+; группа от 10 до 35 человек; сеанс 14.00 — понедельник – пятница";;https://chokomuseum.ru;2026-10-09T19:32:19.732785+00:00
chokomuseum.ru;Мишка, музей истории шоколада и какао;tickets;Льготный билет;Обзорная экскурсия с посещением производства с мастер-классом;900 ₽;900;;"К льготным категориям посетителей относятся: Многодетные семьи, Ветераны труда, Участники боевых действий, Участники СВО и члены их семей, Лица, принимавшие участие в ликвидации последствий аварии в Чернобыле, Инвалиды 1 и 2 групп, Дети из семей военнослужащих (сотрудников МВД, МЧС), потерявшие одного или обоих родителей при выполнении ими служебных обязанностей, Дети — сироты и дети, оставшиеся без попечения родителей; льготы только при предъявлении оригинала документа";;https://chokomuseum.ru;2026-10-09T19:32:19.732785+00:00
chokomuseum.ru;Мишка, музей истории шоколада и какао;tickets;Каждый 16-й сопровождающий;Обзорная экскурсия с посещением производства с мастер-классом;900 ₽;900;;"Возраст 8+; группа от 10 до 35 человек";;https://chokomuseum.ru;2026-10-09T19:32:19.732785+00:00
chokomuseum.ru;Мишка, музей истории шоколада и какао;tickets;Возраст гостей 9+;Экскурсия-прогулка по территории производственного комплекса с мастер-классом и дегустацией;800 ₽;800;;"18 мая, в воскресенье, сеансы 12:00, 14:30; 25 мая, в воскресенье, сеансы 12:00, 14:30; запись через электронную почту mishka@babaev.ru с кодовым словом УЛИЦА или по телефону +7 (495) 982-57-97";;https://chokomuseum.ru;2026-10-09T19:32:19.732785+00:00
chokomuseum.ru;Мишка, музей истории шоколада и какао;tickets;Желающие дополнительно;Обзорная экскурсия по экспозиции Музея;500 ₽;500;;Дополнительно к экскурсии-прогулке;;https://chokomuseum.ru;2026-10-09T19:32:19.732785+00:00
chokomuseum.ru;Мишка, музей истории шоколада и какао;free_rules;Участники и сопровождающие Олимпиады «Музеи. Парки. Усадьбы»;"Обзорная экскурсия для всех посетителей — участников и сопровождающих, музейное время для ответов на вопросы, угощение; посещения производства не предусмотрено";;;Олимпиада проходит только по воскресеньям;Запись на Олимпиаду производится только через сайт: https://museum.mosolymp.ru/museums/427;dated_event;https://chokomuseum.ru;2026-10-09T19:32:19.732785+00:00
cryptography-museum.ru;Музей криптографии;tickets;Взрослый;Входные билеты;1000₽;1000;;;;https://cryptography-museum.ru/prices;2026-10-09T19:32:22.988052+00:00
cryptography-museum.ru;Музей криптографии;tickets;Школьный;Входные билеты;500₽;500;;;;https://cryptography-museum.ru/prices;2026-10-09T19:32:22.988052+00:00
cryptography-museum.ru;Музей криптографии;tickets;Льготный;Входные билеты;500₽;500;;;;https://cryptography-museum.ru/prices;2026-10-09T19:32:22.988052+00:00
cryptography-museum.ru;Музей криптографии;tickets;Льготный;Входные билеты;0₽;0;;;;https://cryptography-museum.ru/prices;2026-10-09T19:32:22.988052+00:00
cryptography-museum.ru;Музей криптографии;tickets;Абонемент;Входные билеты;750-1500₽;;;;;https://cryptography-museum.ru/prices;2026-10-09T19:32:22.988052+00:00
cryptography-museum.ru;Музей криптографии;tickets;Экскурсии по расписанию;Экскурсии;1000 ₽;1000;;На все виды экскурсий входные билеты приобретаются отдельно;;https://cryptography-museum.ru/prices;2026-10-09T19:32:22.988052+00:00
cryptography-museum.ru;Музей криптографии;tickets;Заказная экскурсия;Экскурсии;8000 - 15000 ₽;;;На все виды экскурсий входные билеты приобретаются отдельно;;https://cryptography-museum.ru/prices;2026-10-09T19:32:22.988052+00:00
cryptography-museum.ru;Музей криптографии;tickets;Экскурсия / квест + мастер-класс;Экскурсии;10000 - 18000₽;;;На все виды экскурсий входные билеты приобретаются отдельно;;https://cryptography-museum.ru/prices;2026-10-09T19:32:22.988052+00:00
cryptography-museum.ru;Музей криптографии;tickets;Посетитель (от 7 лет);Экскурсии по расписанию;800 р;800;;"билеты необходимо приобрести на сайте музея; экскурсии проводятся в указанное музеем время для сборных групп до 10 человек; Входные билеты в музей не входят в стоимость экскурсионного обслуживания, их нужно приобрести отдельно";;https://cryptography-museum.ru/media/pages/prices/04f562283e-1782382391/pravila-muzeja.pdf;2026-10-09T19:32:22.988052+00:00
cryptography-museum.ru;Музей криптографии;tickets;Организованная группа до 10 человек;Заказные экскурсии;7000 р;7000;;"необходимо забронировать заранее, написав на почту events@cryptography-museum.ru; при уменьшении количества участников общая стоимость не меняется; Входные билеты в музей не входят в стоимость экскурсионного обслуживания, их нужно приобрести отдельно";;https://cryptography-museum.ru/media/pages/prices/04f562283e-1782382391/pravila-muzeja.pdf;2026-10-09T19:32:22.988052+00:00
cryptography-museum.ru;Музей криптографии;tickets;Посетитель без права на льготу, записавшийся на инклюзивную экскурсию;Инклюзивные экскурсии;800 р;800;;придется приобрести входные и экскурсионные билеты (стоимость каждого — 800 р);;https://cryptography-museum.ru/media/pages/prices/04f562283e-1782382391/pravila-muzeja.pdf;2026-10-09T19:32:22.988052+00:00
cryptography-museum.ru;Музей криптографии;free_rules;Посетители с правом на льготу;Инклюзивные экскурсии;;;проводятся бесплатно при предъявлении документов, подтверждающих право на льготу;"уточнить расписание экскурсий и записаться можно по почте n.bolshakov@kryptonite.ru; при предъявлении документов, подтверждающих право на льготу; Если вы записались на инклюзивную экскурсию, но у вас нет права на льготу, вам придется приобрести входные и экскурсионные билеты (стоимость каждого — 800 р)";benefit;https://cryptography-museum.ru/media/pages/prices/04f562283e-1782382391/pravila-muzeja.pdf;2026-10-09T19:32:22.988052+00:00
cryptography-museum.ru;Музей криптографии;free_rules;Один взрослый сопровождающий школьной группы (не более 10 человек);посещение;;;При проведении организованных экскурсий для школьников;"каждую группу (не более 10 человек) должен сопровождать один взрослый, для которого посещение бесплатно; Сопровождающий координирует группу на протяжении всей экскурсии";benefit;https://cryptography-museum.ru/media/pages/prices/04f562283e-1782382391/pravila-muzeja.pdf;2026-10-09T19:32:22.988052+00:00
cosmos.vdnh.ru;Космонавтика и авиация, музей;tickets;Стандартный билет;Входной билет в павильон, посещение с 11:00 до 22:00;700 руб.;700;;посещение с 11:00 до 22:00;;https://vdnh.ru/cosmos/tickets/;2026-10-09T19:32:21.910368+00:00
cosmos.vdnh.ru;Космонавтика и авиация, музей;tickets;Льготный;Входной билет в павильон, посещение с 11:00 до 22:00;350 руб.;350;;Льготы и специальные тарифы действуют только при предъявлении посетителем кассирам КП «ВДНХ» удостоверяющих документов при оформлении входного билета.;;https://vdnh.ru/cosmos/tickets/;2026-10-09T19:32:21.910368+00:00
cosmos.vdnh.ru;Космонавтика и авиация, музей;tickets;Семейный (2 взрослых + 2 ребенка с 7 до 16 лет);Входной билет в павильон, посещение с 11:00 до 22:00;1600 руб.;1600;;посещение с 11:00 до 22:00;;https://vdnh.ru/cosmos/tickets/;2026-10-09T19:32:21.910368+00:00
cosmos.vdnh.ru;Космонавтика и авиация, музей;tickets;Единоразовое посещение;Входной билет в павильон;800 руб.;800;;в течение 6 месяцев с даты покупки;;https://vdnh.ru/cosmos/tickets/;2026-10-09T19:32:21.910368+00:00
cosmos.vdnh.ru;Космонавтика и авиация, музей;tickets;Стандартный;Входной билет в павильон + сборная экскурсия;1000 руб.;1000;;"сборная экскурсия в один из слотов: вторник — пятница в 11:30, 12:30, 13:30, 14:30, 15:30, 17:30, 19:00, 20:00; суббота — воскресенье в 11:30, 12:30, 13:30, 14:30, 15:30, 16:30, 17:30, 18:30, 19:00, 20:00";;https://vdnh.ru/cosmos/tickets/;2026-10-09T19:32:21.910368+00:00
cosmos.vdnh.ru;Космонавтика и авиация, музей;tickets;Семейный единый 1+1 (1 взрослый + 1 ребенок от 7 до 16 лет включительно или школьник РФ);Входной билет в павильон + сборная экскурсия;1500 руб.;1500;;входные + экскурсия;;https://vdnh.ru/cosmos/tickets/;2026-10-09T19:32:21.910368+00:00
cosmos.vdnh.ru;Космонавтика и авиация, музей;tickets;Семейный единый 2+1 (2 взрослых + 1 ребенок от 7 до 16 лет включительно или школьник РФ ИЛИ 1 взрослый + 2 ребенка от 7 до 16 лет включительно или школьника РФ);Входной билет в павильон + сборная экскурсия;2400 руб.;2400;;входные + экскурсия;;https://vdnh.ru/cosmos/tickets/;2026-10-09T19:32:21.910368+00:00
cosmos.vdnh.ru;Космонавтика и авиация, музей;tickets;Семейный единый 2+2 (2 взрослых + 2 ребенка от 7 до 16 лет включительно или школьника РФ);Входной билет в павильон + сборная экскурсия;3000 руб.;3000;;входные + экскурсия;;https://vdnh.ru/cosmos/tickets/;2026-10-09T19:32:21.910368+00:00
cosmos.vdnh.ru;Космонавтика и авиация, музей;tickets;Аренда аудиогида (устройство на русском языке);Аудиогид;400 руб.;400;;;;https://vdnh.ru/cosmos/tickets/;2026-10-09T19:32:21.910368+00:00
cosmos.vdnh.ru;Космонавтика и авиация, музей;tickets;Аренда цифрового аудиогида на русском языке;Аудиогид;350 руб.;350;;;;https://vdnh.ru/cosmos/tickets/;2026-10-09T19:32:21.910368+00:00
cosmos.vdnh.ru;Космонавтика и авиация, музей;tickets;Аренда аудиогида (устройство) на иностранном языке;Аудиогид;600 руб.;600;;;;https://vdnh.ru/cosmos/tickets/;2026-10-09T19:32:21.910368+00:00
cosmos.vdnh.ru;Космонавтика и авиация, музей;tickets;Аренда цифрового аудиогида на иностранном языке;Аудиогид;550 руб.;550;;;;https://vdnh.ru/cosmos/tickets/;2026-10-09T19:32:21.910368+00:00
cosmos.vdnh.ru;Космонавтика и авиация, музей;tickets;Авиасимулятор;Авиасимулятор;900 руб. за 10 мин;900;;за 10 мин;;https://vdnh.ru/cosmos/tickets/;2026-10-09T19:32:21.910368+00:00
cosmos.vdnh.ru;Космонавтика и авиация, музей;tickets;Авиатренажер;Авиатренажер;от 2700 руб. за 30 мин;;;за 30 мин;;https://vdnh.ru/cosmos/tickets/;2026-10-09T19:32:21.910368+00:00
cosmos.vdnh.ru;Космонавтика и авиация, музей;free_rules;"дети-сироты; дети, оставшиеся без попечения родителей; дети до 6 лет включительно; школьники при наличии карты «Москвенок»; дети-инвалиды; инвалиды I и II групп; сопровождающий инвалидов I группы и детей-инвалидов; ветераны ВОВ; ветераны боевых действий; члены семей с тремя и более детьми до достижения младшим ребенком возраста 18 лет (многодетные); сотрудники АО «ВДНХ», КП «ВДНХ», АО «ВДНХ ЭКСПО», ООО «Торговый дом Выставка достижений народного хозяйства», ЗАО УТЭ»; сотрудники бюджетных учреждений культуры Российской Федерации; члены международного совета музеев ICOM; военнослужащие проходящие службу по призыву; герои Советского Союза и РФ";Основная экспозиция;;;постоянно;Льготы и специальные тарифы действуют только при предъявлении посетителем кассирам КП «ВДНХ» удостоверяющих документов при оформлении входного билета.;always;https://vdnh.ru/cosmos/tickets/;2026-10-09T19:32:21.910368+00:00
davydkovo.vzmoscow.ru;Галерея Давыдково;free_rules;все посетители;Галерея Давыдково, посещение арт-пространства;;;18 октября 2026;необходимо оформить бесплатное посещение в этот день перейдя по ссылке: https://www.mos.ru/afisha/event/294201257/;dated_event;https://davydkovo.vzmoscow.ru/moskovskaya_muzeynaya_nedelya;2026-10-09T19:32:29.548301+00:00
davydkovo.vzmoscow.ru;Галерея Давыдково;free_rules;все посетители;выставки;;;18 октября;по электронному билету;dated_event;https://davydkovo.vzmoscow.ru/;2026-10-09T19:32:29.548301+00:00
damuseum.ru;Всероссийский музей декоративного искусства;tickets;все посетители;Входной билет на выставки, постоянную экспозицию;550 руб.;550;;Билеты для индивидуального посещения экспозиционных залов и залов проведения временных выставок могут быть приобретены посетителями в кассах Музея, в терминале в день посещения или заранее на официальном сайте Музея.;;https://damuseum.ru:443/visitors/;2026-10-09T19:32:27.003788+00:00
damuseum.ru;Всероссийский музей декоративного искусства;free_rules;многодетные семьи;бесплатное посещение музея;;;в любое время, независимо от их места жительства;при предъявлении удостоверения, подтверждающего статус многодетной семьи или двухмерного штрихового кода (QR-кода), содержащегося в электронном удостоверении многодетной семьи;always;https://damuseum.ru:443/visitors/;2026-10-09T19:32:27.003788+00:00
cube.moscow;Cube.Moscow, центр современного искусства;tickets;Все посетители;Вход в арт-платформу «КУБ»;650 рублей;650;;по заранее купленным онлайн-билетам или билетам в кассе пространства;;https://cube.moscow/rules/?swcfpc=1;2026-10-09T19:32:25.482690+00:00
cube.moscow;Cube.Moscow, центр современного искусства;tickets;Пенсионеры (РФ и ЕАЭС);Входной билет в арт-пространство;300 рублей;300;;"выходной день; по пенсионному удостоверению гражданина РФ, документу, удостоверяющему личность, с указанием даты рождения или по социальной карте москвича";;https://cube.moscow/rules/?swcfpc=1;2026-10-09T19:32:25.482690+00:00
cube.moscow;Cube.Moscow, центр современного искусства;tickets;Дети в возрасте от 6 до 12 лет включительно;Входной билет в арт-пространство;300 рублей;300;;при предъявлении соответствующих документов;;https://cube.moscow/rules/?swcfpc=1;2026-10-09T19:32:25.482690+00:00
cube.moscow;Cube.Moscow, центр современного искусства;tickets;Ветераны и участники боевых действий;Входной билет в арт-пространство;300 рублей;300;;"при предъявлении удостоверения или документа, подтверждающего статус; ежедневно выделяется квота на 10 билетов по данной категории, льготная цена действительна при наличии свободных мест; в случае отсутствия билетов по квоте стоимость 650 рублей";;https://cube.moscow/rules/?swcfpc=1;2026-10-09T19:32:25.482690+00:00
cube.moscow;Cube.Moscow, центр современного искусства;tickets;Абонемент для двоих;"Посещение более 10 новых выставок современного искусства каждый месяц; 12 визитов вдвоем в течение года со дня покупки";7800 руб.;7800;;"ограниченный тираж; получение абонемента при первом посещении Cube.Moscow; показать электронное письмо администратору и забрать специальную карточку на кассе; события публичной программы не входят и оплачиваются отдельно; не подлежит возврату и обмену";;https://cube.moscow/season-ticket/;2026-10-09T19:32:25.482690+00:00
cube.moscow;Cube.Moscow, центр современного искусства;free_rules;Пенсионеры (РФ и ЕАЭС);Посещение арт-пространства;;;По будням;по пенсионному удостоверению гражданина РФ, документу, удостоверяющему личность, с указанием даты рождения или по социальной карте москвича;recurring_day;https://cube.moscow/rules/?swcfpc=1;2026-10-09T19:32:25.482690+00:00
cube.moscow;Cube.Moscow, центр современного искусства;free_rules;"Людям с инвалидностью; Героям Советского Союза, Героям Российской Федерации, Полным Кавалерам «Ордена Славы»; Ветеранам и инвалидам Великой Отечественной войны, бывшим несовершеннолетним узникам концлагерей, гетто и других мест принудительного содержания, созданных фашистами и их союзниками в период Второй мировой войны, незаконно репрессированным и реабилитированным гражданам, участникам ликвидации последствий катастрофы на Чернобыльской АЭС, ветеранам войны в Чечне или в Афганистане; Членам творческих Союзов России и ее субъектов, искусствоведам — членам Ассоциации искусствоведов России и ее субъектов, членам и сотрудникам Российской академии художеств, сотрудникам музеев и галерей; Детям в возрасте до 6 лет включительно; Членам многодетных семей; Потерявшим кормильца; Представителям прессы";Посещение арт-пространства;;;Постоянно;при предъявлении соответствующих документов;always;https://cube.moscow/rules/?swcfpc=1;2026-10-09T19:32:25.482690+00:00
coinmuseum.ru;Музей нумизматики;tickets;дети до 6 лет включительно;входной билет;бесплатно;0;;при наличии соответствующих документов;;https://coinmuseum.ru/about/price-list/;2026-10-09T19:32:20.773530+00:00
coinmuseum.ru;Музей нумизматики;tickets;Льготная категория **;Экскурсия по выставке «Золотые монеты в истории династии Романовых»;бесплатно;0;;при наличии соответствующих документов;;https://coinmuseum.ru/about/price-list/;2026-10-09T19:32:20.773530+00:00
coinmuseum.ru;Музей нумизматики;tickets;Льготная категория **;Экскурсия по выставке «Монеты и рыцари»;бесплатно;0;;при наличии соответствующих документов;;https://coinmuseum.ru/about/price-list/;2026-10-09T19:32:20.773530+00:00
coinmuseum.ru;Музей нумизматики;tickets;Льготная категория **;Экскурсия по выставке «Тайный знаки и символы на монетах»;бесплатно;0;;при наличии соответствующих документов;;https://coinmuseum.ru/about/price-list/;2026-10-09T19:32:20.773530+00:00
coinmuseum.ru;Музей нумизматики;tickets;Льготная категория **;Экскурсия по выставке «На вес золота»;бесплатно;0;;при наличии соответствующих документов;;https://coinmuseum.ru/about/price-list/;2026-10-09T19:32:20.773530+00:00
coinmuseum.ru;Музей нумизматики;tickets;Льготная категория **;Экскурсия по выставке «Боги, цари и варвары. Монеты Боспорского царства»;бесплатно;0;;при наличии соответствующих документов;;https://coinmuseum.ru/about/price-list/;2026-10-09T19:32:20.773530+00:00
coinmuseum.ru;Музей нумизматики;tickets;Квест «Шах и мат, и ты – нумизмат»;команда;3200,00;3200;;в команде от 2 до 4-х человек, за каждого дополнительного участника 550,00 руб., запись по телефону и по эл.почте;;https://coinmuseum.ru/about/price-list/;2026-10-09T19:32:20.773530+00:00
coinmuseum.ru;Музей нумизматики;tickets;Авторская экскурсия (VIP) Обзорная;Запись по телефону или по эл.почте;по согласованию;;;при формировании группы до 15 человек;;https://coinmuseum.ru/about/price-list/;2026-10-09T19:32:20.773530+00:00
coinmuseum.ru;Музей нумизматики;free_rules;Герои Советского Союза, Герои Российской Федерации, Полные кавалеры Ордена Славы, Герои Социалистического труда, Кавалеры Ордена трудовой славы трех степеней, Ветераны Великой Отечественной войны, Инвалиды Великой Отечественной войны и боевых действий, Военнослужащие, проходящие военную службу по призыву, Инвалиды I и II групп, Инвалиды-колясочники с одним сопровождающим, Ветераны боевых действий, Сотрудники музеев РФ, Члены Международного совета музеев ICOM, Дети из многодетных семей, Дети до 6 лет включительно, Дети по карте «Москвенок»;объекты Музея;;;при наличии соответствующих документов;при наличии соответствующих документов;benefit;https://coinmuseum.ru/about/price-list/;2026-10-09T19:32:20.773530+00:00
dollmuseum.ru;Музей уникальных кукол;tickets;взрослые;входной билет в музей;400 руб.;400;;Билеты приобретаются на месте при входе в музей.;;https://dollmuseum.ru/;2026-10-09T19:32:32.142214+00:00
dollmuseum.ru;Музей уникальных кукол;tickets;детский или льготный;входной билет в музей;300 руб.;300;;Билеты приобретаются на месте при входе в музей.;;https://dollmuseum.ru/;2026-10-09T19:32:32.142214+00:00
dollmuseum.ru;Музей уникальных кукол;tickets;взрослые;билет с экскурсией;500 руб.;500;;по предварительной записи +7 915 365-22-24;;https://dollmuseum.ru/;2026-10-09T19:32:32.142214+00:00
dollmuseum.ru;Музей уникальных кукол;tickets;детский или льготный;билет с экскурсией;400 руб.;400;;по предварительной записи +7 915 365-22-24;;https://dollmuseum.ru/;2026-10-09T19:32:32.142214+00:00
dogmuseum.ru;Музей собаки;tickets;детский;ежедневная обзорная экскурсия, будни;700;700;;"будни; посещение только с экскурсией; вход в музей за 10 минут до начала экскурсии по билетам, заранее приобретенным на сайте";;https://dogmuseum.ru/;2026-10-09T19:32:31.705645+00:00
dogmuseum.ru;Музей собаки;tickets;льготный;ежедневная обзорная экскурсия, будни;800;800;;"будни; посещение только с экскурсией; вход в музей за 10 минут до начала экскурсии по билетам, заранее приобретенным на сайте";;https://dogmuseum.ru/;2026-10-09T19:32:31.705645+00:00
dogmuseum.ru;Музей собаки;tickets;взрослый;ежедневная обзорная экскурсия, будни;900;900;;"будни; посещение только с экскурсией; вход в музей за 10 минут до начала экскурсии по билетам, заранее приобретенным на сайте";;https://dogmuseum.ru/;2026-10-09T19:32:31.705645+00:00
dogmuseum.ru;Музей собаки;tickets;детский;ежедневная обзорная экскурсия, выходные и праздники;800;800;;"выходные и праздники; посещение только с экскурсией; вход в музей за 10 минут до начала экскурсии по билетам, заранее приобретенным на сайте";;https://dogmuseum.ru/;2026-10-09T19:32:31.705645+00:00
dogmuseum.ru;Музей собаки;tickets;льготный;ежедневная обзорная экскурсия, выходные и праздники;900;900;;"выходные и праздники; посещение только с экскурсией; вход в музей за 10 минут до начала экскурсии по билетам, заранее приобретенным на сайте";;https://dogmuseum.ru/;2026-10-09T19:32:31.705645+00:00
dogmuseum.ru;Музей собаки;tickets;взрослый;ежедневная обзорная экскурсия, выходные и праздники;1000;1000;;"выходные и праздники; посещение только с экскурсией; вход в музей за 10 минут до начала экскурсии по билетам, заранее приобретенным на сайте";;https://dogmuseum.ru/;2026-10-09T19:32:31.705645+00:00
dogmuseum.ru;Музей собаки;tickets;с человека;"мастер-класс ""Собака-сыщик""";1500 рублей;1500;;"10.10.2026 в 12.00 и 11.10.2026 в 12.00; мастер-классы не входят в олимпиаду ""Музеи.Парки.Усадьбы""";;https://dogmuseum.ru/;2026-10-09T19:32:31.705645+00:00
domloseva.ru;Дом А. Ф. Лосева;free_rules;посетители Дома Лосева;Дом Лосева;;;14 октября – день бесплатного посещения;Московская музейная неделя;recurring_day;http://domloseva.ru/;2026-10-09T19:32:34.358675+00:00
domrz.ru;Дом Русского зарубежья им. А. Солженицына, музей;free_rules;посетители Музея русского зарубежья;Музей русского зарубежья;;;18 октября 2026 года;в рамках акции «Московская музейная неделя»;dated_event;https://www.domrz.ru/;2026-10-09T19:32:34.786268+00:00
dollslane.ru;Галерея Кукольный переулок;tickets;Полный билет;Музей кукол, самостоятельный осмотр экспозиций японских и авторских кукол;500 рублей;500;;"Время посещения ежедневно с 11:00 до 17:00 (Музей работает до 18:00); самостоятельный осмотр экспозиций японских и авторских кукол, литературный квест, помощь смотрителей, ответы на вопросы. Фото и видеосъемка разрешены.";;https://www.dollslane.ru/bilety;2026-10-09T19:32:32.402527+00:00
dollslane.ru;Галерея Кукольный переулок;tickets;Льготный билет (дети, пенсионеры, студенты, инвалиды, многодетные);Музей кукол, самостоятельный осмотр экспозиций японских и авторских кукол;300 рублей;300;;"Время посещения ежедневно с 11:00 до 17:00 (Музей работает до 18:00); самостоятельный осмотр экспозиций японских и авторских кукол, литературный квест, помощь смотрителей, ответы на вопросы. Фото и видеосъемка разрешены.";;https://www.dollslane.ru/bilety;2026-10-09T19:32:32.402527+00:00
dollslane.ru;Галерея Кукольный переулок;tickets;Экскурсия по экспозиции «Япония. Куклы, сказки и легенды» (наборная группа);Экскурсия по экспозиции «Япония. Куклы, сказки и легенды», наборная группа;700 руб/чел.;700;;"Ежедневно, 12:00; продолжительность от 45 до 90 минут в зависимости от возраста участников, после можно осмотреть экспозицию всего Музея кукол, бесплатно пройти литературный квест и позаниматься на мастер-классе (оплачивается дополнительно).";;https://www.dollslane.ru/bilety;2026-10-09T19:32:32.402527+00:00
dollslane.ru;Галерея Кукольный переулок;tickets;Мастер-класс (наборная группа);Мастер-класс, наборная группа;1000-2000 руб/чел;;;"Ежедневно, 15:00; продолжительность от 60 до 90 минут; сопровождающие взрослые по билету в Музей 300-500 рублей в зависимости от категории (льготный/полный билет); после мастер-класса можно осмотреть экспозицию всего Музея кукол, бесплатно пройти литературный квест.";;https://www.dollslane.ru/bilety;2026-10-09T19:32:32.402527+00:00
dollslane.ru;Галерея Кукольный переулок;tickets;Сопровождающие взрослые;Билет в Музей при мастер-классе (наборная группа);300-500 рублей;;;"В зависимости от категории (льготный/полный билет); мастер-класс ежедневно 15:00.";;https://www.dollslane.ru/bilety;2026-10-09T19:32:32.402527+00:00
dollslane.ru;Галерея Кукольный переулок;tickets;Индивидуальная экскурсия для группы до 5 человек;Индивидуальная экскурсия для группы до 5 человек;3000 руб/группа;3000;;"Возможен выбор удобного времени; независимо от количества участников от 1 до 5 человек; продолжительность от 45 минут до 90 минут в зависимости от возраста участников, после можно осмотреть экспозицию всего Музея кукол, бесплатно пройти литературный квест и позаниматься на мастер-классе (оплачивается дополнительно).";;https://www.dollslane.ru/bilety;2026-10-09T19:32:32.402527+00:00
dollslane.ru;Галерея Кукольный переулок;tickets;Лекция клуба «Пионовый фонарь»;Лекция клуба «Пионовый фонарь»;1000 руб. /чел.;1000;;"По пятницам 17:00; тему лекции уточните на сайте перед регистрацией.";;https://www.dollslane.ru/bilety;2026-10-09T19:32:32.402527+00:00
dollslane.ru;Галерея Кукольный переулок;tickets;Японская программа «Экскурсия + мастер-класс» + литературный квест;Экскурсии и мастер-классы для школьных классов и взрослых групп от 10 до 30 человек;1000-1500 руб/чел.;;;"Предварительная запись минимум за 1 неделю; Понедельник-Пятница 10:00-17:00; в зависимости от выбранных мастер-классов; продолжительность от 60 до 90 минут в зависимости от возраста участников; после каждой из программ можно самостоятельно осмотреть экспозицию японских и авторских кукол и пройти литературный квест. Фото и видеосъемка разрешены.";;https://www.dollslane.ru/bilety;2026-10-09T19:32:32.402527+00:00
dollslane.ru;Галерея Кукольный переулок;tickets;Японская экскурсия;Экскурсии и мастер-классы для школьных классов и взрослых групп от 10 до 30 человек;500 руб./чел.;500;;"Предварительная запись минимум за 1 неделю; Понедельник-Пятница 10:00-17:00; продолжительность от 45 до 90 минут в зависимости от возраста участников; после каждой из программ можно самостоятельно осмотреть экспозицию японских и авторских кукол и пройти литературный квест. Фото и видеосъемка разрешены.";;https://www.dollslane.ru/bilety;2026-10-09T19:32:32.402527+00:00
dollslane.ru;Галерея Кукольный переулок;tickets;Экскурсия по музею кукол;Экскурсии и мастер-классы для школьных классов и взрослых групп от 10 до 30 человек;500 руб./чел;500;;"Предварительная запись минимум за 1 неделю; Понедельник-Пятница 10:00-17:00; + литературный квест по экспозиции авторских кукол; продолжительность экскурсии от 45 до 90 минут в зависимости от возраста участников; после каждой из программ можно самостоятельно осмотреть экспозицию японских и авторских кукол и пройти литературный квест. Фото и видеосъемка разрешены.";;https://www.dollslane.ru/bilety;2026-10-09T19:32:32.402527+00:00
dollslane.ru;Галерея Кукольный переулок;free_rules;дети до 4-х лет, участники боевых действий;Музей кукол;;;Бесплатно;"Время посещения ежедневно с 11:00 до 17:00 (Музей работает до 18:00); самостоятельный осмотр экспозиций японских и авторских кукол, литературный квест, помощь смотрителей, ответы на вопросы. Фото и видеосъемка разрешены.";always;https://www.dollslane.ru/bilety;2026-10-09T19:32:32.402527+00:00
dollslane.ru;Галерея Кукольный переулок;free_rules;Сопровождающим групп (до 2-х человек);Экскурсии и мастер-классы для школьных классов и взрослых групп от 10 до 30 человек;;;бесплатно;"Предварительная запись минимум за 1 неделю; Понедельник-Пятница 10:00-17:00; после каждой из программ можно самостоятельно осмотреть экспозицию японских и авторских кукол и пройти литературный квест. Фото и видеосъемка разрешены.";benefit;https://www.dollslane.ru/bilety;2026-10-09T19:32:32.402527+00:00
dombulata.ru;Дом Булата;tickets;Полный;Музей Булата Окуджавы на Арбате, посещение постоянной экспозиции без экскурсии;200 ₽ – 300 ₽;;;Тип билета: Льготный, Полный;;http://dombulata.ru/product/poseshenie/;2026-10-09T19:32:33.548665+00:00
dombulata.ru;Дом Булата;tickets;Льготный;Музей Булата Окуджавы на Арбате, посещение постоянной экспозиции без экскурсии;200 ₽ – 300 ₽;;;Тип билета: Льготный, Полный;;http://dombulata.ru/product/poseshenie/;2026-10-09T19:32:33.548665+00:00
dombulata.ru;Дом Булата;tickets;Полный;Музей Кукол «Кукольный Дом», посещение постоянной экспозиции без экскурсии;200 ₽ – 300 ₽;;;Тип билета: Льготный, Полный;;http://dombulata.ru/product/%d0%bc%d1%83%d0%b7%d0%b5%d0%b9-%d0%ba%d1%83%d0%ba%d0%be%d0%bb-%d0%ba%d1%83%d0%ba%d0%be%d0%bb%d1%8c%d0%bd%d1%8b%d0%b9-%d0%b4%d0%be%d0%bc/;2026-10-09T19:32:33.548665+00:00
dombulata.ru;Дом Булата;tickets;Льготный;Музей Кукол «Кукольный Дом», посещение постоянной экспозиции без экскурсии;200 ₽ – 300 ₽;;;Тип билета: Льготный, Полный;;http://dombulata.ru/product/%d0%bc%d1%83%d0%b7%d0%b5%d0%b9-%d0%ba%d1%83%d0%ba%d0%be%d0%bb-%d0%ba%d1%83%d0%ba%d0%be%d0%bb%d1%8c%d0%bd%d1%8b%d0%b9-%d0%b4%d0%be%d0%bc/;2026-10-09T19:32:33.548665+00:00
dombulata.ru;Дом Булата;tickets;Билет для интеллигентного человека;10 октября 11:00 Старый Арбат: ожившие голоса эпохи;950 ₽ – 3100 ₽;;;Выбрать опцию;;http://dombulata.ru/product-category/events/;2026-10-09T19:32:33.548665+00:00
dombulata.ru;Дом Булата;tickets;Билет для трех интеллигентных людей;10 октября 11:00 Старый Арбат: ожившие голоса эпохи;950 ₽ – 3100 ₽;;;Выбрать опцию;;http://dombulata.ru/product-category/events/;2026-10-09T19:32:33.548665+00:00
dombulata.ru;Дом Булата;tickets;Билет для интеллигентного человека до 25 и от 65 лет;10 октября 11:00 Старый Арбат: ожившие голоса эпохи;950 ₽ – 3100 ₽;;;Выбрать опцию;;http://dombulata.ru/product-category/events/;2026-10-09T19:32:33.548665+00:00
dombulata.ru;Дом Булата;tickets;Билет для интеллигентного человека;11 октября 11:00 Старый Арбат: ожившие голоса эпохи;950 ₽ – 3100 ₽;;;Выбрать опцию;;http://dombulata.ru/product-category/events/;2026-10-09T19:32:33.548665+00:00
dombulata.ru;Дом Булата;tickets;Билет для трех интеллигентных людей;11 октября 11:00 Старый Арбат: ожившие голоса эпохи;950 ₽ – 3100 ₽;;;Выбрать опцию;;http://dombulata.ru/product-category/events/;2026-10-09T19:32:33.548665+00:00
dombulata.ru;Дом Булата;tickets;Билет для интеллигентного человека до 25 и от 65 лет;11 октября 11:00 Старый Арбат: ожившие голоса эпохи;950 ₽ – 3100 ₽;;;Выбрать опцию;;http://dombulata.ru/product-category/events/;2026-10-09T19:32:33.548665+00:00
dombulata.ru;Дом Булата;tickets;Моноспектакль «Буратино»;11 октября 12:00 Моноспектакль «Буратино»;1500 ₽;1500;;В корзину;;http://dombulata.ru/product-category/events/;2026-10-09T19:32:33.548665+00:00
dombulata.ru;Дом Булата;tickets;полный;11 октября 17:00 Тайны Смутного времени: от блокбастера до мелодрамы. Лекция П. Романенко;850 ₽ – 950 ₽;;;Выбрать опцию;;http://dombulata.ru/product-category/events/;2026-10-09T19:32:33.548665+00:00
dombulata.ru;Дом Булата;tickets;льготный;11 октября 17:00 Тайны Смутного времени: от блокбастера до мелодрамы. Лекция П. Романенко;850 ₽ – 950 ₽;;;Выбрать опцию;;http://dombulata.ru/product-category/events/;2026-10-09T19:32:33.548665+00:00
dombulata.ru;Дом Булата;tickets;Спектакль «Пустынный квартал»;16 октября 19:00 Спектакль «Пустынный квартал»;2000 ₽;2000;;В корзину;;http://dombulata.ru/product-category/events/;2026-10-09T19:32:33.548665+00:00
dombulata.ru;Дом Булата;tickets;Полный;25 октября 17:00 Франкл, Достоевский, Толстой: о смысле жизни и о поисках счастья. Лекция Саши Ирбе.;950 ₽ – 1150 ₽;;;Выбрать опцию;;http://dombulata.ru/product-category/events/;2026-10-09T19:32:33.548665+00:00
dombulata.ru;Дом Булата;tickets;Льготный;25 октября 17:00 Франкл, Достоевский, Толстой: о смысле жизни и о поисках счастья. Лекция Саши Ирбе.;950 ₽ – 1150 ₽;;;Выбрать опцию;;http://dombulata.ru/product-category/events/;2026-10-09T19:32:33.548665+00:00
dombulata.ru;Дом Булата;tickets;Полный;3 октября 18:00 Дункан и Есенин: роковая любовь в ураганах XX-го века. Лекция Саши Ирбе;850 ₽ – 950 ₽;;;Выбрать опцию;;http://dombulata.ru/product-category/events/;2026-10-09T19:32:33.548665+00:00
dombulata.ru;Дом Булата;tickets;льготный;3 октября 18:00 Дункан и Есенин: роковая любовь в ураганах XX-го века. Лекция Саши Ирбе;850 ₽ – 950 ₽;;;Выбрать опцию;;http://dombulata.ru/product-category/events/;2026-10-09T19:32:33.548665+00:00
fondkp.ru;Галерея Царская башня;free_rules;все посетители;"галерея ""Царская Башня"", выставка ""История БАМ""";;;ежедневно с 10:00 до 21:00;вход бесплатный;always;http://www.fondkp.ru/;2026-10-09T19:32:47.802544+00:00
fmm.ru;Минералогический музей им. А. Е. Ферсмана;tickets;Совершеннолетние граждане;входной билет в Музей;500 руб.;500;;"Покупка входных билетов осуществляется в здании Музея (касса) в день посещения; рекомендуем быть готовым производить оплату наличными";;https://fmm.ru/%D0%98%D0%BD%D1%84%D0%BE%D1%80%D0%BC%D0%B0%D1%86%D0%B8%D1%8F_%D0%B4%D0%BB%D1%8F_%D0%BF%D0%BE%D1%81%D0%B5%D1%82%D0%B8%D1%82%D0%B5%D0%BB%D0%B5%D0%B9;2026-10-09T19:32:47.226261+00:00
fmm.ru;Минералогический музей им. А. Е. Ферсмана;tickets;«Семейный билет» (двое взрослых + от одного до трёх детей);входной билет в Музей;1000 руб.;1000;;Покупка входных билетов осуществляется в здании Музея (касса) в день посещения;;https://fmm.ru/%D0%98%D0%BD%D1%84%D0%BE%D1%80%D0%BC%D0%B0%D1%86%D0%B8%D1%8F_%D0%B4%D0%BB%D1%8F_%D0%BF%D0%BE%D1%81%D0%B5%D1%82%D0%B8%D1%82%D0%B5%D0%BB%D0%B5%D0%B9;2026-10-09T19:32:47.226261+00:00
fmm.ru;Минералогический музей им. А. Е. Ферсмана;tickets;Пенсионеры, учащиеся, студенты, военнослужащие срочной службы, инвалиды;льготный входной билет в Музей;250 руб.;250;;"Для получения льготы на приобретение входного билета необходимо предъявить на кассе соответствующее удостоверение или справку; Льготы распространяются только на граждан СНГ";;https://fmm.ru/%D0%98%D0%BD%D1%84%D0%BE%D1%80%D0%BC%D0%B0%D1%86%D0%B8%D1%8F_%D0%B4%D0%BB%D1%8F_%D0%BF%D0%BE%D1%81%D0%B5%D1%82%D0%B8%D1%82%D0%B5%D0%BB%D0%B5%D0%B9;2026-10-09T19:32:47.226261+00:00
fmm.ru;Минералогический музей им. А. Е. Ферсмана;tickets;Дошкольники, многодетные семьи (дети из многодетных семей до 18 лет), инвалиды ВОВ, участники ВОВ, ветераны боевых действий (в том числе участники специальной военной операции), инвалиды 1 и 2 группы, дети-сироты и дети, оставшиеся без попечения родителей, сотрудники государственных Музеев и члены ICOM, студенты геологического профиля;бесплатный входной билет в Музей;Бесплатно;0;;"Для получения льготы на приобретение входного билета необходимо предъявить на кассе соответствующее удостоверение или справку; Льготы распространяются только на граждан СНГ";;https://fmm.ru/%D0%98%D0%BD%D1%84%D0%BE%D1%80%D0%BC%D0%B0%D1%86%D0%B8%D1%8F_%D0%B4%D0%BB%D1%8F_%D0%BF%D0%BE%D1%81%D0%B5%D1%82%D0%B8%D1%82%D0%B5%D0%BB%D0%B5%D0%B9;2026-10-09T19:32:47.226261+00:00
dommuseum.ru;Дом-музей Марины Цветаевой;tickets;полный (взрослые посетители);входной билет в музей;400 руб.;400;;"Музей открыт для посещения со вторника по воскресенье с 12.00 до 19.00; в четверг – с 12.00 до 21.00. Выходной день – понедельник. Билеты можно купить по ссылке.";;https://dommuseum.ru/contacts;2026-10-09T19:32:34.703462+00:00
dommuseum.ru;Дом-музей Марины Цветаевой;tickets;льготный (льготные категории граждан);входной билет в музей;200 руб.;200;;Для льготных категорий граждан предусмотрена возможность автоматического подтверждения льгот при покупке билетов после авторизации в Mos ID. При предъявлении билетному контролеру QR-кода в приложениях «Мой ID», «Моя Москва» и «Госуслуги Москвы», документы для подтверждения личности и льготы не требуются. При предъявлении билетному контролеру электронного билета необходим документ, подтверждающий личность.;;https://dommuseum.ru/contacts;2026-10-09T19:32:34.703462+00:00
dommuseum.ru;Дом-музей Марины Цветаевой;tickets;полный (взрослые посетители);экскурсии (дополнительно оплачивается входной билет в музей);400 руб.;400;;дополнительно оплачивается входной билет в музей;;https://dommuseum.ru/contacts;2026-10-09T19:32:34.703462+00:00
dommuseum.ru;Дом-музей Марины Цветаевой;tickets;льготный (льготные категории граждан);экскурсии (дополнительно оплачивается входной билет в музей);200 руб.;200;;дополнительно оплачивается входной билет в музей;;https://dommuseum.ru/contacts;2026-10-09T19:32:34.703462+00:00
dommuseum.ru;Дом-музей Марины Цветаевой;tickets;полный (взрослые посетители);Обзорная экскурсия «Жизнь и творчество Марины Цветаевой» (12+), дополнительно необходимо приобрести входной билет в музей;500 руб.;500;;Дополнительно необходимо приобрести входной билет в музей: 400 руб., льготный – 200 руб. Доступно по Пушкинской карте.;;https://dommuseum.ru/contacts;2026-10-09T19:32:34.703462+00:00
dommuseum.ru;Дом-музей Марины Цветаевой;tickets;льготные категории граждан;Обзорная экскурсия «Жизнь и творчество Марины Цветаевой» (12+), дополнительно необходимо приобрести входной билет в музей;250 руб.;250;;Дополнительно необходимо приобрести входной билет в музей: 400 руб., льготный – 200 руб. Доступно по Пушкинской карте.;;https://dommuseum.ru/contacts;2026-10-09T19:32:34.703462+00:00
dommuseum.ru;Дом-музей Марины Цветаевой;tickets;полный (взрослые посетители);Тематическая экскурсия «История семьи Цветаевых» (12+), дополнительно необходимо приобрести входной билет в музей;500 руб.;500;;Дополнительно необходимо приобрести входной билет в музей: 400 руб., льготный – 200 руб.;;https://dommuseum.ru/contacts;2026-10-09T19:32:34.703462+00:00
dommuseum.ru;Дом-музей Марины Цветаевой;tickets;льготные категории граждан;Тематическая экскурсия «История семьи Цветаевых» (12+), дополнительно необходимо приобрести входной билет в музей;250 руб.;250;;Дополнительно необходимо приобрести входной билет в музей: 400 руб., льготный – 200 руб.;;https://dommuseum.ru/contacts;2026-10-09T19:32:34.703462+00:00
dommuseum.ru;Дом-музей Марины Цветаевой;tickets;полный (взрослые посетители);Кураторская экскурсия Марии Степановой по выставке «Нездешний вечер» (12+), дополнительно необходимо приобрести входной билет в музей;500 руб.;500;;Дополнительно необходимо приобрести входной билет в музей: 400 руб., льготный – 200 руб.;;https://dommuseum.ru/contacts;2026-10-09T19:32:34.703462+00:00
dommuseum.ru;Дом-музей Марины Цветаевой;tickets;льготные категории граждан;Кураторская экскурсия Марии Степановой по выставке «Нездешний вечер» (12+), дополнительно необходимо приобрести входной билет в музей;250 руб.;250;;Дополнительно необходимо приобрести входной билет в музей: 400 руб., льготный – 200 руб.;;https://dommuseum.ru/contacts;2026-10-09T19:32:34.703462+00:00
dommuseum.ru;Дом-музей Марины Цветаевой;tickets;полный (взрослые посетители);«Так расскажи нам про любовь…»: авторская экскурсия Галины Данильевой (12+), дополнительно необходимо приобрести входной билет в музей;500 руб.;500;;Дополнительно необходимо приобрести входной билет в музей: 400 руб., льготный – 200 руб.;;https://dommuseum.ru/contacts;2026-10-09T19:32:34.703462+00:00
dommuseum.ru;Дом-музей Марины Цветаевой;tickets;льготные категории граждан;«Так расскажи нам про любовь…»: авторская экскурсия Галины Данильевой (12+), дополнительно необходимо приобрести входной билет в музей;250 руб.;250;;Дополнительно необходимо приобрести входной билет в музей: 400 руб., льготный – 200 руб.;;https://dommuseum.ru/contacts;2026-10-09T19:32:34.703462+00:00
dommuseum.ru;Дом-музей Марины Цветаевой;tickets;полный (взрослые посетители);Анна Фридман (фортепиано). «Бетховен и Гёте – Музыкальная трагикомедия» (12+);800 руб.;800;;;;https://dommuseum.ru/contacts;2026-10-09T19:32:34.703462+00:00
dommuseum.ru;Дом-музей Марины Цветаевой;tickets;льготный;Анна Фридман (фортепиано). «Бетховен и Гёте – Музыкальная трагикомедия» (12+);700 руб.;700;;;;https://dommuseum.ru/contacts;2026-10-09T19:32:34.703462+00:00
dommuseum.ru;Дом-музей Марины Цветаевой;tickets;полный (взрослые посетители);Загадка великого замысла. Г.Ф. Гендель. «Мессия» (6+);500 руб.;500;;;;https://dommuseum.ru/contacts;2026-10-09T19:32:34.703462+00:00
dommuseum.ru;Дом-музей Марины Цветаевой;tickets;льготный;Загадка великого замысла. Г.Ф. Гендель. «Мессия» (6+);400 руб.;400;;;;https://dommuseum.ru/contacts;2026-10-09T19:32:34.703462+00:00
dommuseum.ru;Дом-музей Марины Цветаевой;tickets;полный (взрослые посетители);Премьера. Одноактная опера «Моцарт и Сальери» (18+);2500 руб.;2500;;;;https://dommuseum.ru/contacts;2026-10-09T19:32:34.703462+00:00
dommuseum.ru;Дом-музей Марины Цветаевой;tickets;льготный;Премьера. Одноактная опера «Моцарт и Сальери» (18+);1500 руб.;1500;;;;https://dommuseum.ru/contacts;2026-10-09T19:32:34.703462+00:00
dommuseum.ru;Дом-музей Марины Цветаевой;tickets;полный (взрослые посетители);Концерт-лекция «Музыка Ренессанса» (6+);1200 руб.;1200;;;;https://dommuseum.ru/contacts;2026-10-09T19:32:34.703462+00:00
dommuseum.ru;Дом-музей Марины Цветаевой;tickets;льготный;Концерт-лекция «Музыка Ренессанса» (6+);800 руб.;800;;;;https://dommuseum.ru/contacts;2026-10-09T19:32:34.703462+00:00
dommuseum.ru;Дом-музей Марины Цветаевой;free_rules;все посетители;"Бесплатное посещение в рамках акции ""Московская музейная неделя""";;;четверг на каждой третьей неделе месяца;Необходима регистрация по ссылке с использованием Mos ID. ВАЖНО! В третий четверг месяца сборные экскурсии не проводятся;recurring_day;https://dommuseum.ru/contacts;2026-10-09T19:32:34.703462+00:00
dommuseum.ru;Дом-музей Марины Цветаевой;free_rules;все посетители;День бесплатного посещения в октябре 2026 года;;;15 октября 2026 года, четверг;Необходима регистрация по ссылке с использованием Mos ID: https://www.mos.ru/afisha/event/233392257/;dated_event;https://dommuseum.ru/contacts;2026-10-09T19:32:34.703462+00:00
dommuseum.ru;Дом-музей Марины Цветаевой;free_rules;все посетители;Московская музейная неделя;;;15-10-2026 11:00;Вход по бесплатным билетам, оформленным на mos.ru. 6+;dated_event;https://dommuseum.ru/contacts;2026-10-09T19:32:34.703462+00:00
dommuseum.ru;Дом-музей Марины Цветаевой;free_rules;все посетители;Ко дню рождения Анастасии Цветаевой;;;03-10-2026 18:00;Вход по бесплатным билетам, оформленным на сайте музея. 12+;dated_event;https://dommuseum.ru/contacts;2026-10-09T19:32:34.703462+00:00
dommuseum.ru;Дом-музей Марины Цветаевой;free_rules;все посетители;День рождения Марины Цветаевой – 2026. Премьера. Лекция Натальи Шаинян «Места моей души»;;;08-10-2026 16:00;Вход по бесплатным билетам, оформленным на mos.ru. 12+;dated_event;https://dommuseum.ru/contacts;2026-10-09T19:32:34.703462+00:00
dommuseum.ru;Дом-музей Марины Цветаевой;free_rules;все посетители;День рождения Марины Цветаевой – 2026. Премьера. Актеры Театра Романа Виктюка читают Марину Цветаеву;;;08-10-2026 19:00;Вход по бесплатным билетам, оформленным на mos.ru. 12+;dated_event;https://dommuseum.ru/contacts;2026-10-09T19:32:34.703462+00:00
dommuseum.ru;Дом-музей Марины Цветаевой;free_rules;все посетители;День рождения Марины Цветаевой - 2026. Программа мероприятий 8–9 октября 2026;;;09-10-2026 12:00;Вход по бесплатным билетам, оформленным на mos.ru. 6+;dated_event;https://dommuseum.ru/contacts;2026-10-09T19:32:34.703462+00:00
dommuseum.ru;Дом-музей Марины Цветаевой;free_rules;все посетители;День рождения Марины Цветаевой – 2026. Чтецкая программа студии «АктэМ» «Марина Цветаева. “Мой Пушкин”»;;;09-10-2026 15:00;Вход по бесплатным билетам, оформленным на mos.ru. 12+;dated_event;https://dommuseum.ru/contacts;2026-10-09T19:32:34.703462+00:00
dommuseum.ru;Дом-музей Марины Цветаевой;free_rules;все посетители;День рождения Марины Цветаевой – 2026. Премьера. Лекция Марии Степановой «Петербургские встречи Марины Цветаевой»;;;09-10-2026 16:00;Вход по бесплатным билетам, оформленным на mos.ru. 12+;dated_event;https://dommuseum.ru/contacts;2026-10-09T19:32:34.703462+00:00
dommuseum.ru;Дом-музей Марины Цветаевой;free_rules;все посетители;День рождения Марины Цветаевой – 2026. «Я от природы веселая…» Авторская программа Антонины Кузнецовой (стихи, проза, письма Марины Цветаевой);;;09-10-2026 18:00;Вход по бесплатным билетам, оформленным на mos.ru. 12+;dated_event;https://dommuseum.ru/contacts;2026-10-09T19:32:34.703462+00:00
dommuseum.ru;Дом-музей Марины Цветаевой;free_rules;все посетители;Презентация книги «Райнер Мария Рильке. Борис Пастернак. Марина Цветаева. Переписка 1926 года»;;;12-10-2026 18:00;Вход по бесплатным билетам. 12+;dated_event;https://dommuseum.ru/contacts;2026-10-09T19:32:34.703462+00:00
dommuseum.ru;Дом-музей Марины Цветаевой;free_rules;все посетители;XXV научно-тематическая цветаевская конференция «Поэт и время»;;;13-10-2026 20:31;Вход по бесплатным билетам. 16+;dated_event;https://dommuseum.ru/contacts;2026-10-09T19:32:34.703462+00:00
dommuseum.ru;Дом-музей Марины Цветаевой;free_rules;все посетители;Круглый стол литературной студии «Магистраль»;;;26-10-2026 17:00;Вход бесплатный, необходима предварительная регистрация на сайте музея. 12+;dated_event;https://dommuseum.ru/contacts;2026-10-09T19:32:34.703462+00:00
dommuseum.ru;Дом-музей Марины Цветаевой;free_rules;люди с инвалидностью по слуху;Кураторская экскурсия Марии Степановой по выставке «Нездешний вечер» с переводом на РЖЯ;;;29-10-2026 18:00;Вход бесплатный для людей с инвалидностью по слуху, необходима предварительная регистрация. 12+;benefit;https://dommuseum.ru/contacts;2026-10-09T19:32:34.703462+00:00
experimentanium.ru;Экспериментаниум;tickets;Дети до 4 лет;Посещение основной экспозиции, Оптимальный тариф;Бесплатно;0;;Оптимальный тариф;;https://experimentanium.ru/prices/;2026-10-09T19:32:43.783626+00:00
experimentanium.ru;Экспериментаниум;tickets;Дети с 4 до 16 лет;Посещение основной экспозиции, Оптимальный тариф;850 ₽;850;;Оптимальный тариф;;https://experimentanium.ru/prices/;2026-10-09T19:32:43.783626+00:00
experimentanium.ru;Экспериментаниум;tickets;Взрослые;Посещение основной экспозиции, Оптимальный тариф;950 ₽;950;;Оптимальный тариф;;https://experimentanium.ru/prices/;2026-10-09T19:32:43.783626+00:00
experimentanium.ru;Экспериментаниум;tickets;Члены многодетных семей*;Посещение основной экспозиции, Оптимальный тариф;680 ₽;680;;Оптимальный тариф;;https://experimentanium.ru/prices/;2026-10-09T19:32:43.783626+00:00
experimentanium.ru;Экспериментаниум;tickets;Дети до 4 лет;Посещение основной экспозиции, Базовый тариф;Бесплатно;0;;Базовый тариф;;https://experimentanium.ru/prices/;2026-10-09T19:32:43.783626+00:00
experimentanium.ru;Экспериментаниум;tickets;Дети с 4 до 16 лет;Посещение основной экспозиции, Базовый тариф;950 ₽;950;;Базовый тариф;;https://experimentanium.ru/prices/;2026-10-09T19:32:43.783626+00:00
experimentanium.ru;Экспериментаниум;tickets;Взрослые;Посещение основной экспозиции, Базовый тариф;1 250 ₽;1250;;Базовый тариф;;https://experimentanium.ru/prices/;2026-10-09T19:32:43.783626+00:00
experimentanium.ru;Экспериментаниум;tickets;Члены многодетных семей*;Посещение основной экспозиции, Базовый тариф;760 ₽;760;;Базовый тариф;;https://experimentanium.ru/prices/;2026-10-09T19:32:43.783626+00:00
experimentanium.ru;Экспериментаниум;tickets;Дети до 4 лет;Посещение основной экспозиции, Высокий тариф;Бесплатно;0;;Высокий тариф;;https://experimentanium.ru/prices/;2026-10-09T19:32:43.783626+00:00
experimentanium.ru;Экспериментаниум;tickets;Дети с 4 до 16 лет;Посещение основной экспозиции, Высокий тариф;1 450 ₽;1450;;Высокий тариф;;https://experimentanium.ru/prices/;2026-10-09T19:32:43.783626+00:00
experimentanium.ru;Экспериментаниум;tickets;Взрослые;Посещение основной экспозиции, Высокий тариф;1 750 ₽;1750;;Высокий тариф;;https://experimentanium.ru/prices/;2026-10-09T19:32:43.783626+00:00
experimentanium.ru;Экспериментаниум;tickets;Члены многодетных семей*;Посещение основной экспозиции, Высокий тариф;1 160 ₽;1160;;Высокий тариф;;https://experimentanium.ru/prices/;2026-10-09T19:32:43.783626+00:00
experimentanium.ru;Экспериментаниум;tickets;Ветераны и участники боевых действий;Стоимость билетов (льготные категории);50% от взрослого билета;;;"Стоимость билетов рассчитывается в процентном соотношении от цены билета текущего дня; для получения скидки необходимо предъявить документ, подтверждающий право на льготу";;https://experimentanium.ru/prices/;2026-10-09T19:32:43.783626+00:00
experimentanium.ru;Экспериментаниум;tickets;Семьи участников СВО (супруг/супруга);Стоимость билетов (льготные категории);20% от взрослого билета;;;"Стоимость билетов рассчитывается в процентном соотношении от цены билета текущего дня; для получения скидки необходимо предъявить документ, подтверждающий право на льготу";;https://experimentanium.ru/prices/;2026-10-09T19:32:43.783626+00:00
experimentanium.ru;Экспериментаниум;tickets;Семьи участников СВО (дети);Стоимость билетов (льготные категории);20% от детского билета;;;"Стоимость билетов рассчитывается в процентном соотношении от цены билета текущего дня; для получения скидки необходимо предъявить документ, подтверждающий право на льготу";;https://experimentanium.ru/prices/;2026-10-09T19:32:43.783626+00:00
experimentanium.ru;Экспериментаниум;tickets;Инвалиды I, II, III группы (взрослые);Стоимость билетов (льготные категории);50% от взрослого билета;;;"Стоимость билетов рассчитывается в процентном соотношении от цены билета текущего дня; для получения скидки необходимо предъявить документ, подтверждающий право на льготу";;https://experimentanium.ru/prices/;2026-10-09T19:32:43.783626+00:00
experimentanium.ru;Экспериментаниум;tickets;Сопровождающие инвалидов I и II группы (взрослые);Стоимость билетов (льготные категории);50% от взрослого билета;;;"Стоимость билетов рассчитывается в процентном соотношении от цены билета текущего дня; для получения скидки необходимо предъявить документ, подтверждающий право на льготу";;https://experimentanium.ru/prices/;2026-10-09T19:32:43.783626+00:00
experimentanium.ru;Экспериментаниум;tickets;Дети-инвалиды;Стоимость билетов (льготные категории);50% от детского билета;;;"Стоимость билетов рассчитывается в процентном соотношении от цены билета текущего дня; для получения скидки необходимо предъявить документ, подтверждающий право на льготу";;https://experimentanium.ru/prices/;2026-10-09T19:32:43.783626+00:00
experimentanium.ru;Экспериментаниум;tickets;Сопровождающие детей-инвалидов (взрослые);Стоимость билетов (льготные категории);50% от взрослого билета;;;"Стоимость билетов рассчитывается в процентном соотношении от цены билета текущего дня; для получения скидки необходимо предъявить документ, подтверждающий право на льготу";;https://experimentanium.ru/prices/;2026-10-09T19:32:43.783626+00:00
experimentanium.ru;Экспериментаниум;tickets;Именинник;Скидка именниникам;10% от стоимости входного билета в музей;;;предоставляется имениннику 7 дней до и после дня рождения при предъявлении паспорта или свидетельства о рождении;;https://experimentanium.ru/prices/;2026-10-09T19:32:43.783626+00:00
experimentanium.ru;Экспериментаниум;tickets;Подарочный сертификат;Подарочные сертификаты;1850 ₽;1850;;"Сертификат можно приобрести в разделе ""Афиша и билеты"" и в кассе магазина. Он дает право на посещение экспозиции в любой день работы музея и скидку 20% на покупки в магазине";;https://experimentanium.ru/prices/;2026-10-09T19:32:43.783626+00:00
experimentanium.ru;Экспериментаниум;tickets;Экскурсии;Дополнительные программы;от 950 ₽ за человека;;;Дополнительные программы;;https://experimentanium.ru/prices/;2026-10-09T19:32:43.783626+00:00
experimentanium.ru;Экспериментаниум;tickets;Научно-развлекательные шоу и мастер-классы;Дополнительные программы;от 650 ₽ за человека;;;Дополнительные программы;;https://experimentanium.ru/prices/;2026-10-09T19:32:43.783626+00:00
experimentanium.ru;Экспериментаниум;tickets;Выпускные;Дополнительные программы;от 4900 ₽ за человека;;;Дополнительные программы;;https://experimentanium.ru/prices/;2026-10-09T19:32:43.783626+00:00
experimentanium.ru;Экспериментаниум;tickets;Квесты;Дополнительные программы;от 14 000 ₽ за группу;;;Дополнительные программы;;https://experimentanium.ru/prices/;2026-10-09T19:32:43.783626+00:00
experimentanium.ru;Экспериментаниум;tickets;Праздники в музее;Дополнительные программы;от 14 000 ₽ за группу;;;Дополнительные программы;;https://experimentanium.ru/prices/;2026-10-09T19:32:43.783626+00:00
experimentanium.ru;Экспериментаниум;free_rules;Дети до 4 лет;Посещение основной экспозиции;;;при посещении основной экспозиции;Оптимальный тариф, Базовый тариф, Высокий тариф;always;https://experimentanium.ru/prices/;2026-10-09T19:32:43.783626+00:00
gbsad.ru;Фондовая оранжерея Главного ботанического сада им. Н.В. Цицина РАН;tickets;взрослые;Старая Фондовая оранжерея, экскурсия, включая входной билет;1000 руб.;1000;;включая входной билет;;https://gbsad.ru/fondovaya-oranzhereya-bilety-i-abonementy;2026-10-09T19:32:50.998734+00:00
gbsad.ru;Фондовая оранжерея Главного ботанического сада им. Н.В. Цицина РАН;tickets;льготные категории;Старая Фондовая оранжерея, экскурсия, включая входной билет;600 руб.;600;;включая входной билет;;https://gbsad.ru/fondovaya-oranzhereya-bilety-i-abonementy;2026-10-09T19:32:50.998734+00:00
gbsad.ru;Фондовая оранжерея Главного ботанического сада им. Н.В. Цицина РАН;tickets;Взрослые посетители;Входной билет для свободного посещения (в период с 16 марта по 15 сентября), будние дни;400₽;400;;Действителен на проход один раз. Действителен в день приобретения билета.;;https://gbsad.ru/fondovaya-oranzhereya-bilety-i-abonementy;2026-10-09T19:32:50.998734+00:00
gbsad.ru;Фондовая оранжерея Главного ботанического сада им. Н.В. Цицина РАН;tickets;Взрослые посетители;Входной билет для свободного посещения (в период с 16 марта по 15 сентября), выходные дни;500 ₽;500;;Действителен на проход один раз. Действителен в день приобретения билета.;;https://gbsad.ru/fondovaya-oranzhereya-bilety-i-abonementy;2026-10-09T19:32:50.998734+00:00
gbsad.ru;Фондовая оранжерея Главного ботанического сада им. Н.В. Цицина РАН;tickets;Льготный билет (студенты, школьники, пенсионеры, многодетные родители);Входной билет для свободного посещения (в период с 16 марта по 15 сентября), будние дни;250 ₽;250;;Действителен на проход один раз. Действителен в день приобретения билета.;;https://gbsad.ru/fondovaya-oranzhereya-bilety-i-abonementy;2026-10-09T19:32:50.998734+00:00
gbsad.ru;Фондовая оранжерея Главного ботанического сада им. Н.В. Цицина РАН;tickets;Льготный билет (студенты, школьники, пенсионеры, многодетные родители);Входной билет для свободного посещения (в период с 16 марта по 15 сентября), выходные дни;300 ₽;300;;Действителен на проход один раз. Действителен в день приобретения билета.;;https://gbsad.ru/fondovaya-oranzhereya-bilety-i-abonementy;2026-10-09T19:32:50.998734+00:00
gbsad.ru;Фондовая оранжерея Главного ботанического сада им. Н.В. Цицина РАН;free_rules;Инвалиды 1-2 групп, участники военных действий, дети из многодетных семей, дети до 7 лет;Входной билет для свободного посещения (в период с 16 марта по 15 сентября), будние и выходные дни;;;Бесплатно;При предъявлении документа подтверждающего льготу. Действителен в день приобретения билета. Один билет в руки.;benefit;https://gbsad.ru/fondovaya-oranzhereya-bilety-i-abonementy;2026-10-09T19:32:50.998734+00:00
gingerbread-msk.ru;Музей Пряника;tickets;билет сопровождающего;Экскурсия в музее и выпечка + роспись пряников;+490р к стоимости;490;;"Детям до 7 лет требуется сопровождение взрослого; билет сопровождающего +490р к стоимости";;https://gingerbread-msk.ru/;2026-10-09T19:32:51.485740+00:00
gingerbread-msk.ru;Музей Пряника;tickets;билет сопровождающего;Карамельная мастерская;+490р к стоимости;490;;"Детям до 7 лет требуется сопровождение взрослого; билет сопровождающего +490р к стоимости";;https://gingerbread-msk.ru/;2026-10-09T19:32:51.485740+00:00
gingerbread-msk.ru;Музей Пряника;tickets;набойка на шопер (7+);Набойка по ткани;1 990 ₽;1990;;набойка на шопер;;https://gingerbread-msk.ru/;2026-10-09T19:32:51.485740+00:00
gctm.ru;Государственный центральный театральный музей им. Бахрушина А. А.;free_rules;дети до 7 – лет;постоянные экспозиции;;;в любой рабочий день музея;Бесплатное посещение постоянных экспозиций в любой рабочий день музея;always;https://www.bakhrushinmuseum.ru/polzovatelskoe-soglashenie/;2026-10-09T19:32:51.026320+00:00
gctm.ru;Государственный центральный театральный музей им. Бахрушина А. А.;free_rules;Герои Советского Союза, Герои России, Полные кавалеры Ордена Славы;постоянные экспозиции;;;в любой рабочий день музея;при предъявлении удостоверения;always;https://www.bakhrushinmuseum.ru/polzovatelskoe-soglashenie/;2026-10-09T19:32:51.026320+00:00
gctm.ru;Государственный центральный театральный музей им. Бахрушина А. А.;free_rules;Участники и Ветераны Великой Отечественной войны РФ и стран СНГ;постоянные экспозиции;;;в любой рабочий день музея;при предъявлении удостоверения;always;https://www.bakhrushinmuseum.ru/polzovatelskoe-soglashenie/;2026-10-09T19:32:51.026320+00:00
gctm.ru;Государственный центральный театральный музей им. Бахрушина А. А.;free_rules;Лица, награжденные медалью «За оборону Ленинграда» или «Житель блокадного Ленинграда», труженики тыла;постоянные экспозиции;;;в любой рабочий день музея;при предъявлении удостоверения;always;https://www.bakhrushinmuseum.ru/polzovatelskoe-soglashenie/;2026-10-09T19:32:51.026320+00:00
gctm.ru;Государственный центральный театральный музей им. Бахрушина А. А.;free_rules;Незаконно репрессированные и реабилитированные граждане;постоянные экспозиции;;;в любой рабочий день музея;при предъявлении справки;always;https://www.bakhrushinmuseum.ru/polzovatelskoe-soglashenie/;2026-10-09T19:32:51.026320+00:00
gctm.ru;Государственный центральный театральный музей им. Бахрушина А. А.;free_rules;Участники боевых действий, приравненные к ветеранам ВОВ;постоянные экспозиции;;;в любой рабочий день музея;при предъявлении удостоверения;always;https://www.bakhrushinmuseum.ru/polzovatelskoe-soglashenie/;2026-10-09T19:32:51.026320+00:00
gctm.ru;Государственный центральный театральный музей им. Бахрушина А. А.;free_rules;Участники СВО;постоянные экспозиции;;;в любой рабочий день музея;Бесплатное посещение постоянных экспозиций в любой рабочий день музея;always;https://www.bakhrushinmuseum.ru/polzovatelskoe-soglashenie/;2026-10-09T19:32:51.026320+00:00
gctm.ru;Государственный центральный театральный музей им. Бахрушина А. А.;free_rules;Члены семей участников СВО;постоянные экспозиции;;;в любой рабочий день музея;при предъявлении подтверждающих документов;always;https://www.bakhrushinmuseum.ru/polzovatelskoe-soglashenie/;2026-10-09T19:32:51.026320+00:00
gctm.ru;Государственный центральный театральный музей им. Бахрушина А. А.;free_rules;Многодетные семьи;постоянные экспозиции;;;в любой рабочий день музея;при предъявлении удостоверения, подтверждающего статус многодетной семьи, или двухмерного штрихового кода (QR-кода), содержащегося в электронном удостоверении многодетной семьи;always;https://www.bakhrushinmuseum.ru/polzovatelskoe-soglashenie/;2026-10-09T19:32:51.026320+00:00
gctm.ru;Государственный центральный театральный музей им. Бахрушина А. А.;free_rules;Учащиеся общеобразовательных учреждений – приютов, реабилитационных центров, центров социальной помощи семье и детям;постоянные экспозиции;;;в любой рабочий день музея;при предъявлении справки;always;https://www.bakhrushinmuseum.ru/polzovatelskoe-soglashenie/;2026-10-09T19:32:51.026320+00:00
gctm.ru;Государственный центральный театральный музей им. Бахрушина А. А.;free_rules;Дети-сироты и дети, оставшиеся без попечения родителей, лицо, сопровождающее ребенка;постоянные экспозиции;;;в любой рабочий день музея;при предъявлении справки;always;https://www.bakhrushinmuseum.ru/polzovatelskoe-soglashenie/;2026-10-09T19:32:51.026320+00:00
gctm.ru;Государственный центральный театральный музей им. Бахрушина А. А.;free_rules;Инвалиды I или II группы, дети-инвалиды, лицо, сопровождающее инвалида I или II группы либо инвалида с детства;постоянные экспозиции;;;в любой рабочий день музея;при предъявлении любого удостоверения личности и справка об инвалидности или её копии;always;https://www.bakhrushinmuseum.ru/polzovatelskoe-soglashenie/;2026-10-09T19:32:51.026320+00:00
gctm.ru;Государственный центральный театральный музей им. Бахрушина А. А.;free_rules;Сотрудники музеев РФ, члены UNESCO и ICOM, члены Ассоциации искусствоведов РФ;постоянные экспозиции;;;в любой рабочий день музея;при предъявлении удостоверения;always;https://www.bakhrushinmuseum.ru/polzovatelskoe-soglashenie/;2026-10-09T19:32:51.026320+00:00
gctm.ru;Государственный центральный театральный музей им. Бахрушина А. А.;free_rules;Члены СТД РФ;постоянные экспозиции;;;в любой рабочий день музея;при предъявлении удостоверения;always;https://www.bakhrushinmuseum.ru/polzovatelskoe-soglashenie/;2026-10-09T19:32:51.026320+00:00
gctm.ru;Государственный центральный театральный музей им. Бахрушина А. А.;free_rules;Студенты профильных вузов РФ и стран СНГ, в том числе иностранные граждане – студенты вузов РФ /дневная форма обучения/;постоянные экспозиции;;;в любой рабочий день музея;при предъявлении студенческого билета;always;https://www.bakhrushinmuseum.ru/polzovatelskoe-soglashenie/;2026-10-09T19:32:51.026320+00:00
gctm.ru;Государственный центральный театральный музей им. Бахрушина А. А.;free_rules;Гиды-переводчики, имеющие аккредитационную карту ассоциации гидов-переводчиков и турменеджеров РФ, сопровождающие группу туристов;постоянные экспозиции;;;в любой рабочий день музея;при предъявлении удостоверения;always;https://www.bakhrushinmuseum.ru/polzovatelskoe-soglashenie/;2026-10-09T19:32:51.026320+00:00
gctm.ru;Государственный центральный театральный музей им. Бахрушина А. А.;free_rules;Официальные представители средств массовой информации;постоянные экспозиции;;;в любой рабочий день музея;при предъявлении соответствующего удостоверения (пресс – карты);always;https://www.bakhrushinmuseum.ru/polzovatelskoe-soglashenie/;2026-10-09T19:32:51.026320+00:00
gctm.ru;Государственный центральный театральный музей им. Бахрушина А. А.;free_rules;Художники – члены творческих союзов;постоянные экспозиции (посещение художественных выставок);;;в любой рабочий день музея;при предъявлении удостоверения;always;https://www.bakhrushinmuseum.ru/polzovatelskoe-soglashenie/;2026-10-09T19:32:51.026320+00:00
gctm.ru;Государственный центральный театральный музей им. Бахрушина А. А.;free_rules;Общественный совет МК РФ;постоянные экспозиции;;;в любой рабочий день музея;Бесплатное посещение постоянных экспозиций в любой рабочий день музея;always;https://www.bakhrushinmuseum.ru/polzovatelskoe-soglashenie/;2026-10-09T19:32:51.026320+00:00
gctm.ru;Государственный центральный театральный музей им. Бахрушина А. А.;free_rules;Лица, обучающиеся в образовательных учреждениях среднего /полного/ общего образования с дополнительной программой, имеющей целью военную подготовку несовершеннолетних граждан /в частности, учащиеся суворовских военных, нахимовских военно-морских, военно-музыкальных училищ/;постоянные экспозиции;;;по четвергам;при предъявлении удостоверения или ученического/курсантского билета;recurring_day;https://www.bakhrushinmuseum.ru/polzovatelskoe-soglashenie/;2026-10-09T19:32:51.026320+00:00
gctm.ru;Государственный центральный театральный музей им. Бахрушина А. А.;free_rules;Лица, подвергшиеся воздействию радиации вследствие катастрофы на Чернобыльской АЭС, испытаний на Семипалатинском полигоне и приравненные к ним категории граждан;постоянные экспозиции;;;каждую третью субботу месяца;Бесплатное посещение постоянных экспозиций в специально отведённые дни;recurring_day;https://www.bakhrushinmuseum.ru/polzovatelskoe-soglashenie/;2026-10-09T19:32:51.026320+00:00
gctm.ru;Государственный центральный театральный музей им. Бахрушина А. А.;free_rules;Военнослужащие срочной службы РФ;постоянные экспозиции;;;каждую третью субботу месяца;при предъявлении удостоверения;recurring_day;https://www.bakhrushinmuseum.ru/polzovatelskoe-soglashenie/;2026-10-09T19:32:51.026320+00:00
gctm.ru;Государственный центральный театральный музей им. Бахрушина А. А.;free_rules;Лица, не достигшие 18-летнего возраста;постоянные экспозиции;;;каждый третий четверг месяца;при предъявлении удостоверения личности;recurring_day;https://www.bakhrushinmuseum.ru/polzovatelskoe-soglashenie/;2026-10-09T19:32:51.026320+00:00
gctm.ru;Государственный центральный театральный музей им. Бахрушина А. А.;free_rules;Студенты вузов РФ и стран СНГ, в том числе иностранные граждане-студенты вузов РФ /дневная форма обучения/;постоянные экспозиции;;;каждый третий четверг месяца;при предъявлении студенческого билета;recurring_day;https://www.bakhrushinmuseum.ru/polzovatelskoe-soglashenie/;2026-10-09T19:32:51.026320+00:00
gbmt.ru;Государственный Биологический музей им. К.А. Тимирязева;tickets;Взрослые посетители;Малая Грузинская, 15;500 руб.;500;;График работы: вторник, среда, пятница, суббота с 10:00 до 18:00. Четверг с 12:00 до 21:00. Воскресенье с 11:00 до 18:00. Выходной день — понедельник.;;https://gbmt.ru/ru/ticket/;2026-10-09T19:32:50.869793+00:00
gbmt.ru;Государственный Биологический музей им. К.А. Тимирязева;tickets;"Дети в возрасте от 7 до 17 лет включительно; Учащиеся очной формы обучения учреждений высшего и среднего профессионального образования; Пенсионеры; Инвалиды III группы";Малая Грузинская, 15;250 руб.;250;;График работы: вторник, среда, пятница, суббота с 10:00 до 18:00. Четверг с 12:00 до 21:00. Воскресенье с 11:00 до 18:00. Выходной день — понедельник.;;https://gbmt.ru/ru/ticket/;2026-10-09T19:32:50.869793+00:00
gbmt.ru;Государственный Биологический музей им. К.А. Тимирязева;tickets;Взрослые посетители;Выставка «Жужжащий мир», проспект Мира, 119, павильон №28;500 руб.;500;;График работы выставки: среда - воскресенье с 11:00 до 19:00. Выходные дни — понедельник, вторник.;;https://gbmt.ru/ru/ticket/;2026-10-09T19:32:50.869793+00:00
gbmt.ru;Государственный Биологический музей им. К.А. Тимирязева;tickets;"Дети в возрасте от 7 до 17 лет включительно; Учащиеся очной формы обучения учреждений высшего и среднего профессионального образования; Пенсионеры; Инвалиды III группы";Выставка «Жужжащий мир», проспект Мира, 119, павильон №28;250 руб.;250;;График работы выставки: среда - воскресенье с 11:00 до 19:00. Выходные дни — понедельник, вторник.;;https://gbmt.ru/ru/ticket/;2026-10-09T19:32:50.869793+00:00
gbmt.ru;Государственный Биологический музей им. К.А. Тимирязева;tickets;Взрослые посетители;Выставка «12 признаков живого», проспект Мира, 119, павильон №31;500 руб.;500;;График работы выставки: среда - воскресенье с 11:00 до 19:00. Выходные дни — понедельник, вторник.;;https://gbmt.ru/ru/ticket/;2026-10-09T19:32:50.869793+00:00
gbmt.ru;Государственный Биологический музей им. К.А. Тимирязева;tickets;"Дети в возрасте от 7 до 17 лет включительно; Учащиеся очной формы обучения учреждений высшего и среднего профессионального образования; Пенсионеры; Инвалиды III группы";Выставка «12 признаков живого», проспект Мира, 119, павильон №31;250 руб.;250;;График работы выставки: среда - воскресенье с 11:00 до 19:00. Выходные дни — понедельник, вторник.;;https://gbmt.ru/ru/ticket/;2026-10-09T19:32:50.869793+00:00
gbmt.ru;Государственный Биологический музей им. К.А. Тимирязева;tickets;для всех категорий посетителей;Экскурсионная путевка (для групп численностью не более 25 человек, продолжительность 1 час, за исключением павильона «Пчеловодство» до 15 чел);10000 руб.;10000;;Стоимость экскурсионного обслуживания указана БЕЗ УЧЕТА ВХОДНОГО БИЛЕТА. Входные билеты приобретаются отдельно в кассе или на сайте Музея.;;https://gbmt.ru/ru/excursion/cost/;2026-10-09T19:32:50.869793+00:00
gbmt.ru;Государственный Биологический музей им. К.А. Тимирязева;tickets;для всех категорий посетителей;Экскурсионная путевка (для групп численностью не более 25 человек, продолжительность 1,5 часа);12000 руб.;12000;;Стоимость экскурсионного обслуживания указана БЕЗ УЧЕТА ВХОДНОГО БИЛЕТА. Входные билеты приобретаются отдельно в кассе или на сайте Музея.;;https://gbmt.ru/ru/excursion/cost/;2026-10-09T19:32:50.869793+00:00
gbmt.ru;Государственный Биологический музей им. К.А. Тимирязева;tickets;для всех категорий посетителей;Экскурсионная путевка (для групп численностью не более 15 человек, продолжительность 45 минут);8500 руб.;8500;;Стоимость экскурсионного обслуживания указана БЕЗ УЧЕТА ВХОДНОГО БИЛЕТА. Входные билеты приобретаются отдельно в кассе или на сайте Музея.;;https://gbmt.ru/ru/excursion/cost/;2026-10-09T19:32:50.869793+00:00
gbmt.ru;Государственный Биологический музей им. К.А. Тимирязева;tickets;для всех категорий посетителей;Экскурсионная путевка (для групп численностью не более 15 человек, продолжительность 1 час) *Возможно только для экскурсии в оранжерею;7000 руб.;7000;;Стоимость экскурсионного обслуживания указана БЕЗ УЧЕТА ВХОДНОГО БИЛЕТА. Входные билеты приобретаются отдельно в кассе или на сайте Музея.;;https://gbmt.ru/ru/excursion/cost/;2026-10-09T19:32:50.869793+00:00
gbmt.ru;Государственный Биологический музей им. К.А. Тимирязева;tickets;для всех категорий посетителей;Абонементы, включающие проведение 3-х тематических экскурсий (для групп не более 25 человек, продолжительностью 1 час каждая);20000 руб.;20000;;Стоимость экскурсионного обслуживания указана БЕЗ УЧЕТА ВХОДНОГО БИЛЕТА. Входные билеты приобретаются отдельно в кассе или на сайте Музея.;;https://gbmt.ru/ru/excursion/cost/;2026-10-09T19:32:50.869793+00:00
gbmt.ru;Государственный Биологический музей им. К.А. Тимирязева;tickets;для всех категорий посетителей;Практические занятия с индивидуальным рабочим местом (для групп численностью не более 20 человек, продолжительность 1 час, за исключением павильона «Пчеловодство» до 15 чел.);9000 руб.;9000;;Стоимость экскурсионного обслуживания указана БЕЗ УЧЕТА ВХОДНОГО БИЛЕТА. Входные билеты приобретаются отдельно в кассе или на сайте Музея.;;https://gbmt.ru/ru/excursion/cost/;2026-10-09T19:32:50.869793+00:00
gbmt.ru;Государственный Биологический музей им. К.А. Тимирязева;tickets;для всех категорий посетителей;Практические занятия с индивидуальным рабочим местом (для групп численностью не более 20 человек, продолжительность 1,5 часа, за исключением павильона «Пчеловодство» до 15 чел.);10000 руб.;10000;;Стоимость экскурсионного обслуживания указана БЕЗ УЧЕТА ВХОДНОГО БИЛЕТА. Входные билеты приобретаются отдельно в кассе или на сайте Музея.;;https://gbmt.ru/ru/excursion/cost/;2026-10-09T19:32:50.869793+00:00
gbmt.ru;Государственный Биологический музей им. К.А. Тимирязева;tickets;для всех категорий посетителей;Практические занятия с индивидуальным рабочим местом (для групп численностью не более 15 человек, продолжительность 1 час);9000 руб.;9000;;Стоимость экскурсионного обслуживания указана БЕЗ УЧЕТА ВХОДНОГО БИЛЕТА. Входные билеты приобретаются отдельно в кассе или на сайте Музея.;;https://gbmt.ru/ru/excursion/cost/;2026-10-09T19:32:50.869793+00:00
gbmt.ru;Государственный Биологический музей им. К.А. Тимирязева;tickets;для всех категорий посетителей;Занятия с демонстрацией опытов (для групп численностью не более 25 человек, продолжительность 1 час);10000 руб.;10000;;Стоимость экскурсионного обслуживания указана БЕЗ УЧЕТА ВХОДНОГО БИЛЕТА. Входные билеты приобретаются отдельно в кассе или на сайте Музея.;;https://gbmt.ru/ru/excursion/cost/;2026-10-09T19:32:50.869793+00:00
gbmt.ru;Государственный Биологический музей им. К.А. Тимирязева;tickets;для всех категорий посетителей;Занятия с демонстрацией опытов (для групп численностью не более 25 человек, продолжительность 1,5 час);11250 руб.;11250;;Стоимость экскурсионного обслуживания указана БЕЗ УЧЕТА ВХОДНОГО БИЛЕТА. Входные билеты приобретаются отдельно в кассе или на сайте Музея.;;https://gbmt.ru/ru/excursion/cost/;2026-10-09T19:32:50.869793+00:00
gbmt.ru;Государственный Биологический музей им. К.А. Тимирязева;tickets;для всех категорий посетителей;Интерактивные занятия (для групп численностью не более 15 человек, продолжительность 1 час);6500 руб.;6500;;Стоимость экскурсионного обслуживания указана БЕЗ УЧЕТА ВХОДНОГО БИЛЕТА. Входные билеты приобретаются отдельно в кассе или на сайте Музея.;;https://gbmt.ru/ru/excursion/cost/;2026-10-09T19:32:50.869793+00:00
gbmt.ru;Государственный Биологический музей им. К.А. Тимирязева;tickets;для всех категорий посетителей;Интерактивные занятия (для групп численностью не более 15 человек, продолжительность 1,5 часа);7000 руб.;7000;;Стоимость экскурсионного обслуживания указана БЕЗ УЧЕТА ВХОДНОГО БИЛЕТА. Входные билеты приобретаются отдельно в кассе или на сайте Музея.;;https://gbmt.ru/ru/excursion/cost/;2026-10-09T19:32:50.869793+00:00
gbmt.ru;Государственный Биологический музей им. К.А. Тимирязева;tickets;для всех категорий посетителей;Интерактивные занятия (для групп численностью не более 25 человек, продолжительность 1,5 часа);11250 руб.;11250;;Стоимость экскурсионного обслуживания указана БЕЗ УЧЕТА ВХОДНОГО БИЛЕТА. Входные билеты приобретаются отдельно в кассе или на сайте Музея.;;https://gbmt.ru/ru/excursion/cost/;2026-10-09T19:32:50.869793+00:00
gbmt.ru;Государственный Биологический музей им. К.А. Тимирязева;tickets;для всех категорий посетителей;Программа «Остров открытий» (для групп численностью не более 30 человек, продолжительность 1,5 часа, 2 темы/ 2 научных сотрудника);16000 руб.;16000;;Стоимость экскурсионного обслуживания указана БЕЗ УЧЕТА ВХОДНОГО БИЛЕТА. Входные билеты приобретаются отдельно в кассе или на сайте Музея.;;https://gbmt.ru/ru/excursion/cost/;2026-10-09T19:32:50.869793+00:00
gbmt.ru;Государственный Биологический музей им. К.А. Тимирязева;tickets;для всех категорий посетителей;Программа «День рождения в Музее» (для групп численностью не более 10 человек) без чаепития;14000 руб.;14000;;Стоимость экскурсионного обслуживания указана БЕЗ УЧЕТА ВХОДНОГО БИЛЕТА. Входные билеты приобретаются отдельно в кассе или на сайте Музея.;;https://gbmt.ru/ru/excursion/cost/;2026-10-09T19:32:50.869793+00:00
gbmt.ru;Государственный Биологический музей им. К.А. Тимирязева;free_rules;два взрослых сопровождающих с организованной детской группой на экскурсионную программу;экскурсионная программа;;;при организованной детской группе на экскурсионную программу;дополнительно допускаются два взрослых сопровождающих (по бесплатному входному билету);benefit;https://gbmt.ru/ru/excursion/cost/;2026-10-09T19:32:50.869793+00:00
gbmt.ru;Государственный Биологический музей им. К.А. Тимирязева;free_rules;московские школьники;музей;;;бесплатный вход в музей;при предъявлении и успешной верификации Социальной карты москвича или идентификаторов Информационной системы «Москвёнок». В случае отсутствия Социальной карты москвича или идентификаторов Информационной системы «Москвёнок» по причине перевыпуска (или отказа от их оформления), в порядке исключения, бесплатный проход предоставляется по предъявлению документа, удостоверяющего принадлежность обучающегося к образовательной организации Москвы.;benefit;https://gbmt.ru/ru/ticket/;2026-10-09T19:32:50.869793+00:00
gbmt.ru;Государственный Биологический музей им. К.А. Тимирязева;free_rules;учащиеся частных школ;музей;;;бесплатный вход в музей по Социальной карте москвича;В соответствии с постановлением Правительства Москвы от 16 февраля 2021 года право бесплатного посещения музея предоставляется также обучающимся, получающим среднее общее образование по очной форме обучения в частных образовательных организациях, осуществляющих образовательную деятельность на территории Москвы. Прием обучающихся частных образовательных организаций осуществляется в обычном порядке, аналогичном приему обучающихся образовательных организаций Москвы.;benefit;https://gbmt.ru/ru/ticket/;2026-10-09T19:32:50.869793+00:00
gemmuseum.ru;Музей Самоцветы;tickets;Полный билет;Входные билеты, Музей САМОЦВЕТЫ;300 ₽;300;;;;https://www.gemmuseum.ru/Стоимость-билетов/;2026-10-09T19:32:51.418088+00:00
gemmuseum.ru;Музей Самоцветы;tickets;Льготный билет;Входные билеты, Музей САМОЦВЕТЫ;150 ₽;150;;;;https://www.gemmuseum.ru/Стоимость-билетов/;2026-10-09T19:32:51.418088+00:00
gemmuseum.ru;Музей Самоцветы;tickets;Семейный билет (2 взрослых и 2 детей);Входные билеты, Музей САМОЦВЕТЫ;750 ₽;750;;;;https://www.gemmuseum.ru/Стоимость-билетов/;2026-10-09T19:32:51.418088+00:00
gemmuseum.ru;Музей Самоцветы;tickets;Иностранные граждане;Посещение, Музей САМОЦВЕТЫ;500 ₽;500;;;;https://www.gemmuseum.ru/Стоимость-билетов/;2026-10-09T19:32:51.418088+00:00
gemmuseum.ru;Музей Самоцветы;tickets;Полный билет;Сборная экскурсия;500 ₽;500;;Продолжительность — 60–90 минут;;https://www.gemmuseum.ru/Стоимость-билетов/;2026-10-09T19:32:51.418088+00:00
gemmuseum.ru;Музей Самоцветы;tickets;Льготный билет;Сборная экскурсия;350 ₽;350;;Продолжительность — 60–90 минут;;https://www.gemmuseum.ru/Стоимость-билетов/;2026-10-09T19:32:51.418088+00:00
gemmuseum.ru;Музей Самоцветы;tickets;Категории бесплатного посещения;Сборная экскурсия;200 ₽;200;;Продолжительность — 60–90 минут;;https://www.gemmuseum.ru/Стоимость-билетов/;2026-10-09T19:32:51.418088+00:00
gemmuseum.ru;Музей Самоцветы;tickets;Театрализованная сборная экскурсия;Сборные экскурсии и мастер классы;500 ₽;500;;Продолжительность — 45 минут;;https://www.gemmuseum.ru/Стоимость-билетов/;2026-10-09T19:32:51.418088+00:00
gemmuseum.ru;Музей Самоцветы;tickets;Мастер-класс;Сборные экскурсии и мастер классы;500 ₽;500;;Продолжительность — 30–45 минут;;https://www.gemmuseum.ru/Стоимость-билетов/;2026-10-09T19:32:51.418088+00:00
gemmuseum.ru;Музей Самоцветы;tickets;Группа до 10 человек;Обзорная или тематическая экскурсия для группы до 10 человек;2500 ₽ плюс стоимость входного билета;2500;;Продолжительность — 45–60 минут;;https://www.gemmuseum.ru/Стоимость-билетов/;2026-10-09T19:32:51.418088+00:00
gemmuseum.ru;Музей Самоцветы;tickets;Группа 11–15 человек;Обзорная или тематическая экскурсия для группы 11–15 человек;3500 ₽ плюс стоимость входного билета;3500;;Продолжительность — 45–60 минут;;https://www.gemmuseum.ru/Стоимость-билетов/;2026-10-09T19:32:51.418088+00:00
gemmuseum.ru;Музей Самоцветы;tickets;Театрализованная программа-экскурсия;Групповые посещения;4000 ₽ плюс стоимость входного билета;4000;;Продолжительность — до 60 минут;;https://www.gemmuseum.ru/Стоимость-билетов/;2026-10-09T19:32:51.418088+00:00
gemmuseum.ru;Музей Самоцветы;tickets;Для 1–3 человек;Индивидуальные экскурсии;1500 ₽;1500;;В стоимость входят экскурсия и входной билет. Продолжительность — 60 минут;;https://www.gemmuseum.ru/Стоимость-билетов/;2026-10-09T19:32:51.418088+00:00
gemmuseum.ru;Музей Самоцветы;tickets;Для 4–5 человек;Индивидуальные экскурсии;2000 ₽;2000;;В стоимость входят экскурсия и входной билет. Продолжительность — 60 минут;;https://www.gemmuseum.ru/Стоимость-билетов/;2026-10-09T19:32:51.418088+00:00
gemmuseum.ru;Музей Самоцветы;tickets;Театрализованная индивидуальная экскурсия (до 5 человек);Индивидуальные экскурсии;2500 ₽;2500;;В стоимость входят экскурсия и входной билет. Продолжительность — 45 мин;;https://www.gemmuseum.ru/Стоимость-билетов/;2026-10-09T19:32:51.418088+00:00
gemmuseum.ru;Музей Самоцветы;tickets;Многодетные семьи – семьи с тремя и более детьми до достижения младшим ребенком возраста 16 лет (учащегося в образовательных учреждениях, реализующих общеобразовательные программы –до 18 лет);Скидка;Скидка 150 рублей – взрослые, 300 рублей – дети;;;Льгота постоянная, предоставляется при предъявлении оригинала удостоверения многодетной семьи;;https://www.gemmuseum.ru/Перечень-льгот/;2026-10-09T19:32:51.418088+00:00
gemmuseum.ru;Музей Самоцветы;tickets;Обучающиеся по очной форме обучения в государственных образовательных учреждениях и негосударственных образовательных организациях, имеющих государственную аккредитацию, по программам начального общего, основного общего, среднего (полного) общего образования, обучающиеся по очной форме обучения в государственных образовательных учреждениях и негосударственных образовательных организациях, имеющих государственную аккредитацию, по программам начального профессионального образования, студенты, обучающиеся по очной форме обучения в государственных образовательных учреждениях и негосударственных образовательных организациях, имеющих государственную аккредитацию, по программам среднего и высшего профессионального образования;Льготная категория;150 руб.;150;;Льгота постоянная, предоставляется при предъявлении оригинала студенческого билета;;https://www.gemmuseum.ru/Перечень-льгот/;2026-10-09T19:32:51.418088+00:00
gemmuseum.ru;Музей Самоцветы;tickets;Дети в возрасте от 7 до 18 лет;Льготная категория;150 руб.;150;;Льгота постоянная, возраст определяется визуально на входе, в спорных случаях необходимо предъявление свидетельства о рождении, лицам от 14 до 18 лет — паспорт;;https://www.gemmuseum.ru/Перечень-льгот/;2026-10-09T19:32:51.418088+00:00
gemmuseum.ru;Музей Самоцветы;tickets;Пенсионеры;Льготная категория;150 руб.;150;;Льгота постоянная, предоставляется при предъявлении пенсионного удостоверения;;https://www.gemmuseum.ru/Перечень-льгот/;2026-10-09T19:32:51.418088+00:00
gemmuseum.ru;Музей Самоцветы;tickets;Инвалиды III группы;Льготная категория;150 руб.;150;;Льгота постоянная, предоставляется при предъявлении выписки из акта освидетельствования в учреждении медико-социальной экспертизы или справки, подтверждающей факт установления инвалидности, выданной по установленной форме, удостоверение инвалида;;https://www.gemmuseum.ru/Перечень-льгот/;2026-10-09T19:32:51.418088+00:00
gemmuseum.ru;Музей Самоцветы;tickets;Обучающиеся, получающие среднее общее образование или среднее профессиональное образование по очной форме обучения в государственных образовательных организациях;Льготная категория;150 руб.;150;;Льгота постоянная, предоставляется посредством валидации Социальной карты москвича и идентификаторов;;https://www.gemmuseum.ru/Перечень-льгот/;2026-10-09T19:32:51.418088+00:00
gemmuseum.ru;Музей Самоцветы;free_rules;Участники специальной военной операции (СВО) и члены их семей (супруги, дети, родители), а также члены семей погибших (умерших) участников СВО.;Бесплатное посещение;;;Льгота постоянная;предоставляется при предъявлении подтверждающего документа;always;https://www.gemmuseum.ru/Перечень-льгот/;2026-10-09T19:32:51.418088+00:00
gemmuseum.ru;Музей Самоцветы;free_rules;Взрослые, сопровождающие инвалидов I и II группы, детей-инвалидов, посетителей на инвалидных колясках;Бесплатное посещение;;;Льгота постоянная;"подтверждающий документ не требуется; билет этой категории оформляется только вместе с билетом для инвалида";always;https://www.gemmuseum.ru/Перечень-льгот/;2026-10-09T19:32:51.418088+00:00
gemmuseum.ru;Музей Самоцветы;free_rules;Сотрудники государственных музеев РФ;Бесплатное посещение;;;Льгота постоянная;предоставляется при предъявлении удостоверения сотрудника государственного музея любого статуса подчинения (федерального, муниципального и др.), удостоверения сотрудника Департамента культуры г. Москвы и учреждений, осуществляющих управленческие функции в сфере культуры г. Москвы;always;https://www.gemmuseum.ru/Перечень-льгот/;2026-10-09T19:32:51.418088+00:00
gemmuseum.ru;Музей Самоцветы;free_rules;Многодетные семьи – семьи с тремя и более детьми до достижения младшим ребенком возраста 16 лет (учащегося в образовательных учреждениях, реализующих общеобразовательные программы –до 18 лет);Бесплатное посещение;;;При предъявлении чека в течение 2 недель с момента получения услуги (1 чек – 1 билет);предоставляется при предъявлении оригинала удостоверения многодетной семьи;always;https://www.gemmuseum.ru/Перечень-льгот/;2026-10-09T19:32:51.418088+00:00
gemmuseum.ru;Музей Самоцветы;free_rules;Участники Олимпиады «Парки, музеи, усадьбы»;Бесплатное посещение;;;Последний четверг каждого месяца в момент работы Олимпиады в Музее;;recurring_day;https://www.gemmuseum.ru/Перечень-льгот/;2026-10-09T19:32:51.418088+00:00
glazunov-gallery.ru;Галерея Ильи Глазунова, Музей русского лубка и наивного искусства;tickets;Индивидуальные посетители, не имеющие льгот;"Экспозиция ""Дача"" (г. Москва, Союзный проспект, д. 15А), входной билет";250,00;250;;Входной билет;;https://glazunov-gallery.ru/price/stoimost-biletov-ekspozitsii-dacha/;2026-10-09T19:32:52.855666+00:00
glazunov-gallery.ru;Галерея Ильи Глазунова, Музей русского лубка и наивного искусства;tickets;Индивидуальные посетители, не имеющие льгот;"Комплексный входной билет: экспозиция ""Музей русского лубка и наивного искусства"", экспозиция ""Народные картины"" и экспозиция ""Дача""";650,00;650;;"Билет дает право на единовременное посещение экспозиции ""Музей русского лубка и наивного искусства"", экспозиции ""Народные картины"" и экспозиции ""Дача"".";;https://glazunov-gallery.ru/price/stoimost-biletov-ekspozitsii-dacha/;2026-10-09T19:32:52.855666+00:00
glazunov-gallery.ru;Галерея Ильи Глазунова, Музей русского лубка и наивного искусства;tickets;Индивидуальные посетители, не имеющие льгот;"Экспозиция ""Народные картины"" (г. Москва, Измайловский бульвар, д. 30), входной билет";250,00;250;;Входной билет;;https://glazunov-gallery.ru/price/stoimost-biletov-ekspozitsii-narodnye-kartiny/;2026-10-09T19:32:52.855666+00:00
glazunov-gallery.ru;Галерея Ильи Глазунова, Музей русского лубка и наивного искусства;free_rules;Посетители;Галерея Ильи Глазунова;;;"15 октября – бесплатное посещение в рамках акции ""Московская музейная неделя""";"в рамках акции ""Московская музейная неделя""";dated_event;https://glazunov-gallery.ru/;2026-10-09T19:32:52.855666+00:00
gmom.ru;Государственный музей обороны Москвы;tickets;владельцы Международного студенческого удостоверения ISIC;входная плата в музей;скидка 40% для входной платы;;;льготное посещение музея;;http://gmom.ru/docs/010.pdf;2026-10-09T19:32:55.187762+00:00
gmom.ru;Государственный музей обороны Москвы;tickets;пенсионеры;входная плата в музей;скидка 40% для входной платы;;;льготное посещение музея;;http://gmom.ru/docs/010.pdf;2026-10-09T19:32:55.187762+00:00
gmom.ru;Государственный музей обороны Москвы;tickets;инвалиды III группы;входная плата в музей;скидка 40% для входной платы;;;льготное посещение музея;;http://gmom.ru/docs/010.pdf;2026-10-09T19:32:55.187762+00:00
gmom.ru;Государственный музей обороны Москвы;tickets;обучающиеся, получающие среднее общее образование или среднее профессиональное образование или высшее образование по очно-заочной или заочной формам обучения;входная плата в музей;скидка 40% для входной платы;;;льготное посещение музея;;http://gmom.ru/docs/010.pdf;2026-10-09T19:32:55.187762+00:00
gmom.ru;Государственный музей обороны Москвы;tickets;"владельцы Европейской молодежной карты European Youth Card Association-Международного клуба привилегий ООО ""Российский Союз Молодежи"" (EYCA-МКП РСМ)";входная плата в музей;скидка 40% для входной платы;;;льготное посещение музея;;http://gmom.ru/docs/010.pdf;2026-10-09T19:32:55.187762+00:00
gmom.ru;Государственный музей обороны Москвы;tickets;Инвалиды Великой Отечественной войны;Реализация входных билетов и билетов на экскурсионные и иные программы и мероприятия, проводимые Учреждением;Скидка 100 %;;;Льгота постоянная, предоставляется при предъявлении оригинала удостоверения инвалида ВОВ;;http://gmom.ru/docs/010.pdf;2026-10-09T19:32:55.187762+00:00
gmom.ru;Государственный музей обороны Москвы;tickets;Участники Великой Отечественной войны;Реализация входных билетов и билетов на экскурсионные и иные программы и мероприятия, проводимые Учреждением;Скидка 100%;;;Льгота постоянная, предоставляется при предъявлении оригинала удостоверения участника войны или удостоверения ветерана ВОВ;;http://gmom.ru/docs/010.pdf;2026-10-09T19:32:55.187762+00:00
gmom.ru;Государственный музей обороны Москвы;tickets;Ветераны боевых действий;Реализация входных билетов и билетов на экскурсионные и иные программы и мероприятия, проводимые Учреждением;Скидка 100%;;;"Льгота постоянная, предоставляется при предъявлении свидетельства о праве на льготы с отметкой о праве на льготы по ст. 16 Федерального закона ""О ветеранах"" или удостоверения ветерана боевых действий";;http://gmom.ru/docs/010.pdf;2026-10-09T19:32:55.187762+00:00
gmom.ru;Государственный музей обороны Москвы;tickets;Дети-инвалиды;Реализация входных билетов и билетов на экскурсионные и иные программы и мероприятия, проводимые Учреждением;Скидка 100%;;;Льгота постоянная, предоставляется при предъявлении выписки из акта освидетельствования в учреждении медико-социальной экспертизы, заключения на детей- инвалидов в возрасте до 16 лет;;http://gmom.ru/docs/010.pdf;2026-10-09T19:32:55.187762+00:00
gmom.ru;Государственный музей обороны Москвы;tickets;Неработающие инвалиды I и И группы;Реализация входных билетов и билетов на экскурсионные и иные программы и мероприятия, проводимые Учреждением;Скидка 100%;;;Льгота постоянная, предоставляется при предъявлении выписки из акта освидетельствования в учреждении медико-социальной экспертизы или справки, подтверждающей факт установления инвалидности, выданной по установленной форме, удостоверение инвалида;;http://gmom.ru/docs/010.pdf;2026-10-09T19:32:55.187762+00:00
gmom.ru;Государственный музей обороны Москвы;free_rules;"престарелые граждане, находящиеся в домах-интернатах для инвалидов и престарелых; лиц, сопровождающее ветерана Великой Отечественной войны, неработающего инвалида I и II группы и лица, сопровождающие школьные группы";музей и экскурсионное обслуживание;;;право на бесплатный вход в музей и бесплатное экскурсионное обслуживание;бесплатный вход в музей и бесплатное экскурсионное обслуживание;always;http://gmom.ru/docs/010.pdf;2026-10-09T19:32:55.187762+00:00
gmom.ru;Государственный музей обороны Москвы;free_rules;"работники музеев Российской Федерации и члены Международного Совета музеев (ИКОМ); участники ликвидаций последствий аварии на ЧАЭС";музей;;;право на бесплатный вход в музей;бесплатный вход в музей;always;http://gmom.ru/docs/010.pdf;2026-10-09T19:32:55.187762+00:00
gon-museum.ru;Гараж особого назначения ФСО России, музей;tickets;Взрослый билет от 15 лет;Посещение экспозиций Музея Автомобили первых лиц + Мотолегенды;Будние дни вторник-пятница: 1250 руб.;1250;;Будние дни вторник-пятница;;https://gon-museum.ru/tickets;2026-10-09T19:32:59.394623+00:00
gon-museum.ru;Гараж особого назначения ФСО России, музей;tickets;Взрослый билет от 15 лет;Посещение экспозиций Музея Автомобили первых лиц + Мотолегенды;Выходные и праздничные дни: 1450 руб.;1450;;Выходные и праздничные дни;;https://gon-museum.ru/tickets;2026-10-09T19:32:59.394623+00:00
gon-museum.ru;Гараж особого назначения ФСО России, музей;tickets;"Льготный/детский билет: Для пенсионеров; Детей от 7 до 14 лет учащихся средних общеобразовательных учреждений и средних специальных учебных заведений до достижения ими 18 лет (по карте ""Москвёнок"" - бесплатно, дети до 7 лет - бесплатно); Студентов дневной формы обучения, курсантов; Ветеранов военной службы и ветеранов труд";Посещение экспозиций Музея Автомобили первых лиц + Мотолегенды;Будние дни вторник-пятница: 850 руб.;850;;Льготы предоставляются при предъявление документа подтверждающего льготу. Будние дни вторник-пятница;;https://gon-museum.ru/tickets;2026-10-09T19:32:59.394623+00:00
gon-museum.ru;Гараж особого назначения ФСО России, музей;tickets;"Льготный/детский билет: Для пенсионеров; Детей от 7 до 14 лет учащихся средних общеобразовательных учреждений и средних специальных учебных заведений до достижения ими 18 лет (по карте ""Москвёнок"" - бесплатно, дети до 7 лет - бесплатно); Студентов дневной формы обучения, курсантов; Ветеранов военной службы и ветеранов труд";Посещение экспозиций Музея Автомобили первых лиц + Мотолегенды;Выходные и праздничные дни: 1000 руб.;1000;;Льготы предоставляются при предъявление документа подтверждающего льготу. Выходные и праздничные дни;;https://gon-museum.ru/tickets;2026-10-09T19:32:59.394623+00:00
gon-museum.ru;Гараж особого назначения ФСО России, музей;tickets;"Детям от 7 до 14 лет, учащихся средних общеобразовательных учреждений и средних специальных учебных заведений до достижения ими 18 лет (без карты ""Москвенок"")";Посещение экспозиций Музея Автомобили первых лиц + Мотолегенды;Будние дни вторник-пятница: 850 руб.;850;;"Без карты ""Москвенок""; будние дни вторник-пятница";;https://gon-museum.ru/tickets;2026-10-09T19:32:59.394623+00:00
gon-museum.ru;Гараж особого назначения ФСО России, музей;tickets;"Детям от 7 до 14 лет, учащихся средних общеобразовательных учреждений и средних специальных учебных заведений до достижения ими 18 лет (без карты ""Москвенок"")";Посещение экспозиций Музея Автомобили первых лиц + Мотолегенды;Выходные и праздничные дни: 1000 руб.;1000;;"Без карты ""Москвенок""; выходные и праздничные дни";;https://gon-museum.ru/tickets;2026-10-09T19:32:59.394623+00:00
gon-museum.ru;Гараж особого назначения ФСО России, музей;tickets;Семейный билет (Двое взрослых с двумя детьми в возрасте до 14 лет);Включает посещение экспозиций Автомобили первых лиц + Мотолегенды;Будние дни вторник-пятница: 3250 руб.;3250;;Будние дни вторник-пятница;;https://gon-museum.ru/tickets;2026-10-09T19:32:59.394623+00:00
gon-museum.ru;Гараж особого назначения ФСО России, музей;tickets;Семейный билет (Двое взрослых с двумя детьми в возрасте до 14 лет);Включает посещение экспозиций Автомобили первых лиц + Мотолегенды;Выходные и праздничные дни: 3800 руб.;3800;;Выходные и праздничные дни;;https://gon-museum.ru/tickets;2026-10-09T19:32:59.394623+00:00
gon-museum.ru;Гараж особого назначения ФСО России, музей;tickets;Билет для многодетных семей (граждане РФ);Включает посещение павильона 53 или 54;скидка 50% от стоимости стандартного или льготного входного билета;;;Приобретение билетов только на кассе при предъявление документа подтверждающего льготу;;https://gon-museum.ru/tickets;2026-10-09T19:32:59.394623+00:00
gon-museum.ru;Гараж особого назначения ФСО России, музей;tickets;Для пассажиров поезда «Сапсан»;"Посещение Музея (экспозиции ""Автомобили первых лиц"" и ""Мотолегенды"")";скидка 20%;;;Скидка предоставляется при предъявлении билета и документа удостоверяющего личность того, на кого оформлен билет. Скидка действует за 3 дня до поездки и 7 дней после неё.;;https://gon-museum.ru/tickets;2026-10-09T19:32:59.394623+00:00
gon-museum.ru;Гараж особого назначения ФСО России, музей;tickets;"Сборные экскурсии по экспозиции ""Автомобили первых лиц""";"Экскурсия по экспозиции ""Автомобили первых лиц""";300 руб./чел. + входные билеты;300;;Со вторника по воскресенье по сеансам: 12:00, 14:00, 16:00, 18:00. Приобрести билеты можно на сайте или в кассе музея.;;https://gon-museum.ru/;2026-10-09T19:32:59.394623+00:00
gon-museum.ru;Гараж особого назначения ФСО России, музей;free_rules;Дети до 7 лет;Музей ГОН;;;Бесплатный билет в Музей ГОН для детей до 7 лет;Бесплатный билет в кассе Музея;always;https://gon-museum.ru/buyticket/buyticket;2026-10-09T19:32:59.394623+00:00
gon-museum.ru;Гараж особого назначения ФСО России, музей;free_rules;"Дети до 7 лет; Студенты дневной формы обучения с гражданством РФ (в первое воскресенье месяца); Иностранные студенты, обучающиеся в российских ВУЗах (в первое воскресенье месяца); Многодетные семьи с гражданством РФ (во второе воскресенье месяца); Инвалиды 1-ой и 2-ой группы (включая одно лицо, сопровождающее инвалида); Граждане, находящиеся в домах-интернатах для инвалидов и престарелых; Учащиеся школ-интернатов, находящихся на государственном обеспечении; Дети-инвалиды (включая одно лицо, сопровождающее ребенка-инвалида); Герои Советского Союза; Герои Российской Федерации; Полные кавалеры Ордена Славы; Участники Великой Отечественной войны; Ветераны боевых действий; Труженики тыла; Репрессированные; Блокадники Ленинграда; Узники фашистских концлагерей; Участники ликвидации последствий аварии на ЧАЭС; Сотрудники и ветераны органов государственной охраны, а также одно совершеннолетнее лицо, сопровождающее сотрудника/ветерана органов государственной охраны и без ограничений несовершеннолетние дети, сопровождающие сотрудника/ветерана органов государственной охраны; Курсанты Академии ФСО России; Гиды-переводчики/ сопровождающие оплаченных организованных групп общей численностью до 25 человек, при условии заблаговременного бронирования посещения; Дети-сироты; Дети, оставшиеся без попечения родителей";Музей;;;"Бесплатно (для студентов дневной формы обучения с гражданством РФ и иностранных студентов, обучающихся в российских ВУЗах — в первое воскресенье месяца; для многодетных семей с гражданством РФ — во второе воскресенье месяца)";Льготы предоставляются при предъявление документа подтверждающего льготу;benefit;https://gon-museum.ru/tickets;2026-10-09T19:32:59.394623+00:00
keymineral.ru;Ключ земли, геологический музей;tickets;индивидуальные посетители;музей;150 рублей;150;;Со вторника по четверг с 12:00 до 18:00 в свободном доступе. Пятница, суббота, воскресенье - по предварительной договоренности. Понедельник-выходной день.;;http://keymineral.ru;2026-10-09T19:33:20.128903+00:00
keymineral.ru;Ключ земли, геологический музей;tickets;посетители экскурсии;экскурсия;500 ₽;500;;Экскурсия (входной билет приобретается отдельно);;http://keymineral.ru;2026-10-09T19:33:20.128903+00:00
iskusstvo.org;Дали & Пикассо, художественная выставка;tickets;Подарочный билет;вход на выставку «Дали&Пикассо»;900 ₽;900;;"входной билет на выставку на любую дату, открытка от выставки «Дали&Пикассо», а также магнит; может быть использован единожды и исключительно в рамках выставки «Дали&Пикассо»";;https://iskusstvo.org/podarochnye-bilety-na-vystavku-dali-i-pikasso/;2026-10-09T19:33:14.086891+00:00
iskusstvo.org;Дали & Пикассо, художественная выставка;tickets;Подарочный сертификат;входной билет, билет на любое мероприятие выставки (ПО ПРЕДВАРИТЕЛЬНОЙ ЗАПИСИ), а также любое изделие в сувенирном магазине в рамках номинала;от 1 000 ₽;;;"может быть использован единожды и исключительно в рамках выставки «Дали&Пикассо»; утраченный сертификат не подлежит восстановлению; в случае, если стоимость покупки превышает номинал сертификата, разницу необходимо доплатить";;https://iskusstvo.org/podarochnye-bilety-na-vystavku-dali-i-pikasso/;2026-10-09T19:33:14.086891+00:00
iskusstvo.org;Дали & Пикассо, художественная выставка;tickets;Входной билет на выставку;выставка «Дали&Пикассо»;от 600 ₽;;;не привязан к конкретной дате и времени — является единоразовым билетом с открытой датой;;https://iskusstvo.org/proekty-fonda-iskusstvo-natsiy/vystavka-dali-i-pikasso/;2026-10-09T19:33:14.086891+00:00
iskusstvo.org;Дали & Пикассо, художественная выставка;free_rules;Инвалиды I группы;выставки фонда «Искусство наций»;;;бесплатное посещение;;always;https://iskusstvo.org/posetitelyam-vystavok-fonda-iskusstvo-natsiy/;2026-10-09T19:33:14.086891+00:00
iskusstvo.org;Дали & Пикассо, художественная выставка;free_rules;Участники военных действий;выставки фонда «Искусство наций»;;;бесплатное посещение;;always;https://iskusstvo.org/posetitelyam-vystavok-fonda-iskusstvo-natsiy/;2026-10-09T19:33:14.086891+00:00
khodynka.vzmoscow.ru;Галерея Ходынка;tickets;Полный билет;Выставка «Город засыпает», Галерея Ходынка;300 ₽;300;;Стоимость билетов;;https://khodynka.vzmoscow.ru/gorodzasypaet;2026-10-09T19:33:20.583959+00:00
khodynka.vzmoscow.ru;Галерея Ходынка;tickets;Льготный билет;Выставка «Город засыпает», Галерея Ходынка;0-150 ₽;;;Стоимость билетов;;https://khodynka.vzmoscow.ru/gorodzasypaet;2026-10-09T19:33:20.583959+00:00
khodynka.vzmoscow.ru;Галерея Ходынка;tickets;Полный билет;Выставка «Школа иллюстраторов», Галерея Ходынка;300 ₽;300;;Стоимость билетов;;https://khodynka.vzmoscow.ru/shkolaillyustratorov;2026-10-09T19:33:20.583959+00:00
khodynka.vzmoscow.ru;Галерея Ходынка;tickets;Льготный билет;Выставка «Школа иллюстраторов», Галерея Ходынка;0-150 ₽;;;Стоимость билетов;;https://khodynka.vzmoscow.ru/shkolaillyustratorov;2026-10-09T19:33:20.583959+00:00
lectoriumart.ru;Музей экслибриса и миниатюрной книги;free_rules;посетители лекций;экспозиция музея;;;Посещая наши лекции;бесплатно при посещении лекции;benefit;https://lectoriumart.ru/;2026-10-09T19:33:31.660939+00:00
lgc.mirchocolat.ru;М.и.р. шоколада Крылатское;free_rules;все посетители;Московская усадьба Деда Мороза (Волгоградский пр-т, д. 168 Д., м. Кузьминки), Всемирный день шоколада;;;11 июля, начало в 12:00;Мастер-классы проходят каждый час с 14:00 до 18:00, по 20 человек в группе. Количество мест ограничено!;dated_event;http://lgc.mirchocolat.ru;2026-10-09T19:33:32.644045+00:00
hortus.msu.ru;Аптекарский огород, викторная оранжерея;tickets;Стандартный билет;входной билет в сад, выходные и праздничные дни;600 ₽;600;;"Билеты продаются в кассах и на официальном сайте сада; билет действителен для однократного посещения сада";;http://hortus.msu.ru/ticketprice.html;2026-10-09T19:33:08.602130+00:00
hortus.msu.ru;Аптекарский огород, викторная оранжерея;tickets;Стандартный билет;входной билет в сад, будние дни;500 ₽;500;;"Билеты продаются в кассах и на официальном сайте сада; билет действителен для однократного посещения сада";;http://hortus.msu.ru/ticketprice.html;2026-10-09T19:33:08.602130+00:00
hortus.msu.ru;Аптекарский огород, викторная оранжерея;tickets;"Льготный билет: школьники; студенты; пенсионеры; инвалиды 3 группы";входной билет в сад, выходные и праздничные дни;400 ₽;400;;Для входа в сад по льготной цене необходимо предъявить билет в бумажном или в электронном виде, а также оригинал удостоверения, подтверждающего право на льготы;;http://hortus.msu.ru/ticketprice.html;2026-10-09T19:33:08.602130+00:00
hortus.msu.ru;Аптекарский огород, викторная оранжерея;tickets;"Льготный билет: школьники; студенты; пенсионеры; инвалиды 3 группы";входной билет в сад, будние дни;350 ₽;350;;Для входа в сад по льготной цене необходимо предъявить билет в бумажном или в электронном виде, а также оригинал удостоверения, подтверждающего право на льготы;;http://hortus.msu.ru/ticketprice.html;2026-10-09T19:33:08.602130+00:00
hortus.msu.ru;Аптекарский огород, викторная оранжерея;tickets;Экскурсионный билет;входной билет в сад;1200 ₽;1200;;"Билеты продаются в кассах и на официальном сайте сада; билет действителен для однократного посещения сада";;http://hortus.msu.ru/ticketprice.html;2026-10-09T19:33:08.602130+00:00
hortus.msu.ru;Аптекарский огород, викторная оранжерея;tickets;Групповая некоммерческая фото- и видеосъемка;будние дни;5000 ₽;5000;;Билеты продаются только в кассе сада;;http://hortus.msu.ru/ticketprice.html;2026-10-09T19:33:08.602130+00:00
hortus.msu.ru;Аптекарский огород, викторная оранжерея;tickets;Групповая некоммерческая фото- и видеосъемка;выходные и праздничные дни;6000 ₽;6000;;Билеты продаются только в кассе сада;;http://hortus.msu.ru/ticketprice.html;2026-10-09T19:33:08.602130+00:00
hortus.msu.ru;Аптекарский огород, викторная оранжерея;tickets;Годовой абонемент;абонемент;7000 ₽;7000;;Продается только в кассе сада;;http://hortus.msu.ru/ticketprice.html;2026-10-09T19:33:08.602130+00:00
hortus.msu.ru;Аптекарский огород, викторная оранжерея;tickets;Экскурсионный билет;обзорные и учебные экскурсии, будние дни (до 17:00);1000 рублей;1000;;"Продолжительность 1 час; при увеличении продолжительности экскурсии стоимость экскурсионных билетов соответственно увеличивается";;http://hortus.msu.ru/price-excursions.html;2026-10-09T19:33:08.602130+00:00
hortus.msu.ru;Аптекарский огород, викторная оранжерея;tickets;Льготный экскурсионный билет: дети школьного и дошкольного возраста, студенты (при предъявлении студенческого билета), пенсионеры (при предъявлении пенсионного удостоверения), многодетные родители, члены семей участников СВО (при предъявлении удостоверения или справки, выданной воинской частью (военным комиссариатом)), сотрудники МГУ;обзорные и учебные экскурсии, будние дни (до 17:00);600 рублей;600;;"Продолжительность 1 час; при увеличении продолжительности экскурсии стоимость экскурсионных билетов соответственно увеличивается";;http://hortus.msu.ru/price-excursions.html;2026-10-09T19:33:08.602130+00:00
hortus.msu.ru;Аптекарский огород, викторная оранжерея;tickets;Экскурсионный билет;обзорные и учебные экскурсии, выходные и праздничные дни (до 17:00);1200 рублей;1200;;"Продолжительность 1 час; при увеличении продолжительности экскурсии стоимость экскурсионных билетов соответственно увеличивается";;http://hortus.msu.ru/price-excursions.html;2026-10-09T19:33:08.602130+00:00
hortus.msu.ru;Аптекарский огород, викторная оранжерея;tickets;Льготный экскурсионный билет: дети школьного и дошкольного возраста, студенты (при предъявлении студенческого билета), пенсионеры (при предъявлении пенсионного удостоверения), многодетные родители, члены семей участников СВО (при предъявлении удостоверения или справки, выданной воинской частью (военным комиссариатом)), сотрудники МГУ;обзорные и учебные экскурсии, выходные и праздничные дни (до 17:00);800 рублей;800;;"Продолжительность 1 час; при увеличении продолжительности экскурсии стоимость экскурсионных билетов соответственно увеличивается";;http://hortus.msu.ru/price-excursions.html;2026-10-09T19:33:08.602130+00:00
hortus.msu.ru;Аптекарский огород, викторная оранжерея;tickets;Экскурсионный билет;обзорные и учебные экскурсии, вечернее время (после 17:00);1200 рублей;1200;;"Льготы не предоставляются; продолжительность 1 час; при увеличении продолжительности экскурсии стоимость экскурсионных билетов соответственно увеличивается";;http://hortus.msu.ru/price-excursions.html;2026-10-09T19:33:08.602130+00:00
hortus.msu.ru;Аптекарский огород, викторная оранжерея;tickets;Билет на мастер-класс;художественные ботанические мастер-классы, продолжительность 1 час;800 рублей;800;;Льготы не предоставляются;;http://hortus.msu.ru/price-excursions.html;2026-10-09T19:33:08.602130+00:00
hortus.msu.ru;Аптекарский огород, викторная оранжерея;tickets;Билет на мастер-класс с предоставлением профессиональных художественных материалов;художественные ботанические мастер-классы, продолжительность 1 час;1200 рублей;1200;;Льготы не предоставляются;;http://hortus.msu.ru/price-excursions.html;2026-10-09T19:33:08.602130+00:00
hortus.msu.ru;Аптекарский огород, викторная оранжерея;tickets;Групповое экскурсионное обслуживание для льготных категорий посетителей (школьников, студентов (за исключением студентов МГУ), пенсионеров);групповое экскурсионное обслуживание, будние дни (до 17:00);9000 рублей;9000;;"Группа — до 15 учащихся или пенсионеров и 2 сопровождающих; при превышении установленного количества участников в группе на каждого дополнительного участника приобретаются дополнительные билеты по тарифам сада";;http://hortus.msu.ru/price-excursions.html;2026-10-09T19:33:08.602130+00:00
hortus.msu.ru;Аптекарский огород, викторная оранжерея;tickets;Групповое экскурсионное обслуживание для льготных категорий посетителей (школьников, студентов (за исключением студентов МГУ), пенсионеров);групповое экскурсионное обслуживание, выходные и праздничные дни;расчет производится по билетам выходного дня;;;"Один сопровождающий к группе проходит по льготному билету; группа до 15 человек, включая сопровождающих; при превышении установленного количества участников в группе на каждого дополнительного участника приобретаются дополнительные билеты по тарифам сада";;http://hortus.msu.ru/price-excursions.html;2026-10-09T19:33:08.602130+00:00
hortus.msu.ru;Аптекарский огород, викторная оранжерея;tickets;Индивидуальное экскурсионное обслуживание;индивидуальное экскурсионное обслуживание, будние дни (до 17:00);6000 рублей;6000;;Группа до 5 человек;;http://hortus.msu.ru/price-excursions.html;2026-10-09T19:33:08.602130+00:00
hortus.msu.ru;Аптекарский огород, викторная оранжерея;tickets;Индивидуальное экскурсионное обслуживание;индивидуальное экскурсионное обслуживание, выходные дни (до 17:00);6000 рублей;6000;;Группа до 6 человек;;http://hortus.msu.ru/price-excursions.html;2026-10-09T19:33:08.602130+00:00
hortus.msu.ru;Аптекарский огород, викторная оранжерея;tickets;Индивидуальное экскурсионное обслуживание;индивидуальное экскурсионное обслуживание, вечернее время (после 17:00);7500 рублей;7500;;Группа до 5 человек;;http://hortus.msu.ru/price-excursions.html;2026-10-09T19:33:08.602130+00:00
hortus.msu.ru;Аптекарский огород, викторная оранжерея;tickets;Экскурсионный билет;Специальные экскурсии;1500 рублей;1500;;Тематические экскурсии, которые проводятся кураторами коллекций сада (продолжительность 2 академических часа), специалистами, интерактивные экскурсии, интерактивные экскурсии-семинары, а также экскурсии на иностранном языке;;http://hortus.msu.ru/price-excursions.html;2026-10-09T19:33:08.602130+00:00
hortus.msu.ru;Аптекарский огород, викторная оранжерея;tickets;Экскурсия на иностранном языке;Специальные экскурсии, группа до 8 человек;12000 рублей;12000;;Минимальная стоимость экскурсии на иностранном языке (группа до 8 человек);;http://hortus.msu.ru/price-excursions.html;2026-10-09T19:33:08.602130+00:00
hortus.msu.ru;Аптекарский огород, викторная оранжерея;tickets;Экскурсионный билет на тематические интерактивные экскурсии для детей;тематические интерактивные экскурсии для детей, продолжительность 2 академических часа;800 рублей;800;;В случае увеличения продолжительности экскурсии приобретаются дополнительные билеты по тарифам Сада;;http://hortus.msu.ru/price-excursions.html;2026-10-09T19:33:08.602130+00:00
hortus.msu.ru;Аптекарский огород, викторная оранжерея;tickets;Экскурсионный билет;тематические интерактивные экскурсии-семинары по агротехнической и художественно-прикладной тематике (мастер-классы);1200 рублей за один академический час;1200;;В случае увеличения продолжительности экскурсии-семинара приобретаются дополнительные билеты;;http://hortus.msu.ru/price-excursions.html;2026-10-09T19:33:08.602130+00:00
hortus.msu.ru;Аптекарский огород, викторная оранжерея;tickets;Льготный экскурсионный билет: школьники (с 7 лет), студенты, пенсионеры, многодетные родители, сотрудники МГУ;тематические интерактивные экскурсии-семинары по агротехнической и художественно-прикладной тематике (мастер-классы);800 рублей за один академический час;800;;В случае увеличения продолжительности экскурсии-семинара приобретаются дополнительные билеты;;http://hortus.msu.ru/price-excursions.html;2026-10-09T19:33:08.602130+00:00
hortus.msu.ru;Аптекарский огород, викторная оранжерея;free_rules;дети в возрасте до 5 лет в сопровождении взрослых;экскурсии;;;бесплатно посещают экскурсии;только дети в возрасте до 5 лет в сопровождении взрослых, за исключением специальных детских экскурсий;always;http://hortus.msu.ru/price-excursions.html;2026-10-09T19:33:08.602130+00:00
hortus.msu.ru;Аптекарский огород, викторная оранжерея;free_rules;"студенты, аспиранты, ординаторы и сотрудники МГУ имени М. В. Ломоносова (при предъявлении студенческого билета или удостоверения); дошкольники и дети до 7 лет (только в сопровождении взрослых); участники ВОВ, приравненные к ним и участники боевых действий (при предъявлении удостоверения соответствующей категории. Для участников СВО: удостоверение соответствующей категории или справка, выданная воинской частью (военным комиссариатом); члены семей участников СВО (при предъявлении удостоверения соответствующей категории или справки, выданной воинской частью (военным комиссариатом)); инвалиды 1 и 2 группы и один сопровождающий (при предъявлении справки об установлении инвалидности в комплекте с паспортом РФ или иным документом, удостоверяющим личность); дети-инвалиды и один сопровождающий к ребенку-инвалиду (при предъявлении справки об установлении инвалидности); посетители в инвалидных колясках и один сопровождающий; сироты, воспитанники детских домов (при предъявлении удостоверения); многодетные семьи (при предъявлении удостоверения единого образца, подтверждающее статус многодетной семьи (распоряжение Правительства от 29 июня 2024 года № 1725-р), в комплекте с паспортом РФ или иным документом, удостоверяющим личность)";территория сада (без экскурсионного обслуживания);;;бесплатное посещение территории сада (без экскурсионного обслуживания);"Для прохода в сад не нужно оформлять бесплатный билет, документы, подтверждающие право на льготу, предъявляются контролеру на входе; все документы, подтверждающие право на льготу, должны быть оригиналами и предъявлены в бумажном виде; если в документе, подтверждающем право на льготу, нет фотографии, посетителю необходимо предъявить и документ, удостоверяющий личность; посетители без предъявления удостоверения, подтверждающего право на льготы, не допускаются на территорию";always;http://hortus.msu.ru/ticketprice.html;2026-10-09T19:33:08.602130+00:00
hortus.msu.ru;Аптекарский огород, викторная оранжерея;free_rules;пенсионеры, школьники, студенты;территория сада;;;по понедельникам с 10:00 до 12:00 (если этот день не является выходным, санитарным или праздничным);если этот день не является выходным, санитарным или праздничным;recurring_day;http://hortus.msu.ru/ticketprice.html;2026-10-09T19:33:08.602130+00:00
losev-library.ru;Дом А. Ф. Лосева;free_rules;посетители Дома Лосева;Дом Лосева;;;14 октября – день бесплатного посещения;Московская музейная неделя;recurring_day;http://domloseva.ru;2026-10-09T19:33:35.997773+00:00
goslitmuz.ru;Арка Марка;tickets;взрослые;Музейный центр «Московский дом Достоевского», входной билет;500 руб.;500;;льготный — 400 руб.;;https://goslitmuz.ru/visitors/ticket_price/;2026-10-09T19:33:02.146804+00:00
goslitmuz.ru;Арка Марка;tickets;"льготные посетители: учащиеся средних специальных заведений; студенты и аспиранты вузов Российской Федерации; учащиеся средних общеобразовательных заведений старше 16 лет; пенсионеры; сотрудники государственных музеев (при посещении временных выставок)";Музейный центр «Московский дом Достоевского», входной билет;400 руб.;400;;граждане Российской Федерации и государств ЕАЭС (при предъявлении соответствующих документов);;https://goslitmuz.ru/visitors/ticket_price/;2026-10-09T19:33:02.146804+00:00
goslitmuz.ru;Арка Марка;tickets;взрослые;Дом-музей А. П. Чехова, входной билет;450 руб.;450;;льготный — 350 руб.;;https://goslitmuz.ru/visitors/ticket_price/;2026-10-09T19:33:02.146804+00:00
goslitmuz.ru;Арка Марка;tickets;"льготные посетители: учащиеся средних специальных заведений; студенты и аспиранты вузов Российской Федерации; учащиеся средних общеобразовательных заведений старше 16 лет; пенсионеры; сотрудники государственных музеев (при посещении временных выставок)";Дом-музей А. П. Чехова, входной билет;350 руб.;350;;граждане Российской Федерации и государств ЕАЭС (при предъявлении соответствующих документов);;https://goslitmuz.ru/visitors/ticket_price/;2026-10-09T19:33:02.146804+00:00
goslitmuz.ru;Арка Марка;tickets;взрослые;"Дом-музей М. Ю. Лермонтова; Музей-квартира А. Н. Толстого; Музей Серебряного века, входной билет";400 руб.;400;;льготный — 300 руб.;;https://goslitmuz.ru/visitors/ticket_price/;2026-10-09T19:33:02.146804+00:00
goslitmuz.ru;Арка Марка;tickets;"льготные посетители: учащиеся средних специальных заведений; студенты и аспиранты вузов Российской Федерации; учащиеся средних общеобразовательных заведений старше 16 лет; пенсионеры; сотрудники государственных музеев (при посещении временных выставок)";"Дом-музей М. Ю. Лермонтова; Музей-квартира А. Н. Толстого; Музей Серебряного века, входной билет";300 руб.;300;;граждане Российской Федерации и государств ЕАЭС (при предъявлении соответствующих документов);;https://goslitmuz.ru/visitors/ticket_price/;2026-10-09T19:33:02.146804+00:00
goslitmuz.ru;Арка Марка;tickets;взрослые;Дом И. С. Остроухова в Трубниках (без посещения выставки), входной билет;200 руб.;200;;льготный — 100 руб.;;https://goslitmuz.ru/visitors/ticket_price/;2026-10-09T19:33:02.146804+00:00
goslitmuz.ru;Арка Марка;tickets;"льготные посетители: учащиеся средних специальных заведений; студенты и аспиранты вузов Российской Федерации; учащиеся средних общеобразовательных заведений старше 16 лет; пенсионеры; сотрудники государственных музеев (при посещении временных выставок)";Дом И. С. Остроухова в Трубниках (без посещения выставки), входной билет;100 руб.;100;;граждане Российской Федерации и государств ЕАЭС (при предъявлении соответствующих документов);;https://goslitmuz.ru/visitors/ticket_price/;2026-10-09T19:33:02.146804+00:00
goslitmuz.ru;Арка Марка;tickets;взрослые;"Дом-музей А. И. Герцена; Музей истории литературы XX века (4 экспозиции); Дом-музей Б. Л. Пастернака; Музейный центр «Дом Чуковского в Переделкине»; Библиотека имени К.И. Чуковского; Дом-музей М. М. Пришвина, входной билет";300 руб.;300;;льготный — 200 руб.;;https://goslitmuz.ru/visitors/ticket_price/;2026-10-09T19:33:02.146804+00:00
goslitmuz.ru;Арка Марка;tickets;"льготные посетители: учащиеся средних специальных заведений; студенты и аспиранты вузов Российской Федерации; учащиеся средних общеобразовательных заведений старше 16 лет; пенсионеры; сотрудники государственных музеев (при посещении временных выставок)";"Дом-музей А. И. Герцена; Музей истории литературы XX века (4 экспозиции); Дом-музей Б. Л. Пастернака; Музейный центр «Дом Чуковского в Переделкине»; Библиотека имени К.И. Чуковского; Дом-музей М. М. Пришвина, входной билет";200 руб.;200;;граждане Российской Федерации и государств ЕАЭС (при предъявлении соответствующих документов);;https://goslitmuz.ru/visitors/ticket_price/;2026-10-09T19:33:02.146804+00:00
goslitmuz.ru;Арка Марка;tickets;взрослые;Выставка (Дом И.С. Остроухова в Трубниках), 1 выставка;350 руб.;350;;льготный — 250 руб.;;https://goslitmuz.ru/visitors/ticket_price/;2026-10-09T19:33:02.146804+00:00
goslitmuz.ru;Арка Марка;tickets;"льготные посетители: учащиеся средних специальных заведений; студенты и аспиранты вузов Российской Федерации; учащиеся средних общеобразовательных заведений старше 16 лет; пенсионеры; сотрудники государственных музеев (при посещении временных выставок)";Выставка (Дом И.С. Остроухова в Трубниках), 1 выставка;250 руб.;250;;граждане Российской Федерации и государств ЕАЭС (при предъявлении соответствующих документов);;https://goslitmuz.ru/visitors/ticket_price/;2026-10-09T19:33:02.146804+00:00
goslitmuz.ru;Арка Марка;tickets;взрослые;Выставка (Дом И.С. Остроухова в Трубниках), 2 выставки;500 руб.;500;;льготный — 350 руб.;;https://goslitmuz.ru/visitors/ticket_price/;2026-10-09T19:33:02.146804+00:00
goslitmuz.ru;Арка Марка;tickets;"льготные посетители: учащиеся средних специальных заведений; студенты и аспиранты вузов Российской Федерации; учащиеся средних общеобразовательных заведений старше 16 лет; пенсионеры; сотрудники государственных музеев (при посещении временных выставок)";Выставка (Дом И.С. Остроухова в Трубниках), 2 выставки;350 руб.;350;;граждане Российской Федерации и государств ЕАЭС (при предъявлении соответствующих документов);;https://goslitmuz.ru/visitors/ticket_price/;2026-10-09T19:33:02.146804+00:00
goslitmuz.ru;Арка Марка;tickets;взрослые;Музейный центр «Зубовский, 15», 1 выставка;400 руб.;400;;льготный — 350 руб.;;https://goslitmuz.ru/visitors/ticket_price/;2026-10-09T19:33:02.146804+00:00
goslitmuz.ru;Арка Марка;tickets;"льготные посетители: учащиеся средних специальных заведений; студенты и аспиранты вузов Российской Федерации; учащиеся средних общеобразовательных заведений старше 16 лет; пенсионеры; сотрудники государственных музеев (при посещении временных выставок)";Музейный центр «Зубовский, 15», 1 выставка;350 руб.;350;;граждане Российской Федерации и государств ЕАЭС (при предъявлении соответствующих документов);;https://goslitmuz.ru/visitors/ticket_price/;2026-10-09T19:33:02.146804+00:00
goslitmuz.ru;Арка Марка;tickets;взрослые;Музейный центр «Зубовский, 15», 2 выставки;600 руб.;600;;льготный — 500 руб.;;https://goslitmuz.ru/visitors/ticket_price/;2026-10-09T19:33:02.146804+00:00
goslitmuz.ru;Арка Марка;tickets;"льготные посетители: учащиеся средних специальных заведений; студенты и аспиранты вузов Российской Федерации; учащиеся средних общеобразовательных заведений старше 16 лет; пенсионеры; сотрудники государственных музеев (при посещении временных выставок)";Музейный центр «Зубовский, 15», 2 выставки;500 руб.;500;;граждане Российской Федерации и государств ЕАЭС (при предъявлении соответствующих документов);;https://goslitmuz.ru/visitors/ticket_price/;2026-10-09T19:33:02.146804+00:00
goslitmuz.ru;Арка Марка;tickets;взрослые;Информационно-культурный центр «Музей А.И. Солженицына» в Кисловодске, входной билет;150 руб.;150;;льготный — 100 руб.;;https://goslitmuz.ru/visitors/ticket_price/;2026-10-09T19:33:02.146804+00:00
goslitmuz.ru;Арка Марка;tickets;"льготные посетители: учащиеся средних специальных заведений; студенты и аспиранты вузов Российской Федерации; учащиеся средних общеобразовательных заведений старше 16 лет; пенсионеры; сотрудники государственных музеев (при посещении временных выставок)";Информационно-культурный центр «Музей А.И. Солженицына» в Кисловодске, входной билет;100 руб.;100;;граждане Российской Федерации и государств ЕАЭС (при предъявлении соответствующих документов);;https://goslitmuz.ru/visitors/ticket_price/;2026-10-09T19:33:02.146804+00:00
goslitmuz.ru;Арка Марка;tickets;взрослые;Комплексный билет в пять музеев: все постоянные экспозиции, выставки в Музейном центре «Зубовский, 15», выставки в Доме И. С. Остроухова в Трубниках;1 500 руб.;1500;;"действителен 3 месяца; льготный — 1 000 руб.";;https://goslitmuz.ru/visitors/ticket_price/;2026-10-09T19:33:02.146804+00:00
goslitmuz.ru;Арка Марка;tickets;"льготные посетители: учащиеся средних специальных заведений; студенты и аспиранты вузов Российской Федерации; учащиеся средних общеобразовательных заведений старше 16 лет; пенсионеры; сотрудники государственных музеев (при посещении временных выставок)";Комплексный билет в пять музеев: все постоянные экспозиции, выставки в Музейном центре «Зубовский, 15», выставки в Доме И. С. Остроухова в Трубниках;1 000 руб.;1000;;"действителен 3 месяца; граждане Российской Федерации и государств ЕАЭС (при предъявлении соответствующих документов)";;https://goslitmuz.ru/visitors/ticket_price/;2026-10-09T19:33:02.146804+00:00
goslitmuz.ru;Арка Марка;tickets;группы учащихся, не достигших 16 лет, до 5 чел.;Экскурсия;1 700 руб.;1700;;группы свыше 6 чел. сопровождают 2 человека бесплатно;;https://goslitmuz.ru/visitors/ticket_price/;2026-10-09T19:33:02.146804+00:00
goslitmuz.ru;Арка Марка;tickets;группы учащихся, не достигших 16 лет, до 15 чел.;Экскурсия;5 100 руб.;5100;;группы свыше 6 чел. сопровождают 2 человека бесплатно;;https://goslitmuz.ru/visitors/ticket_price/;2026-10-09T19:33:02.146804+00:00
goslitmuz.ru;Арка Марка;tickets;группы учащихся, не достигших 16 лет, до 15 чел.;Интерактивная экскурсия;6 000 руб.;6000;;группы свыше 6 чел. сопровождают 2 человека бесплатно;;https://goslitmuz.ru/visitors/ticket_price/;2026-10-09T19:33:02.146804+00:00
goslitmuz.ru;Арка Марка;tickets;группы учащихся, не достигших 16 лет, до 15 чел.;Интерактивное занятие;"6 000 руб. (90 мин.); 9 000 руб. (110 мин.)";;;группы свыше 6 чел. сопровождают 2 человека бесплатно;;https://goslitmuz.ru/visitors/ticket_price/;2026-10-09T19:33:02.146804+00:00
goslitmuz.ru;Арка Марка;tickets;группы до 5 чел.;ИКЦ «Музей А. И. Солженицына» в Кисловодске, экскурсия;500 руб.;500;;;;https://goslitmuz.ru/visitors/ticket_price/;2026-10-09T19:33:02.146804+00:00
goslitmuz.ru;Арка Марка;tickets;группы до 15 чел.;ИКЦ «Музей А. И. Солженицына» в Кисловодске, экскурсия;1 500 руб.;1500;;;;https://goslitmuz.ru/visitors/ticket_price/;2026-10-09T19:33:02.146804+00:00
goslitmuz.ru;Арка Марка;tickets;все посетители, до 20 чел.;Пешеходная экскурсия;6 000 руб.;6000;;заказные программы;;https://goslitmuz.ru/visitors/ticket_price/;2026-10-09T19:33:02.146804+00:00
goslitmuz.ru;Арка Марка;tickets;все посетители, до 60 чел.;Выездная лекция;8 000 руб.;8000;;заказные программы;;https://goslitmuz.ru/visitors/ticket_price/;2026-10-09T19:33:02.146804+00:00
goslitmuz.ru;Арка Марка;tickets;группы до 5 чел.;"Экскурсия на иностранном языке: Музейный центр «Московский дом Достоевского»; Дом-музей А. П. Чехова";4 000 руб.;4000;;;;https://goslitmuz.ru/visitors/ticket_price/;2026-10-09T19:33:02.146804+00:00
goslitmuz.ru;Арка Марка;tickets;группы до 5 чел.;"Экскурсия на иностранном языке: Дом-музей М. Ю. Лермонтова; Музей-квартира А. Н. Толстого; Музей Серебряного века";3 500 руб.;3500;;;;https://goslitmuz.ru/visitors/ticket_price/;2026-10-09T19:33:02.146804+00:00
goslitmuz.ru;Арка Марка;tickets;группы до 5 чел.;"Экскурсия на иностранном языке: Музейный центр «Зубовский, 15»; Дом И. С. Остроухова в Трубниках";3 250 руб.;3250;;;;https://goslitmuz.ru/visitors/ticket_price/;2026-10-09T19:33:02.146804+00:00
goslitmuz.ru;Арка Марка;tickets;группы до 5 чел.;"Экскурсия на иностранном языке: Дом-музей А. И. Герцена; Музей истории литературы XX века; Дом-музей Б. Л. Пастернака; Музейный центр «Дом Чуковского в Переделкине»; Дом-музей М. М. Пришвина";3 000 руб.;3000;;;;https://goslitmuz.ru/visitors/ticket_price/;2026-10-09T19:33:02.146804+00:00
goslitmuz.ru;Арка Марка;tickets;группы до 5 чел.;Экскурсия на иностранном языке: Информационно-культурный центр «Музей А.И. Солженицына» в Кисловодске;2 250 руб.;2250;;;;https://goslitmuz.ru/visitors/ticket_price/;2026-10-09T19:33:02.146804+00:00
goslitmuz.ru;Арка Марка;tickets;посетители мероприятий;Экскурсия по заранее объявленным сеансам;300 руб. + входной билет;;;;;https://goslitmuz.ru/visitors/ticket_price/;2026-10-09T19:33:02.146804+00:00
goslitmuz.ru;Арка Марка;tickets;посетители мероприятий;Историко-литературная программа;450 руб. + входной билет;;;;;https://goslitmuz.ru/visitors/ticket_price/;2026-10-09T19:33:02.146804+00:00
goslitmuz.ru;Арка Марка;tickets;посетители мероприятий;Пешеходная экскурсия;500 руб.;500;;;;https://goslitmuz.ru/visitors/ticket_price/;2026-10-09T19:33:02.146804+00:00
goslitmuz.ru;Арка Марка;tickets;ребёнок до 16 лет;Интерактивное занятие;"400 руб. (90 мин.); 600 руб. (110 мин.)";;;;;https://goslitmuz.ru/visitors/ticket_price/;2026-10-09T19:33:02.146804+00:00
goslitmuz.ru;Арка Марка;tickets;ребёнок до 16 лет + сопровождающий взрослый;Интерактивное занятие;"700 руб. (90 мин.); 1000 руб. (110 мин.)";;;;;https://goslitmuz.ru/visitors/ticket_price/;2026-10-09T19:33:02.146804+00:00
goslitmuz.ru;Арка Марка;tickets;посетители мероприятий;Лекция;400 руб.;400;;;;https://goslitmuz.ru/visitors/ticket_price/;2026-10-09T19:33:02.146804+00:00
goslitmuz.ru;Арка Марка;tickets;посетители мероприятий;Мастер-класс;"200 руб. (45 мин.); 400 руб. (60 мин); 800 руб. (110 мин)";;;;;https://goslitmuz.ru/visitors/ticket_price/;2026-10-09T19:33:02.146804+00:00
goslitmuz.ru;Арка Марка;tickets;посетители мероприятий;Тематическое занятие;600 руб. (90 мин.);600;;при посещении экспозиции дополнительно приобретается входной билет;;https://goslitmuz.ru/visitors/ticket_price/;2026-10-09T19:33:02.146804+00:00
goslitmuz.ru;Арка Марка;tickets;посетители мероприятий;ИКЦ «Музей А. И. Солженицына» в Кисловодске, экскурсия по заранее объявленным сеансам;150 руб. + входной билет;;;;;https://goslitmuz.ru/visitors/ticket_price/;2026-10-09T19:33:02.146804+00:00
goslitmuz.ru;Арка Марка;tickets;посетители мероприятий;ИКЦ «Музей А. И. Солженицына» в Кисловодске, пешеходная экскурсия;400 руб.;400;;;;https://goslitmuz.ru/visitors/ticket_price/;2026-10-09T19:33:02.146804+00:00
goslitmuz.ru;Арка Марка;tickets;посетители мероприятий;ИКЦ «Музей А. И. Солженицына» в Кисловодске, лекция;100 руб.;100;;;;https://goslitmuz.ru/visitors/ticket_price/;2026-10-09T19:33:02.146804+00:00
goslitmuz.ru;Арка Марка;tickets;посетители мероприятий;ИКЦ «Музей А. И. Солженицына» в Кисловодске, интерактивное занятие;50 руб.;50;;;;https://goslitmuz.ru/visitors/ticket_price/;2026-10-09T19:33:02.146804+00:00
goslitmuz.ru;Арка Марка;free_rules;"лица, не достигшие 16 лет; члены многодетных семей (при наличии удостоверения, подтверждающего статус многодетной семьи, в любое время и независимо от места проживания); люди с инвалидностью I и II групп, дети с инвалидностью; лица, сопровождающие людей с инвалидностью I и II групп, детей с инвалидностью; ветераны Великой Отечественной войны, Афганской, Чеченской войн; военнослужащие Российской армии, проходящие военную службу по призыву; участники СВО и члены их семей; ликвидаторы аварии на Чернобыльской АЭС; Герои Советского Союза, Герои Российской Федерации, полные кавалеры ордена Славы; незаконно репрессированные и реабилитированные граждане; воспитанники детских домов, интернатов, учащиеся общеобразовательных учреждений-приютов, реабилитационных центров, центров социальной помощи семье и детям; дети-сироты и дети, оставшиеся без попечения родителей; воспитанники Суворовских военных и Нахимовских военно-морских училищ; члены Общественного совета при Министерстве культуры Российской Федерации и Международного совета музеев (ICOM); сотрудники государственных музеев (при посещении постоянных экспозиций)";музей;;;постоянно;граждане Российской Федерации и государств ЕАЭС (при предъявлении соответствующих документов);always;https://goslitmuz.ru/visitors/ticket_price/;2026-10-09T19:33:02.146804+00:00
goslitmuz.ru;Арка Марка;free_rules;все посетители;музей;;;последняя пятница каждого месяца;день бесплатного посещения;recurring_day;https://goslitmuz.ru/visitors/ticket_price/;2026-10-09T19:33:02.146804+00:00
lomakovka.ru;Ломаковский музей старинных автомобилей и мотоциклов;tickets;взрослый;посещение музея и экскурсия;1500 р. экскурсия + по 300 р. за каждого взрослого;;;"Посещение музея и экскурсии только по заказу; оплата только наличными; банковские карты к оплате не принимаются";;http://www.Lomakovka.ru/Excursions.html;2026-10-09T19:33:35.800978+00:00
lomakovka.ru;Ломаковский музей старинных автомобилей и мотоциклов;tickets;ребёнок (от 2 до 18 лет);посещение музея и экскурсия;по 200 р. за ребёнка (от 2 до 18 лет);;;"Посещение музея и экскурсии только по заказу; оплата только наличными";;http://www.Lomakovka.ru/Excursions.html;2026-10-09T19:33:35.800978+00:00
lomakovka.ru;Ломаковский музей старинных автомобилей и мотоциклов;tickets;пенсионер;посещение музея и экскурсия;по 200 р. за пенсионера;200;;"Посещение музея и экскурсии только по заказу; оплата только наличными";;http://www.Lomakovka.ru/Excursions.html;2026-10-09T19:33:35.800978+00:00
lomakovka.ru;Ломаковский музей старинных автомобилей и мотоциклов;tickets;многодетный;посещение музея и экскурсия;по 200 р. за многодетного;200;;"Посещение музея и экскурсии только по заказу; оплата только наличными";;http://www.Lomakovka.ru/Excursions.html;2026-10-09T19:33:35.800978+00:00
lomakovka.ru;Ломаковский музей старинных автомобилей и мотоциклов;tickets;солдат срочник;посещение музея и экскурсия;по 200 р. за солдата срочника;200;;"Посещение музея и экскурсии только по заказу; оплата только наличными";;http://www.Lomakovka.ru/Excursions.html;2026-10-09T19:33:35.800978+00:00
lomakovka.ru;Ломаковский музей старинных автомобилей и мотоциклов;tickets;студент очник;посещение музея и экскурсия;по 200 р. за студента очника;200;;"Посещение музея и экскурсии только по заказу; оплата только наличными";;http://www.Lomakovka.ru/Excursions.html;2026-10-09T19:33:35.800978+00:00
lomakovka.ru;Ломаковский музей старинных автомобилей и мотоциклов;tickets;сопровождающие группу детей взрослые;посещение музея и экскурсия;Бесплатно;0;;"по 1 взрослому сопровождающему на каждые 10 детей; обязанность следить за порядком в группе";;http://www.Lomakovka.ru/Excursions.html;2026-10-09T19:33:35.800978+00:00
lomakovka.ru;Ломаковский музей старинных автомобилей и мотоциклов;free_rules;сопровождающие группу детей взрослые;посещение музея и экскурсия;;;при сопровождении группы детей;"по 1 взрослому сопровождающему на каждые 10 детей; обязанность следить за порядком в группе";benefit;http://www.Lomakovka.ru/Excursions.html;2026-10-09T19:33:35.800978+00:00
manufactura-mi.ru;Музей ватной игрушки;free_rules;один взрослый сопровождающий на 8−10 детей (для детских групп);сопровождение детской группы;;;при посещении организованной детской группой;Для детских групп обязательно сопровождающие — один взрослый бесплатно на 8−10 детей. Сопровождающие отвечают за поведение и безопасность детей.;benefit;https://manufactura-mi.ru/o-nas;2026-10-09T19:33:42.552221+00:00
magic2.ru;Музей фокусов;tickets;участник программы «Последний сеанс» («Удиви меня, Карза!» шоу + экскурсия), возраст 12+;Программа «Последний сеанс»: шоу + экскурсия;2300 руб./участник;2300;;"При покупке онлайн 3-х и более билетов - скидка 100 рублей на каждый билет, промокод: ФОКУС; количество билетов на программы ограничено; рекомендуем купить билеты заранее";;https://magic2.ru/;2026-10-09T19:33:38.176657+00:00
magic2.ru;Музей фокусов;tickets;посетитель интерактивной экскурсии с представлением профессионального фокусника;Интерактивная экскурсия с представлением профессионального фокусника;1600 руб./посетитель;1600;;"Дети до 3-х лет бесплатно, дети без сопровождения взрослых допускаются с 9 лет; при покупке онлайн 3-х и более билетов - скидка 100 рублей на каждый билет, промокод: ФОКУС";;https://magic2.ru/;2026-10-09T19:33:38.176657+00:00
magic2.ru;Музей фокусов;tickets;участник группы/класса (экскурсия с представлением, будние дни);Для групп и классов: экскурсия с представлением (будние дни);1300 руб.;1300;;Минимальная стоимость 26 000 руб.: 20 участников по 1300 руб. + 2 сопровождающий (бесплатно). Каждый дополнительный участник - 1300 руб. Заказ и бронирование по тел. +7 (985) 353 48 88 (вт-вс 12:00 - 19:00);;https://magic2.ru/;2026-10-09T19:33:38.176657+00:00
magic2.ru;Музей фокусов;tickets;сопровождающий группы/класса;Для групп и классов: экскурсия с представлением (будние дни);Бесплатно;0;;2 сопровождающий (бесплатно) при минимальной стоимости 26 000 руб.: 20 участников по 1300 руб.;;https://magic2.ru/;2026-10-09T19:33:38.176657+00:00
magic2.ru;Музей фокусов;tickets;посетитель (выходные и праздничные дни);Выходные и праздничные дни: экскурсии с представлением;1600 руб./посетитель;1600;;"Выходные и праздничные дни; экскурсии с представлением";;https://magic2.ru/;2026-10-09T19:33:38.176657+00:00
magic2.ru;Музей фокусов;tickets;посетитель (будни), входной билет;Будни: входной билет;700 руб.;700;;"Будни; дети от 3-х лет платно, дети без сопровождения взрослых допускаются с 9 лет";;https://magic2.ru/;2026-10-09T19:33:38.176657+00:00
magic2.ru;Музей фокусов;tickets;льготный билет (будни);Будни: льготный билет;600 руб.;600;;"Будни; дети от 3-х лет платно, дети без сопровождения взрослых допускаются с 9 лет";;https://magic2.ru/;2026-10-09T19:33:38.176657+00:00
magic2.ru;Музей фокусов;free_rules;дети до 3-х лет;Интерактивная экскурсия с представлением профессионального фокусника;;;на интерактивной экскурсии с представлением профессионального фокусника;Дети без сопровождения взрослых допускаются с 9 лет;always;https://magic2.ru/;2026-10-09T19:33:38.176657+00:00
magic2.ru;Музей фокусов;free_rules;2 сопровождающих группы/класса;Для групп и классов: экскурсия с представлением (будние дни);;;при заказе экскурсии с представлением для групп и классов (будние дни);Минимальная стоимость 26 000 руб.: 20 участников по 1300 руб. + 2 сопровождающий (бесплатно);benefit;https://magic2.ru/;2026-10-09T19:33:38.176657+00:00
luminarx.ru;Luminar-X, иммерсивное арт-пространство;tickets;Студенты очной и заочной форм обучения;входной билет, вечернее посещение;скидка 50% на входной билет;;;"Срок действия: с 01.06.2026 по 31.12.2026; Время действия: с 21:00 до 22:00; предъявление студенческого билета на кассе";;https://luminarx.ru/;2026-10-09T19:33:37.773642+00:00
luminarx.ru;Luminar-X, иммерсивное арт-пространство;tickets;Взрослые (КОМБО билет);КОМБО билет Люминар и Океанариум РИО;1500 руб.;1500;;"КОМБО билет доступен ТОЛЬКО в кассе Океанариума РИО или Люминар; действует в течение 30 дней с момента покупки; срок акции до 31.01.2027";;https://luminarx.ru/;2026-10-09T19:33:37.773642+00:00
luminarx.ru;Luminar-X, иммерсивное арт-пространство;tickets;Детский (КОМБО билет);КОМБО билет Люминар и Океанариум РИО;1000 руб.;1000;;"КОМБО билет доступен ТОЛЬКО в кассе Океанариума РИО или Люминар; действует в течение 30 дней с момента покупки; срок акции до 31.01.2027";;https://luminarx.ru/;2026-10-09T19:33:37.773642+00:00
luminarx.ru;Luminar-X, иммерсивное арт-пространство;tickets;Все посетители (АРТ-ПОНЕДЕЛЬНИК);все мультимедиа-шоу;скидка 20%;;;"каждый понедельник с 10:00 до 22:00; не распространяется на бар и магазин; не действует в праздничные дни; билет со скидкой можно приобрести на сайте и в кассе; скидки не суммируются; срок до 31 декабря 2027 г.";;https://luminarx.ru/;2026-10-09T19:33:37.773642+00:00
luminarx.ru;Luminar-X, иммерсивное арт-пространство;tickets;Все посетители (ЦИФРОВОЙ СЕТ);"при покупке билетов сразу на два шоу - ""VI ОКЕАН"" и ""ИГРОВАЯ ВСЕЛЕННАЯ 3000"" или ""ЦИФРОВАЯ МАГИЯ"" и ""АРТ+""";скидка 25%;;;"скидки не суммируются; срок до 31 декабря 2027 г.";;https://luminarx.ru/;2026-10-09T19:33:37.773642+00:00
luminarx.ru;Luminar-X, иммерсивное арт-пространство;tickets;Группы от 11 человек;групповое посещение;скидка 10%;;;"действует в любое время и день недели; приобрести билеты можно только в кассе Люминар; для туристических агентств и больших групп индивидуальные специальные условия; скидки не суммируются; срок до 31 декабря 2027 г.";;https://luminarx.ru/;2026-10-09T19:33:37.773642+00:00
luminarx.ru;Luminar-X, иммерсивное арт-пространство;tickets;Дети от 5 до 13 лет включительно;Детский билет;специальная цена;;;"можно приобрести на сайте или в терминале на территории Люминар; присутствие ребенка при покупке необязательно; не допускается посещение и приобретение билетов детьми до 13 лет без сопровождения родителей или законных представителей; срок до 31 декабря 2027 г.";;https://luminarx.ru/;2026-10-09T19:33:37.773642+00:00
luminarx.ru;Luminar-X, иммерсивное арт-пространство;tickets;Многодетные семьи;входной билет;скидка 50%;;;"при предъявлении удостоверения или другого подтверждающего документа; действует в любые дни недели, включая выходные и праздничные дни; льготный билет только в кассе; скидки не суммируются; срок до 31 декабря 2027 г.";;https://luminarx.ru/;2026-10-09T19:33:37.773642+00:00
luminarx.ru;Luminar-X, иммерсивное арт-пространство;tickets;Пенсионеры (граждане РФ) и люди с ограничениями по здоровью;входной билет;скидка 50%;;;"при предъявлении пенсионного удостоверения гражданина РФ, социальной карты Москвича, документов подтверждающих инвалидность; действует в любые дни недели, включая выходные и праздничные дни; льготный билет только в кассе; скидки не суммируются; срок до 31 декабря 2027 г.";;https://luminarx.ru/;2026-10-09T19:33:37.773642+00:00
luminarx.ru;Luminar-X, иммерсивное арт-пространство;tickets;Ветераны ВОВ, ветераны боевых действий СССР и ветераны боевых действий РФ;посещение;скидка 50%;;;"предъявить удостоверение для героев Советского Союза или России; удостоверение ветерана и участника боевых действий; скидки не суммируются; срок до 31 декабря 2027 г.";;https://luminarx.ru/;2026-10-09T19:33:37.773642+00:00
magicmuseum.ru;Музей магии;tickets;Детский (до 14 лет);Билеты Эконом, посещение экспозиции и шоу иллюзиониста;1200 ₽;1200;;До 14 лет. Только при сопровождении взрослого, купившего билет.;;https://magicmuseum.ru/price-msk;2026-10-09T19:33:38.369381+00:00
magicmuseum.ru;Музей магии;tickets;Взрослый (от 14 лет);Билеты Эконом, посещение экспозиции и шоу иллюзиониста;1300 ₽;1300;;От 14 лет;;https://magicmuseum.ru/price-msk;2026-10-09T19:33:38.369381+00:00
magicmuseum.ru;Музей магии;tickets;Семейный (2 взрослых + 1 детский ИЛИ 1 взрослый + 2 детских);Билеты Эконом, посещение экспозиции и шоу иллюзиониста;3400 ₽;3400;;2 взрослых + 1 детский ИЛИ 1 взрослый + 2 детских;;https://magicmuseum.ru/price-msk;2026-10-09T19:33:38.369381+00:00
magicmuseum.ru;Музей магии;tickets;Льготный (Пенсионеры, инвалиды, студенты, многодетные, участники СВО);Билеты Эконом, посещение экспозиции и шоу иллюзиониста;1050 ₽;1050;;Можно приобрести в кассе музея.;;https://magicmuseum.ru/price-msk;2026-10-09T19:33:38.369381+00:00
magicmuseum.ru;Музей магии;tickets;Детский (до 14 лет);Билеты Престиж;2800 ₽;2800;;До 14 лет;;https://magicmuseum.ru/price-msk;2026-10-09T19:33:38.369381+00:00
magicmuseum.ru;Музей магии;tickets;Взрослый (от 14 лет);Билеты Престиж;2900 ₽;2900;;От 14 лет;;https://magicmuseum.ru/price-msk;2026-10-09T19:33:38.369381+00:00
magicmuseum.ru;Музей магии;tickets;Семейный (2 взрослых + 1 детский / 1 взрослый + 2 детских);Билеты Престиж;7800 ₽;7800;;2 взрослых + 1 детский / 1 взрослый + 2 детских;;https://magicmuseum.ru/price-msk;2026-10-09T19:33:38.369381+00:00
magicmuseum.ru;Музей магии;tickets;Льготный (Пенсионеры, инвалиды, студенты, многодетные, участники СВО);Билеты Престиж;2200 ₽;2200;;Можно приобрести в кассе музея.;;https://magicmuseum.ru/price-msk;2026-10-09T19:33:38.369381+00:00
magicmuseum.ru;Музей магии;tickets;Детский (дети до 14 лет);Билеты Стандарт;2000 ₽;2000;;Дети до 14 лет;;https://magicmuseum.ru/price-msk;2026-10-09T19:33:38.369381+00:00
magicmuseum.ru;Музей магии;tickets;Взрослый (от 14 лет);Билеты Стандарт;2100 ₽;2100;;От 14 лет;;https://magicmuseum.ru/price-msk;2026-10-09T19:33:38.369381+00:00
magicmuseum.ru;Музей магии;tickets;Семейный (2 взрослых + 1 детский / 1 взрослый + 2 детских);Билеты Стандарт;5200 ₽;5200;;2 взрослых + 1 детский / 1 взрослый + 2 детских;;https://magicmuseum.ru/price-msk;2026-10-09T19:33:38.369381+00:00
magicmuseum.ru;Музей магии;tickets;Льготный (Пенсионеры, инвалиды, студенты, многодетные, участники СВО);Билеты Стандарт;1700 ₽;1700;;Можно приобрести в кассе музея.;;https://magicmuseum.ru/price-msk;2026-10-09T19:33:38.369381+00:00
magicmuseum.ru;Музей магии;tickets;Гипер-билет;"тариф ""Входной с экскурсией"" в Рекордиум + тариф ""Престиж"" в Музее Магии";3500 ₽;3500;;"тариф ""Входной с экскурсией"" в Рекордиум + тариф ""Престиж"" в Музее Магии";;https://magicmuseum.ru/price-msk;2026-10-09T19:33:38.369381+00:00
magicmuseum.ru;Музей магии;tickets;Гипер-билет;Гипер-билет;от 2000₽;;;Гипер-билет;;https://magicmuseum.ru/price-msk;2026-10-09T19:33:38.369381+00:00
magicmuseum.ru;Музей магии;tickets;Входной билет Эконом;Посещение экспозиции, Шоу иллюзиониста;от 1200₽;;;Посещение экспозиции, Шоу иллюзиониста;;https://magicmuseum.ru/price-msk;2026-10-09T19:33:38.369381+00:00
magicmuseum.ru;Музей магии;free_rules;Посетители младше трех лет;Музей Магии;;;проходят в музей бесплатно;;always;https://magicmuseum.ru/price-msk;2026-10-09T19:33:38.369381+00:00
magicmuseum.ru;Музей магии;free_rules;Дети до 3-х лет включительно;Музей;;;имеют право на бесплатное посещение Музея;;always;https://magicmuseum.ru/pravila;2026-10-09T19:33:38.369381+00:00
mirekmuseum.ru;Музей русской гармоники Альфреда Мирека;free_rules;многодетные семьи, дети в возрасте от 7 до 18 лет и обучающиеся по основным профессиональным образовательным программам;бесплатное посещение экспозиций музея;;;один раз в месяц, среда каждой третьей недели месяца;право на бесплатное посещение экспозиций музея один раз в месяц;recurring_day;https://mirekmuseum.ru/wp-content/uploads/2021/04/free-visit.pdf;2026-10-09T19:33:53.716467+00:00
mirekmuseum.ru;Музей русской гармоники Альфреда Мирека;free_rules;посетители;Музей А. Н. Скрябина;;;11 января, 15 февраля, 15 марта, 12 апреля, 17 мая, 14 июня, 12 июля, 16 августа, 13 сентября, 11 октября, 15 ноября, 13 декабря 2022 г.;в рамках проекта Московская музейная неделя;dated_event;https://mirekmuseum.ru/pages/rules/;2026-10-09T19:33:53.716467+00:00
mirekmuseum.ru;Музей русской гармоники Альфреда Мирека;free_rules;"Участники и инвалиды Великой Отечественной войны; лица, награжденные знаком “Жителю блокадного Ленинграда”; Герои Советского Союза; Герои Российской Федерации; полные кавалеры ордена Славы; неработающие инвалиды I-II групп; военнослужащие, проходящие военную службу по призыву; ветераны боевых действий; дети-сироты и дети, оставшиеся без попечения родителей; обучающиеся и студенты из числа детей-сирот и детей без попечения родителей; дети-инвалиды; престарелые граждане, находящиеся в домах-интернатах для инвалидов и престарелых; дети в возрасте до 7 лет (не достигшие семилетнего возраста); иностранные студенты обладатели карт ISIC; сотрудники музеев РФ и члены ICOM; члены Союза журналистов Москвы в ходе выполнения ими профессиональной деятельности; члены творческих союзов (Союз художников России, Московский Союз художников, Санкт-Петербургский Союз художников, Союз дизайнеров России, Союз архитекторов России); обучающиеся (получающие среднее общее образование или среднее профессиональное образование по очной форме обучения в государственных образовательных организациях, подведомственных органам исполнительной власти города Москвы, муниципальных образовательных организациях, обучающимся, получающим среднее общее образование по очной форме обучения в частных образовательных организациях, осуществляющих образовательную деятельность на территории города Москвы) и сопровождающие их лица (группа от 8 до 10 обучающихся – один сопровождающий, свыше 11 обучающихся – два сопровождающих)";бесплатное посещение музея;;;постоянно;в связи с действующим законодательством Российской Федерации и города Москвы;benefit;https://mirekmuseum.ru/pages/services-list/;2026-10-09T19:33:53.716467+00:00
medmuseum.ru;Российский музей медицины;tickets;граждане РФ;входной билет;500₽;500;;1 билет;;https://medmuseum.ru/posetitelam/prejskurant;2026-10-09T19:33:46.397686+00:00
medmuseum.ru;Российский музей медицины;tickets;льготные категории граждан РФ;входной билет;300₽;300;;"1 билет; В музее будет необходимо предъявить документ, подтверждающий право на льготу";;https://medmuseum.ru/posetitelam/prejskurant;2026-10-09T19:33:46.397686+00:00
medmuseum.ru;Российский музей медицины;tickets;иностранные граждане;входной билет;1300₽;1300;;1 билет;;https://medmuseum.ru/posetitelam/prejskurant;2026-10-09T19:33:46.397686+00:00
medmuseum.ru;Российский музей медицины;tickets;посетители лекции;входной билет на лекцию;500₽;500;;1 билет;;https://medmuseum.ru/posetitelam/prejskurant;2026-10-09T19:33:46.397686+00:00
medmuseum.ru;Российский музей медицины;tickets;группа до 5 человек;индивидуальная экскурсия;3000₽;3000;;1 путевка (группа до 5 человек);;https://medmuseum.ru/posetitelam/prejskurant;2026-10-09T19:33:46.397686+00:00
medmuseum.ru;Российский музей медицины;tickets;группа до 5 человек;индивидуальная экскурсия на иностранном языке;7500₽;7500;;1 путевка (группа до 5 человек);;https://medmuseum.ru/posetitelam/prejskurant;2026-10-09T19:33:46.397686+00:00
medmuseum.ru;Российский музей медицины;tickets;группа до 20 человек;групповая экскурсия;10000₽;10000;;1 путевка (группа до 20 человек);;https://medmuseum.ru/posetitelam/prejskurant;2026-10-09T19:33:46.397686+00:00
medmuseum.ru;Российский музей медицины;tickets;льготные категории, группа до 20 человек;групповая экскурсия для льготных категорий;5500₽;5500;;"1 путевка (группа до 20 человек); В музее будет необходимо предъявить документ, подтверждающий право на льготу";;https://medmuseum.ru/posetitelam/prejskurant;2026-10-09T19:33:46.397686+00:00
medmuseum.ru;Российский музей медицины;tickets;группа до 20 человек;групповая экскурсия на иностранном языке;25000₽;25000;;1 путевка (группа до 20 человек);;https://medmuseum.ru/posetitelam/prejskurant;2026-10-09T19:33:46.397686+00:00
medmuseum.ru;Российский музей медицины;tickets;льготные категории, группа до 20 человек;групповая экскурсия на иностранном языке для льготных категорий;8000₽;8000;;"1 путевка (группа до 20 человек); В музее будет необходимо предъявить документ, подтверждающий право на льготу";;https://medmuseum.ru/posetitelam/prejskurant;2026-10-09T19:33:46.397686+00:00
medmuseum.ru;Российский музей медицины;tickets;смешанная группа (не более 5 взрослых и 5 учащихся);интерактивное занятие для смешанной группы по истории медицины;600₽;600;;1 билет (не более 5 взрослых и 5 учащихся);;https://medmuseum.ru/posetitelam/prejskurant;2026-10-09T19:33:46.397686+00:00
medmuseum.ru;Российский музей медицины;tickets;учащиеся (не более 10 человек в группе);интерактивное занятие для учащихся по истории медицины;500₽;500;;1 билет (не более 10 человек в группе);;https://medmuseum.ru/posetitelam/prejskurant;2026-10-09T19:33:46.397686+00:00
medmuseum.ru;Российский музей медицины;tickets;смешанная группа (не более 5 взрослых и 5 учащихся);интерактивное занятие для смешанной группы по разным областям медицины;3000₽;3000;;1 билет (не более 5 взрослых и 5 учащихся);;https://medmuseum.ru/posetitelam/prejskurant;2026-10-09T19:33:46.397686+00:00
medmuseum.ru;Российский музей медицины;tickets;учащиеся (до 10 человек);интерактивное занятие для учащихся по разным областям медицины;2500₽;2500;;1 билет (до 10 человек);;https://medmuseum.ru/posetitelam/prejskurant;2026-10-09T19:33:46.397686+00:00
medmuseum.ru;Российский музей медицины;free_rules;сопровождающие групповую экскурсию лица (не более двух);проход;;;при сопровождении групповой экскурсии;не более двух сопровождающих;benefit;https://medmuseum.ru/posetitelam;2026-10-09T19:33:46.397686+00:00
mos-anatomikum.ru;Интерактивный музей Московский Анатомикум;tickets;взрослый (от 14+);входной билет в музей;1100 ₽;1100;;входной билет;;http://mos-anatomikum.ru/;2026-10-09T19:34:02.831774+00:00
mos-anatomikum.ru;Интерактивный музей Московский Анатомикум;tickets;детский (с 4 до 13 лет);входной билет в музей;900 ₽;900;;входной билет;;http://mos-anatomikum.ru/;2026-10-09T19:34:02.831774+00:00
mos-anatomikum.ru;Интерактивный музей Московский Анатомикум;tickets;2 детей + 1 взрослый;КОМБО №1;2500 ₽ (вместо 2900 ₽);2500;;КОМБО №1;;http://mos-anatomikum.ru/;2026-10-09T19:34:02.831774+00:00
mos-anatomikum.ru;Интерактивный музей Московский Анатомикум;tickets;1 ребенок + 2 взрослых;КОМБО №2;2700 ₽ (вместо 3100₽);2700;;КОМБО №2;;http://mos-anatomikum.ru/;2026-10-09T19:34:02.831774+00:00
mos-anatomikum.ru;Интерактивный музей Московский Анатомикум;tickets;2 детей + 2 взрослых;КОМБО №3;3500₽ (вместо 4000₽);3500;;КОМБО №3;;http://mos-anatomikum.ru/;2026-10-09T19:34:02.831774+00:00
mos-anatomikum.ru;Интерактивный музей Московский Анатомикум;tickets;ребенок-инвалид;льгота на входной билет;300 руб.;300;;льгота;;http://mos-anatomikum.ru/;2026-10-09T19:34:02.831774+00:00
mos-anatomikum.ru;Интерактивный музей Московский Анатомикум;tickets;сопровождающий;льгота на входной билет;300 руб.;300;;льгота;;http://mos-anatomikum.ru/;2026-10-09T19:34:02.831774+00:00
mos-anatomikum.ru;Интерактивный музей Московский Анатомикум;free_rules;дети до 3-х лет включительно;входной билет в музей;;;бесплатно;дети до 3-х лет включительно;always;http://mos-anatomikum.ru/;2026-10-09T19:34:02.831774+00:00
moscow-bestiary.ru;Бестиарий, криптозоологический музей;tickets;дети (до 14 лет включительно);экскурсия по музею криптозоологии;1700 ₽;1700;;"Экскурсия оплачивается отдельно; для заказа экскурсии необходимо записаться у администратора по номеру телефона: +7 (903) 507-77-58";;https://moscow-bestiary.ru/;2026-10-09T19:34:06.004603+00:00
moscow-bestiary.ru;Бестиарий, криптозоологический музей;tickets;взрослые;экскурсия по музею криптозоологии;2000 ₽;2000;;"Экскурсия оплачивается отдельно; для заказа экскурсии необходимо записаться у администратора по номеру телефона: +7 (903) 507-77-58";;https://moscow-bestiary.ru/;2026-10-09T19:34:06.004603+00:00
moscow-painters.ru;Товарищество живописцев Московского союза художников;free_rules;все посетители;выставка Евгения Утенкова в Доме Творчества МСХ, Таруса;;;вход свободный;выставка открыта ежедневно с 10 до 18ч;always;https://moscow-painters.ru/;2026-10-09T19:34:06.305835+00:00
moscow-painters.ru;Товарищество живописцев Московского союза художников;free_rules;все посетители;открытие выставки Ивана Сорокина «Родники пушкинских мест» в Музее истории г. Обнинска;;;вход на открытие бесплатный;открытие выставки состоится 27 июня в 14.00;dated_event;https://moscow-painters.ru/;2026-10-09T19:34:06.305835+00:00
moscow-painters.ru;Товарищество живописцев Московского союза художников;free_rules;все посетители;выставка «Хор шести голосов» в атриуме «Школы драматического искусства»;;;по средам и четвергам с 14:00 до 17:00 часов, вход свободный;в остальное время — по входному билету в театр в дни спектаклей;recurring_day;https://moscow-painters.ru/;2026-10-09T19:34:06.305835+00:00
mirpaustowskogo.ru;Музей К. Г. Паустовского;tickets;Входной билет для индивидуальных посетителей;Музей К. Г. Паустовского (Москва, ул. Кузьминская, 8), входной билет;400 руб.;400;;онлайн и в кассах музея (оплата только банковской картой);;http://www.mirpaustowskogo.ru/tickets;2026-10-09T19:33:53.736705+00:00
mirpaustowskogo.ru;Музей К. Г. Паустовского;tickets;"Инвалиды и участники Великой Отечественной войны; ветераны боевых действий; Герои Советского Союза, Герои Российской Федерации, полные кавалеры ордена Славы; Военнослужащие, проходящие военную службу по призыву; Лица, награжденные знаком «Жителю блокадного Ленинграда»; Сотрудники музеев РФ и члены ИКОМ; многодетные семьи — семьи с тремя и более детьми до достижения старшим ребенком возраста 18 лет или возраста 23 лет при условии его обучения в организации, осуществляющей образовательную деятельность по очной форме обучения; Дети-инвалиды; Неработающие инвалиды I и II групп; лица, сопровождающие инвалида I и II группы, детей-инвалидов; Дети-сироты и дети, оставшиеся без попечения родителей, обучающиеся и студенты из числа детей-сирот и детей, оставшихся без попечения родителей; Дети до 7 лет; Обучающиеся, получающие среднее общее образование, или среднее профессиональное образование по очной форме обучения в государственных образовательных организациях, подведомственных органам исполнительной власти города Москвы, муниципальных образовательных организациях, осуществляющих образовательную деятельность на территории города Москвы; Cопровождающие лица организованных групп обучающихся, получающих среднее общее образование или среднее профессиональное образование по очной форме обучения в государственных образовательных организациях, подведомственных органам исполнительной власти города Москвы, муниципальных образовательных организациях, осуществляющих образовательную деятельность на территории города Москвы. Группы в составе от 8 до 10 обучающихся – 1 сопровождающий, свыше 11 обучающихся – 2 сопровождающих";Музей К. Г. Паустовского (Москва), бесплатный вход;Бесплатно;0;;"при предъявлении документов, подтверждающих льготы; многодетным семьям — при предъявлении удостоверения многодетной семьи РФ или цифрового удостоверения многодетной семьи и паспорта РФ";;http://www.mirpaustowskogo.ru/tickets;2026-10-09T19:33:53.736705+00:00
mirpaustowskogo.ru;Музей К. Г. Паустовского;tickets;Экскурсионный билет (для сборных групп);Музей К. Г. Паустовского (Москва), экскурсионное обслуживание;800 руб.;800;;Входной билет приобретается отдельно;;http://www.mirpaustowskogo.ru/tickets;2026-10-09T19:33:53.736705+00:00
mirpaustowskogo.ru;Музей К. Г. Паустовского;tickets;Экскурсионный групповой билет для школьников (группа до 15 человек);Музей К. Г. Паустовского (Москва), экскурсионное обслуживание;6000 руб.;6000;;Входной билет приобретается отдельно;;http://www.mirpaustowskogo.ru/tickets;2026-10-09T19:33:53.736705+00:00
mirpaustowskogo.ru;Музей К. Г. Паустовского;tickets;Экскурсионный групповой билет для взрослых (группа от 6 до 15 человек);Музей К. Г. Паустовского (Москва), экскурсионное обслуживание;8000 руб.;8000;;Входной билет приобретается отдельно;;http://www.mirpaustowskogo.ru/tickets;2026-10-09T19:33:53.736705+00:00
mirpaustowskogo.ru;Музей К. Г. Паустовского;tickets;Экскурсионный групповой билет для взрослых (группа до 3 человек);Музей К. Г. Паустовского (Москва), экскурсионное обслуживание;3000 руб.;3000;;Входной билет приобретается отдельно;;http://www.mirpaustowskogo.ru/tickets;2026-10-09T19:33:53.736705+00:00
mirpaustowskogo.ru;Музей К. Г. Паустовского;tickets;Экскурсионный групповой билет для взрослых (группа до 5 человек);Музей К. Г. Паустовского (Москва), экскурсионное обслуживание;5000 руб.;5000;;Входной билет приобретается отдельно;;http://www.mirpaustowskogo.ru/tickets;2026-10-09T19:33:53.736705+00:00
mirpaustowskogo.ru;Музей К. Г. Паустовского;tickets;"Герои Советского Союза, Герои Российской Федерации, полные кавалеры ордена Славы; Инвалиды и участники Великой Отечественной войны; Ветераны боевых действий; Лица, награжденные знаком «Жителю блокадного Ленинграда»; Неработающие инвалиды I и II групп и лица, сопровождающие инвалида I и II группы, детей-инвалидов; Дети-инвалиды; Дети-сироты и дети, оставшиеся без попечения родителей; Взрослые посетители, сопровождающие школьную группу в составе от 8 до 10 обучающихся – 1 сопровождающий, свыше 11 обучающихся – 2 сопровождающих";Музей К. Г. Паустовского (Москва), бесплатный экскурсионный билет;Бесплатно;0;;Входной билет приобретается отдельно;;http://www.mirpaustowskogo.ru/tickets;2026-10-09T19:33:53.736705+00:00
mirpaustowskogo.ru;Музей К. Г. Паустовского;tickets;Семейная экскурсия (группа до 5 человек включительно);Музей К. Г. Паустовского (Москва), семейная экскурсия, стоимость входа включена в билет;3500 руб.;3500;;Группа до 5 человек включительно, стоимость входа включена в билет;;http://www.mirpaustowskogo.ru/tickets;2026-10-09T19:33:53.736705+00:00
mirpaustowskogo.ru;Музей К. Г. Паустовского;tickets;Детская экскурсионная интерактивная программа (группа до 15 человек);Музей К. Г. Паустовского (Москва), экскурсионные интерактивные программы;8000 руб.;8000;;Входной билет приобретается отдельно;;http://www.mirpaustowskogo.ru/tickets;2026-10-09T19:33:53.736705+00:00
mirpaustowskogo.ru;Музей К. Г. Паустовского;tickets;Тематические занятия и мастер-классы (для сборных групп);Музей К. Г. Паустовского (Москва), тематические занятия и мастер-классы;600 руб.;600;;Входной билет приобретается отдельно;;http://www.mirpaustowskogo.ru/tickets;2026-10-09T19:33:53.736705+00:00
mirpaustowskogo.ru;Музей К. Г. Паустовского;tickets;Билет на программу «День рождения в музее» (для детей от 7 лет и старше);Музей К. Г. Паустовского (Москва), программа «День рождения в музее»;2000 руб. — cтоимость в выходные и праздничные дни;2000;;"Для детей от 7 лет и старше; Взрослые приобретают входные билеты в музей; в выходные и праздничные дни";;http://www.mirpaustowskogo.ru/tickets;2026-10-09T19:33:53.736705+00:00
mirpaustowskogo.ru;Музей К. Г. Паустовского;tickets;Билет на программу «День рождения в музее» (для детей от 7 лет и старше);Музей К. Г. Паустовского (Москва), программа «День рождения в музее»;1500 руб. — cтоимость в будние дни с понедельника по пятницу;1500;;"Для детей от 7 лет и старше; Взрослые приобретают входные билеты в музей; в будние дни с понедельника по пятницу";;http://www.mirpaustowskogo.ru/tickets;2026-10-09T19:33:53.736705+00:00
mirpaustowskogo.ru;Музей К. Г. Паустовского;tickets;Новогодняя театрализованная экскурсия;Музей К. Г. Паустовского (Москва), новогодняя театрализованная экскурсия;2000 руб.;2000;;None;;http://www.mirpaustowskogo.ru/tickets;2026-10-09T19:33:53.736705+00:00
mirpaustowskogo.ru;Музей К. Г. Паустовского;tickets;Комплексный билет (для сборных групп);Мемориальный дом-музей К. Г. Паустовского в Тарусе, комплексный билет (входной билет и экскурсия);600 руб.;600;;В стоимость включены входной билет и экскурсия;;http://www.mirpaustowskogo.ru/tickets;2026-10-09T19:33:53.736705+00:00
mirpaustowskogo.ru;Музей К. Г. Паустовского;tickets;"Герои Советского Союза, Герои Российской Федерации, полные кавалеры ордена Славы; Инвалиды и участники Великой Отечественной войны; Ветераны боевых действий; Военнослужащие, проходящие военную службу по призыву; Лица, награжденные знаком «Жителю блокадного Ленинграда»; Неработающие инвалиды I и II групп и лица, сопровождающие инвалида I и II группы, детей-инвалидов; Дети-инвалиды; Дети до 7 лет; Дети-сироты и дети, оставшиеся без попечения родителей, обучающиеся и студенты из числа детей-сирот и детей, оставшихся без попечения родителей; Взрослые посетители, сопровождающие школьную группу в составе от 8 до 10 обучающихся – 1 сопровождающий, свыше 11 обучающихся – 2 сопровождающих";Мемориальный дом-музей К. Г. Паустовского в Тарусе, бесплатный комплексный билет (для сборных групп);Бесплатно;0;;В стоимость включены входной билет и экскурсия;;http://www.mirpaustowskogo.ru/tickets;2026-10-09T19:33:53.736705+00:00
mirpaustowskogo.ru;Музей К. Г. Паустовского;tickets;Экскурсионная интерактивная программа (для сборных групп);Мемориальный дом-музей К. Г. Паустовского в Тарусе, экскурсионная интерактивная программа;600 руб.;600;;None;;http://www.mirpaustowskogo.ru/tickets;2026-10-09T19:33:53.736705+00:00
mirpaustowskogo.ru;Музей К. Г. Паустовского;tickets;Экскурсионный групповой билет (для групп до 12 человек);Мемориальный дом-музей К. Г. Паустовского в Тарусе, экскурсионное обслуживание;7200 руб.;7200;;None;;http://www.mirpaustowskogo.ru/tickets;2026-10-09T19:33:53.736705+00:00
mirpaustowskogo.ru;Музей К. Г. Паустовского;tickets;Экскурсионный групповой билет (для групп до 5 человек);Мемориальный дом-музей К. Г. Паустовского в Тарусе, экскурсионное обслуживание;5500 руб.;5500;;None;;http://www.mirpaustowskogo.ru/tickets;2026-10-09T19:33:53.736705+00:00
mirpaustowskogo.ru;Музей К. Г. Паустовского;tickets;Экскурсионная интерактивная программа (для групп до 12 человек);Мемориальный дом-музей К. Г. Паустовского в Тарусе, экскурсионная интерактивная программа;8000 руб.;8000;;None;;http://www.mirpaustowskogo.ru/tickets;2026-10-09T19:33:53.736705+00:00
mirpaustowskogo.ru;Музей К. Г. Паустовского;tickets;Экскурсионная интерактивная программа (для групп до 5 человек);Мемориальный дом-музей К. Г. Паустовского в Тарусе, экскурсионная интерактивная программа;5000 руб.;5000;;None;;http://www.mirpaustowskogo.ru/tickets;2026-10-09T19:33:53.736705+00:00
mirpaustowskogo.ru;Музей К. Г. Паустовского;tickets;Профессиональная фото- и видеосъемка в экспозиции музея 1 час;Музей К. Г. Паустовского (Москва) и Мемориальный дом-музей в Тарусе, прочие услуги;10000 руб.;10000;;Билеты на фотосъемку и видеосъемку на мобильные телефоны и планшеты не требуются;;http://www.mirpaustowskogo.ru/tickets;2026-10-09T19:33:53.736705+00:00
mirpaustowskogo.ru;Музей К. Г. Паустовского;tickets;Выездные лекции;Музей К. Г. Паустовского (Москва) и Мемориальный дом-музей в Тарусе, прочие услуги;4000 руб.;4000;;None;;http://www.mirpaustowskogo.ru/tickets;2026-10-09T19:33:53.736705+00:00
mirpaustowskogo.ru;Музей К. Г. Паустовского;tickets;"Дети в возрасте от 7 до 18 лет включительно; обучающиеся по очной форме обучения в государственных образовательных учреждениях и негосударственных образовательных организациях, имеющих государственную аккредитацию, по программам начального общего, основного общего, среднего (полного) общего образования, обучающиеся по очной форме обучения в государственных образовательных учреждениях и негосударственных образовательных организациях, имеющих государственную аккредитацию, по программам начального профессионального образования, студенты, обучающиеся по очной форме обучения в государственных образовательных учреждениях и негосударственных образовательных организациях, имеющих государственную аккредитацию, по программам среднего и высшего профессионального образования; иностранные студенты, владельцы ISIC (Международное Студенческое Удостоверение); пенсионеры";Музей К.Г.Паустовского, льготный входной билет;200;200;;"В соответствии с утверждённым Перечнем льгот; для получения льготного входного билета посетитель обязан предъявить документ, подтверждающий право на льготу";;https://www.mirpaustowskogo.ru/wp-content/uploads/2026/03/prejskurant-2026-1.pdf;2026-10-09T19:33:53.736705+00:00
mirpaustowskogo.ru;Музей К. Г. Паустовского;tickets;"Инвалиды и участники Великой Отечественной войны; ветераны боевых действий; участники СВО и члены их семей; Герои Советского Союза, Герои Российской Федерации, полные кавалеры ордена Славы; военнослужащие, проходящие военную службу по призыву; лица, награжденные знаком ""Жителю блокадного Ленинграда""; неработающие инвалиды I и II групп; лица, сопровождающие инвалида I и II группы, детей-инвалидов; дети-сироты и дети, оставшиеся без попечения родителей, обучающиеся и студенты из числа детей-сирот и детей, оставшихся без попечения родителей; дети-инвалиды; дети до 7 лет; обучающиеся, получающие среднее общее образование, или среднее профессиональное образование по очной форме обучения в государственных образовательных организациях, подведомственных органам исполнительной власти города Москвы, муниципальных образовательных организациях, осуществляющих образовательную деятельность на территории города Москвы; сотрудники музеев РФ и члены ИКОМ; сопровождающие лица организованных групп обучающихся, получающих среднее общее образование или среднее профессиональное образование по очной форме обучения в государственных образовательных организациях, подведомственных органам исполнительной власти города Москвы, муниципальных образовательных организациях, осуществляющих образовательную деятельность на территории города Москвы. Группы в составе от 8 до 10 обучающихся –1 сопровождающий, свыше 11 обучающихся –2 сопровождающих; многодетные семьи (семьи с тремя и более детьми до достижения младшим из них возраста 16 лет, а обучающимся в образовательном учреждении, реализующем общеобразовательные программы, – 18 лет)";Музей К.Г.Паустовского, входной билет;бесплатно;0;;"В соответствии с утверждённым Перечнем льгот и Указом Президента РФ от 23.01.2024 N 63 ""О мерах социальной поддержки многодетных семей""; для получения бесплатного входного билета посетитель обязан предъявить документ, подтверждающий право на льготу";;https://www.mirpaustowskogo.ru/wp-content/uploads/2026/03/prejskurant-2026-1.pdf;2026-10-09T19:33:53.736705+00:00
mirpaustowskogo.ru;Музей К. Г. Паустовского;free_rules;Все посетители;Музей К. Г. Паустовского в Москве, вход;;;каждый третий четверг месяца;бесплатный входной билет, право не распространяется на экскурсионное обслуживание, дополнительные услуги музея и различные мероприятия;recurring_day;http://www.mirpaustowskogo.ru/tickets;2026-10-09T19:33:53.736705+00:00
mirpaustowskogo.ru;Музей К. Г. Паустовского;free_rules;Участники СВО и члены их семей;вход в музей и на мероприятия;;;постоянно;None;always;http://www.mirpaustowskogo.ru/tickets;2026-10-09T19:33:53.736705+00:00
mirpaustowskogo.ru;Музей К. Г. Паустовского;free_rules;Многодетные семьи — семьи с тремя и более детьми до достижения старшим ребенком возраста 18 лет или возраста 23 лет при условии его обучения в организации, осуществляющей образовательную деятельность по очной форме обучения;экспозиции и выставки музея;;;постоянно;при предъявлении удостоверения многодетной семьи РФ или цифрового удостоверения многодетной семьи;benefit;http://www.mirpaustowskogo.ru/tickets;2026-10-09T19:33:53.736705+00:00
mirpaustowskogo.ru;Музей К. Г. Паустовского;free_rules;Все посетители;бесплатное посещение в режиме самостоятельного осмотра;;;Третий четверг каждого месяца;"Посетителям предоставляется бесплатный входной билет, право не распространяется на экскурсионное обслуживание, дополнительные услуги музея и различные мероприятия; если иное не предусмотрено Департаментом культуры города Москвы";recurring_day;https://www.mirpaustowskogo.ru/wp-content/uploads/2026/03/prejskurant-2026-1.pdf;2026-10-09T19:33:53.736705+00:00
mos.ru;Дом А. Ф. Лосева;tickets;все посетители;Постоянная экспозиция музея «Дом Лосева»;от 150 ₽;;;12+;;https://bilet.mos.ru/venues/204211/;2026-10-09T19:34:04.371590+00:00
mos.ru;Дом А. Ф. Лосева;tickets;все посетители;Комплексный билет на посещение постоянной экспозиции и выставки «Семья Тахо-Годи: лица, культуры и судьбы»;от 300 ₽;;;12+;;https://bilet.mos.ru/venues/204211/;2026-10-09T19:34:04.371590+00:00
mos.ru;Дом А. Ф. Лосева;tickets;все посетители;Выставка «Семья Тахо-Годи: лица, культуры и судьбы»;от 150 ₽;;;12+;;https://bilet.mos.ru/venues/204211/;2026-10-09T19:34:04.371590+00:00
mos.ru;Дом А. Ф. Лосева;tickets;для одного — двух человек;Экскурсия по постоянной экспозиции Дома А.Ф. Лосева;от 500 ₽;;;12+;;https://bilet.mos.ru/venues/204211/;2026-10-09T19:34:04.371590+00:00
mos.ru;Дом А. Ф. Лосева;tickets;для группы из трех — пяти человек;Экскурсия по постоянной экспозиции Дома А.Ф. Лосева;от 800 ₽;;;12+;;https://bilet.mos.ru/venues/204211/;2026-10-09T19:34:04.371590+00:00
mos.ru;Дом А. Ф. Лосева;tickets;для группы из шести — 10 человек;Экскурсия по постоянной экспозиции Дома А.Ф. Лосева;от 1500 ₽;;;12+;;https://bilet.mos.ru/venues/204211/;2026-10-09T19:34:04.371590+00:00
mos.ru;Дом А. Ф. Лосева;tickets;все посетители;Сборная экскурсия по мемориальному музею А.Ф. Лосева;от 400 ₽;;;12+;;https://bilet.mos.ru/venues/204211/;2026-10-09T19:34:04.371590+00:00
mos.ru;Дом А. Ф. Лосева;tickets;все посетители;Экскурсия «Дом, где жил архитектор»;от 700 ₽;;;12+;;https://bilet.mos.ru/venues/204211/;2026-10-09T19:34:04.371590+00:00
mos.ru;Дом А. Ф. Лосева;tickets;все посетители;Экскурсия по выставке «Семья Тахо-Годи: лица, культуры и судьбы»;от 400 ₽;;;12+;;https://bilet.mos.ru/venues/204211/;2026-10-09T19:34:04.371590+00:00
mos.ru;Дом А. Ф. Лосева;tickets;все посетители;Цикл встреч с философией Мераба Мамардашвили;от 1200 ₽;;;16+;;https://bilet.mos.ru/venues/204211/;2026-10-09T19:34:04.371590+00:00
mos.ru;Дом А. Ф. Лосева;tickets;все посетители;Концерт камерной музыки;от 250 ₽;;;12+;;https://bilet.mos.ru/venues/204211/;2026-10-09T19:34:04.371590+00:00
mos.ru;Дом А. Ф. Лосева;tickets;все посетители;Концерт «Несказанное упоение — опера»;от 250 ₽;;;12+;;https://bilet.mos.ru/venues/204211/;2026-10-09T19:34:04.371590+00:00
mos.ru;Дом А. Ф. Лосева;tickets;все посетители;Встречи «Книгопутешествие. История пушкинских текстов»;от 250 ₽;;;14+;;https://bilet.mos.ru/venues/204211/;2026-10-09T19:34:04.371590+00:00
mos.ru;Дом А. Ф. Лосева;tickets;все посетители;Концерт пианиста Рината Зилеева;от 250 ₽;;;12+;;https://bilet.mos.ru/venues/204211/;2026-10-09T19:34:04.371590+00:00
mos.ru;Дом А. Ф. Лосева;tickets;все посетители;Встречи «Клуб любителей российской истории, философии и словесности»;от 250 ₽;;;16+;;https://bilet.mos.ru/venues/204211/;2026-10-09T19:34:04.371590+00:00
mos.ru;Дом А. Ф. Лосева;tickets;все посетители;Концерт «Вечер фортепианной музыки»;от 250 ₽;;;12+;;https://bilet.mos.ru/venues/204211/;2026-10-09T19:34:04.371590+00:00
mos.ru;Дом А. Ф. Лосева;tickets;все посетители;Лекции «Лаборатория Тарковского»;от 250 ₽;;;16+;;https://bilet.mos.ru/venues/204211/;2026-10-09T19:34:04.371590+00:00
mos.ru;Дом А. Ф. Лосева;free_rules;все посетители;постоянная экспозиция музея;;;Каждую третью среду месяца;"Регистрация с Mos ID; 12+";recurring_day;https://bilet.mos.ru/event/97981257/;2026-10-09T19:34:04.371590+00:00
mos.ru;Дом А. Ф. Лосева;free_rules;все посетители;Встречи «Русская усадьба в мировом контексте»;;;13 октября;16+;dated_event;https://bilet.mos.ru/venues/204211/;2026-10-09T19:34:04.371590+00:00
mos.ru;Дом А. Ф. Лосева;free_rules;все посетители;Выставки «Семья Тахо-годи: лица, культуры и судьбы»;;;14 октября;"Регистрация с Mos ID; 12+";dated_event;https://bilet.mos.ru/venues/204211/;2026-10-09T19:34:04.371590+00:00
mos.ru;Дом А. Ф. Лосева;free_rules;все посетители;День бесплатного посещения экспозиции Дома А.Ф. Лосева;;;14 октября;"Регистрация с Mos ID; 12+";dated_event;https://bilet.mos.ru/venues/204211/;2026-10-09T19:34:04.371590+00:00
mos.ru;Дом А. Ф. Лосева;free_rules;все посетители;Концерты «Золото осени»;;;17 октября;16+;dated_event;https://bilet.mos.ru/venues/204211/;2026-10-09T19:34:04.371590+00:00
mos.ru;Дом А. Ф. Лосева;free_rules;все посетители;Лекции «Путь к вере»;;;24 октября;12+;dated_event;https://bilet.mos.ru/venues/204211/;2026-10-09T19:34:04.371590+00:00
moscowarmsmuseum.ru;Музей оружия;tickets;взрослые (полный билет);Музей, входной билет;500 ₽;500;;"Продажа билетов в кассе музея; онлайн оплата временно недоступна; входной билет предполагает однократное посещение Музея; Пушкинская карта не действует";;https://moscowarmsmuseum.ru/bilety;2026-10-09T19:34:07.970461+00:00
moscowarmsmuseum.ru;Музей оружия;tickets;члены всероссийского военно-патриотического общественного движения Юнармия, студенты, курсанты, многодетные семьи, военнослужащие и работники правоохранительных органов;Музей, льготный билет;300 ₽;300;;При предъявлении удостоверения;;https://moscowarmsmuseum.ru/bilety;2026-10-09T19:34:07.970461+00:00
moscowarmsmuseum.ru;Музей оружия;tickets;Дети до 6 лет, инвалиды, Ветераны боевых действий;Музей, входной билет;Бесплатно;0;;При предъявлении удостоверения;;https://moscowarmsmuseum.ru/bilety;2026-10-09T19:34:07.970461+00:00
moscowarmsmuseum.ru;Музей оружия;tickets;организованная группа от 5 до 15 человек;Экскурсия, обзорная;800 ₽/чел.;800;;"Для организованной группы от 5 до 15 человек; продолжительность ≈ 1,5 часа";;https://moscowarmsmuseum.ru/bilety;2026-10-09T19:34:07.970461+00:00
moscowarmsmuseum.ru;Музей оружия;tickets;участники мастер-класса (с человека);Мастер-класс по сборке-разборке оружия;300 ₽/чел.;300;;Время занятия 40–60 мин;;https://moscowarmsmuseum.ru/bilety;2026-10-09T19:34:07.970461+00:00
moscowarmsmuseum.ru;Музей оружия;tickets;полный билет;Музей, входной билет;500 рублей;500;;"Купить билет можно в кассе музея; можно оплатить банковскими картами; онлайн оплата временно недоступна";;https://moscowarmsmuseum.ru/visitors;2026-10-09T19:34:07.970461+00:00
moscowarmsmuseum.ru;Музей оружия;free_rules;Дети до 6 лет, инвалиды, Ветераны боевых действий;Музей, входной билет;;;при предъявлении удостоверения;При предъявлении удостоверения;benefit;https://moscowarmsmuseum.ru/bilety;2026-10-09T19:34:07.970461+00:00
moscowarmsmuseum.ru;Музей оружия;free_rules;один сопровождающий группы детей школьного возраста;организованная экскурсия для детей школьного возраста;;;в случае проведения организованной экскурсии для детей школьного возраста в будний день;"Минимальное число сопровождающих — 1; в выходные и праздничные дни все участники экскурсий, в т. ч. сопровождающие, должны приобрести билет";benefit;https://moscowarmsmuseum.ru/visitors;2026-10-09T19:34:07.970461+00:00
moscowarmsmuseum.ru;Музей оружия;free_rules;Отдельные категории граждан, предусмотренные действующим законодательством РФ;Музей;;;в случаях, предусмотренных действующим законодательством РФ;При посещении Музея указанные категории граждан должны предъявить соответствующие документы и получить бесплатный (льготный) билет на посещение Музея;benefit;https://moscowarmsmuseum.ru/visitors;2026-10-09T19:34:07.970461+00:00
mosmetro.ru;Музей Московского метрополитена;free_rules;посетители;Центр профессионального развития молодёжи Московского транспорта и музей метро;;;бесплатные экскурсии об истории и работе Московского транспорта;;always;https://mosmetro.ru/passengers/services/career-guidance-center;2026-10-09T19:34:13.577764+00:00
mosmetro.ru;Музей Московского метрополитена;free_rules;подростки и молодёжь;Центр профессионального развития молодёжи Московского транспорта и музей метро;;;бесплатная профориентационная диагностика подростков и молодёжи;;always;https://mosmetro.ru/passengers/services/career-guidance-center;2026-10-09T19:34:13.577764+00:00
mosmuseumussr.ru;Музей СССР;tickets;Участники олимпиады, студенты, школьники, пенсионеры;входной билет в музей;600 руб.;600;;Запись на экскурсии по телефону: +7 (980) 217-47-07;;https://mosmuseumussr.ru/;2026-10-09T19:34:13.909712+00:00
mosmuseumussr.ru;Музей СССР;tickets;Экскурсия для школьников;экскурсия, входной билет входит в стоимость;950 руб/человек;950;;входной билет входит в стоимость;;https://mosmuseumussr.ru/;2026-10-09T19:34:13.909712+00:00
mosmuseumussr.ru;Музей СССР;tickets;Индивидуальная экскурсия;экскурсия, входной билет не входит;500 рублей с человека + входной билет;500;;Минимальная стоимость экскурсии 1500 руб + входной билет;;https://mosmuseumussr.ru/;2026-10-09T19:34:13.909712+00:00
mosmuseumussr.ru;Музей СССР;tickets;Интерактивные программы для школьников;интерактивная программа: экскурсия по музею, урок чистописания, просмотр диафильмов;1500 руб;1500;;Продолжительность 45-80 минут. Программа и длительность обсуждаются заранее. Все подробности по телефону: +7 (980) 217-47-07;;https://mosmuseumussr.ru/;2026-10-09T19:34:13.909712+00:00
msk.musbot.ru;Музей Восстания Машин;tickets;детский билет (действует с 2-х до 10-ти лет включительно);входной билет в музей, будние дни, касса музея;1 400 руб.;1400;;"будние дни; стоимость на кассе музея";;https://msk.musbot.ru/buy-ticket/;2026-10-09T19:34:16.147657+00:00
msk.musbot.ru;Музей Восстания Машин;tickets;взрослый билет (с 11-ти лет);входной билет в музей, будние дни, касса музея;1 600 руб.;1600;;"будние дни; стоимость на кассе музея";;https://msk.musbot.ru/buy-ticket/;2026-10-09T19:34:16.147657+00:00
msk.musbot.ru;Музей Восстания Машин;tickets;детский билет (действует с 2-х до 10-ти лет включительно);входной билет в музей, выходные, праздничные и каникулярные дни, касса музея;1 600 руб.;1600;;"выходные, праздничные и каникулярные дни; стоимость на кассе музея";;https://msk.musbot.ru/buy-ticket/;2026-10-09T19:34:16.147657+00:00
msk.musbot.ru;Музей Восстания Машин;tickets;взрослый билет (с 11-ти лет);входной билет в музей, выходные, праздничные и каникулярные дни, касса музея;1900 руб.;1900;;"выходные, праздничные и каникулярные дни; стоимость на кассе музея";;https://msk.musbot.ru/buy-ticket/;2026-10-09T19:34:16.147657+00:00
msk.musbot.ru;Музей Восстания Машин;tickets;фото-видеосъёмка;фото-видеосъёмка в музее;100 руб.;100;;оплачивается отдельно;;https://msk.musbot.ru/buy-ticket/;2026-10-09T19:34:16.147657+00:00
msk.musbot.ru;Музей Восстания Машин;free_rules;дети до 2-х лет;входной билет в музей;;;постоянно;при предъявлении свидетельства о рождении;always;https://msk.musbot.ru/buy-ticket/;2026-10-09T19:34:16.147657+00:00
msk.musbot.ru;Музей Восстания Машин;free_rules;ребенок-инвалид;входной билет в музей;;;постоянно;сопровождающий ребенка-инвалида приобретает взрослый входной билет;always;https://msk.musbot.ru/buy-ticket/;2026-10-09T19:34:16.147657+00:00
msk.musbot.ru;Музей Восстания Машин;free_rules;ребенок-инвалид колясочник/ДЦП;входной билет в музей;;;постоянно;"сопровождающий получает скидку 50% на входной билет; сообщите заранее о визите";always;https://msk.musbot.ru/buy-ticket/;2026-10-09T19:34:16.147657+00:00
moscowmanege.ru;Музей-мастерская народного художника СССР Д.А. Налбандяна;free_rules;Ветераны Великой Отечественной войны и приравненные к ним категории. Ветераны боевых действий. Инвалиды Великой Отечественной Войны и инвалиды боевых действий. Лица, награжденные медалью “За оборону Ленинграда” или знаком “Жителю блокадного Ленинграда”, “Жителю осажденного Севастополя”, “Жителю осажденного Сталинграда”.;специальная категория (бесплатное посещение);;;бесплатное посещение;;always;https://moscowmanege.ru/ru/mvo-manezh/lgotnye-kategorii/;2026-10-09T19:34:11.050340+00:00
moscowmanege.ru;Музей-мастерская народного художника СССР Д.А. Налбандяна;free_rules;Военнослужащие срочной службы (проходящие военную службу по призыву).;специальная категория (бесплатное посещение);;;бесплатное посещение;;always;https://moscowmanege.ru/ru/mvo-manezh/lgotnye-kategorii/;2026-10-09T19:34:11.050340+00:00
moscowmanege.ru;Музей-мастерская народного художника СССР Д.А. Налбандяна;free_rules;Герои Советского Союза, Герои Российской Федерации, полные кавалеры орденов Славы.;специальная категория (бесплатное посещение);;;бесплатное посещение;;always;https://moscowmanege.ru/ru/mvo-manezh/lgotnye-kategorii/;2026-10-09T19:34:11.050340+00:00
moscowmanege.ru;Музей-мастерская народного художника СССР Д.А. Налбандяна;free_rules;Члены семей лиц, призванных на военную службу по мобилизации, или лиц, принимающих (принимавших) участие в специальной военной операции (СВО).;специальная категория (бесплатное посещение);;;бесплатное посещение;;always;https://moscowmanege.ru/ru/mvo-manezh/lgotnye-kategorii/;2026-10-09T19:34:11.050340+00:00
moscowmanege.ru;Музей-мастерская народного художника СССР Д.А. Налбандяна;free_rules;Дети до 7 лет.;специальная категория (бесплатное посещение);;;бесплатное посещение;;always;https://moscowmanege.ru/ru/mvo-manezh/lgotnye-kategorii/;2026-10-09T19:34:11.050340+00:00
moscowmanege.ru;Музей-мастерская народного художника СССР Д.А. Налбандяна;free_rules;Дети в возрасте от 7 до 18 лет;специальная категория (бесплатное посещение);;;первая среда каждого месяца;;recurring_day;https://moscowmanege.ru/ru/mvo-manezh/lgotnye-kategorii/;2026-10-09T19:34:11.050340+00:00
moscowmanege.ru;Музей-мастерская народного художника СССР Д.А. Налбандяна;free_rules;Дети-инвалиды.;специальная категория (бесплатное посещение);;;бесплатное посещение;;always;https://moscowmanege.ru/ru/mvo-manezh/lgotnye-kategorii/;2026-10-09T19:34:11.050340+00:00
moscowmanege.ru;Музей-мастерская народного художника СССР Д.А. Налбандяна;free_rules;Сопровождающий детей-инвалидов.;специальная категория (бесплатное посещение);;;бесплатное посещение;;always;https://moscowmanege.ru/ru/mvo-manezh/lgotnye-kategorii/;2026-10-09T19:34:11.050340+00:00
moscowmanege.ru;Музей-мастерская народного художника СССР Д.А. Налбандяна;free_rules;Дети сироты и дети, оставшиеся без попечения родителей, обучающиеся и студенты из числа детей-сирот и детей оставшихся без попечения родителей.;специальная категория (бесплатное посещение);;;бесплатное посещение;;always;https://moscowmanege.ru/ru/mvo-manezh/lgotnye-kategorii/;2026-10-09T19:34:11.050340+00:00
moscowmanege.ru;Музей-мастерская народного художника СССР Д.А. Налбандяна;free_rules;Сопровождающий детей-сирот и детей, оставшихся без попечения родителей, воспитанников детских домов.;специальная категория (бесплатное посещение);;;бесплатное посещение;;always;https://moscowmanege.ru/ru/mvo-manezh/lgotnye-kategorii/;2026-10-09T19:34:11.050340+00:00
moscowmanege.ru;Музей-мастерская народного художника СССР Д.А. Налбандяна;free_rules;Инвалиды I и II групп.;специальная категория (бесплатное посещение);;;бесплатное посещение;;always;https://moscowmanege.ru/ru/mvo-manezh/lgotnye-kategorii/;2026-10-09T19:34:11.050340+00:00
moscowmanege.ru;Музей-мастерская народного художника СССР Д.А. Налбандяна;free_rules;Сопровождающий инвалида I и II групп.;специальная категория (бесплатное посещение);;;бесплатное посещение;;always;https://moscowmanege.ru/ru/mvo-manezh/lgotnye-kategorii/;2026-10-09T19:34:11.050340+00:00
moscowmanege.ru;Музей-мастерская народного художника СССР Д.А. Налбандяна;free_rules;Престарелые граждане, находящиеся в домах-интернатах для инвалидов и престарелых.;специальная категория (бесплатное посещение);;;бесплатное посещение;;always;https://moscowmanege.ru/ru/mvo-manezh/lgotnye-kategorii/;2026-10-09T19:34:11.050340+00:00
moscowmanege.ru;Музей-мастерская народного художника СССР Д.А. Налбандяна;free_rules;Сопровождающий престарелых граждан, находящихся в домах – интернатах для инвалидов и престарелых.;специальная категория (бесплатное посещение);;;бесплатное посещение;;always;https://moscowmanege.ru/ru/mvo-manezh/lgotnye-kategorii/;2026-10-09T19:34:11.050340+00:00
moscowmanege.ru;Музей-мастерская народного художника СССР Д.А. Налбандяна;free_rules;Сопровождающий на группу от 15 человек, обучающихся по очной форме обучения в государственных образовательных учреждениях и негосударственных образовательных организациях, имеющих государственную аккредитацию, по программам начального общего, основного общего, среднего (полного) общего, начального, среднего или высшего профессионального образования.;специальная категория (бесплатное посещение);;;бесплатное посещение;;always;https://moscowmanege.ru/ru/mvo-manezh/lgotnye-kategorii/;2026-10-09T19:34:11.050340+00:00
moscowmanege.ru;Музей-мастерская народного художника СССР Д.А. Налбандяна;free_rules;Сопровождающие организованных групп обучающихся, получающих среднее общее образование или среднее профессиональное образование по очной форме обучения в государственных образовательных организациях, подведомственных органам исполнительной власти города Москвы, муниципальных или частных образовательных организациях, осуществляющих образовательную деятельность на территории города Москвы в составе от 8 до 10 обучающихся – 1 сопровождающий, свыше 11 обучающих – 2 сопровождающих.;специальная категория (бесплатное посещение);;;бесплатное посещение;;always;https://moscowmanege.ru/ru/mvo-manezh/lgotnye-kategorii/;2026-10-09T19:34:11.050340+00:00
moscowmanege.ru;Музей-мастерская народного художника СССР Д.А. Налбандяна;free_rules;Многодетные семьи – семьи с тремя и более детьми до достижения младшим ребенком возраста 18 или возраста 23 лет при условии его обучения в организации, осуществляющей образовательную деятельность.;специальная категория (бесплатное посещение);;;бесплатное посещение;;always;https://moscowmanege.ru/ru/mvo-manezh/lgotnye-kategorii/;2026-10-09T19:34:11.050340+00:00
moscowmanege.ru;Музей-мастерская народного художника СССР Д.А. Налбандяна;free_rules;Активный гражданин.;специальная категория (бесплатное посещение);;;бесплатное посещение;;always;https://moscowmanege.ru/ru/mvo-manezh/lgotnye-kategorii/;2026-10-09T19:34:11.050340+00:00
moscowmanege.ru;Музей-мастерская народного художника СССР Д.А. Налбандяна;free_rules;Сотрудники музеев.;специальная категория (бесплатное посещение);;;бесплатное посещение;;always;https://moscowmanege.ru/ru/mvo-manezh/lgotnye-kategorii/;2026-10-09T19:34:11.050340+00:00
moscowmanege.ru;Музей-мастерская народного художника СССР Д.А. Налбандяна;free_rules;Ученики московских школ и колледжей;Проект «МУЗЕИ — ДЕТЯМ»;;;бесплатный входной билет;Оформить билет можно только в кассе, при предъявлении карты учащегося.;benefit;https://moscowmanege.ru/ru/;2026-10-09T19:34:11.050340+00:00
moscowmanege.ru;Музей-мастерская народного художника СССР Д.А. Налбандяна;free_rules;Участники СВО, а также члены их семьи;выставка;;;бесплатный билет на выставку;получить бесплатный билет на выставку в кассе Манежа;benefit;https://moscowmanege.ru/ru/;2026-10-09T19:34:11.050340+00:00
mozg.moscow;Интерактивный музей мозга;tickets;дети от 5 до 13 лет (при предъявлении ученического / паспорта);Музей Мозга, входной билет, будний день;1400 р.;1400;;"будний день; при предъявлении ученического / паспорта; дети до 14 лет только вместе со взрослыми, для сопровождающего тоже нужно купить билет";;https://mozg.moscow/;2026-10-09T19:34:15.418348+00:00
mozg.moscow;Интерактивный музей мозга;tickets;Для двух взрослых и ребенка или для одного взрослого и двух детей: 3 родственника;Музей Мозга, входной билет, будний день;4300 р.;4300;;"будний день; 3 родственника";;https://mozg.moscow/;2026-10-09T19:34:15.418348+00:00
mozg.moscow;Интерактивный музей мозга;tickets;от 14 лет +;Музей Мозга, входной билет, будний день;1600 р.;1600;;будний день;;https://mozg.moscow/;2026-10-09T19:34:15.418348+00:00
mozg.moscow;Интерактивный музей мозга;tickets;дети от 5 до 13 лет (при предъявлении ученического / паспорта);Музей Мозга, входной билет, выходной день;1600 р.;1600;;"выходной день; при предъявлении ученического / паспорта; дети до 14 лет только вместе со взрослыми, для сопровождающего тоже нужно купить билет";;https://mozg.moscow/;2026-10-09T19:34:15.418348+00:00
mozg.moscow;Интерактивный музей мозга;tickets;Для двух взрослых и ребенка или для одного взрослого и двух детей: 3 родственника;Музей Мозга, входной билет, выходной день;4600 р.;4600;;"выходной день; 3 родственника";;https://mozg.moscow/;2026-10-09T19:34:15.418348+00:00
mozg.moscow;Интерактивный музей мозга;tickets;от 14 лет +;Музей Мозга, входной билет, выходной день;1800 р.;1800;;выходной день;;https://mozg.moscow/;2026-10-09T19:34:15.418348+00:00
mozg.moscow;Интерактивный музей мозга;free_rules;САМЫМ НАШИМ МАЛЕНЬКИМ ПОСЕТИТЕЛЯМ ОТ 0 ДО 4 ЛЕТ;Музей Мозга;;;САМЫМ НАШИМ МАЛЕНЬКИМ ПОСЕТИТЕЛЯМ ОТ 0 ДО 4 ЛЕТ БЕСПЛАТНО;дети от 0 до 4 лет;always;https://mozg.moscow/;2026-10-09T19:34:15.418348+00:00
msk.smile-park.ru;Smile Park на ВДНХ, музей иллюзий;tickets;взрослые, дети, туристы;Смайл Парк Москва, входной билет;от 990 ₽;;;"Купить билет от 990 ₽; подходит детям, взрослым и туристам";;https://msk.smile-park.ru/;2026-10-09T19:34:17.831225+00:00
msk.smile-park.ru;Smile Park на ВДНХ, музей иллюзий;free_rules;дети до 4 лет включительно;Смайл Парк Москва, посещение;;;постоянно;Дети до 4 лет включительно — бесплатно, до 14 лет — со взрослым;always;https://msk.smile-park.ru/;2026-10-09T19:34:17.831225+00:00
muar.ru;Государственный музей архитектуры им. А.В. Щусева;tickets;Взрослые (полная стоимость);Входной билет: все постоянные экспозиции и временные выставки Музея;550 ₽;550;;Входной билет даёт право посещения всех постоянных экспозиций и временных выставок Музея;;https://muar.ru/posetitelyam/bilety-rezhim-raboty/;2026-10-09T19:34:18.851750+00:00
muar.ru;Государственный музей архитектуры им. А.В. Щусева;tickets;школьники, студенты Государственных вузов и ссузов РФ очной формы обучения, пенсионеры-граждане Российской Федерации;Льготный входной билет: все постоянные экспозиции и временные выставки Музея;300 ₽;300;;Льготный входной билет;;https://muar.ru/posetitelyam/bilety-rezhim-raboty/;2026-10-09T19:34:18.851750+00:00
muar.ru;Государственный музей архитектуры им. А.В. Щусева;tickets;"Лица до 6 лет включительно независимо от гражданства; Студенты архитектурных, строительных и художественных высших и средних специальных учебных заведений РФ очной формы обучения; Студенты, обучающиеся в вузах РФ по программе искусствоведения и истории искусств дневной, вечерней и очно-заочной формы обучения; Солдаты и матросы срочной службы; Сотрудники музеев Российской Федерации; Члены творческих Союзов художников, архитекторов, дизайнеров, реставраторов, искусствоведов и члены Российской академии художеств; Члены Международного совета музеев (ICOM); Герои Советского Союза; Герои Российской Федерации, полные кавалеры ордена Славы, Герои социалистического Труда, полные кавалеры ордена Трудовой Славы, ветераны Великой Отечественной войны и лица к ним приравненные, инвалиды Великой Отечественной войны, инвалиды I и II группы, а также сопровождающие их лица; дети-инвалиды, а также сопровождающие их лица; участники боевых действий; участники СВО, их супруги и дети в возрасте до 18 лет; Члены Российского военно-исторического общества; Члены Общественного совета при Минкультуры России, члены многодетных семей";Бесплатный входной билет: все постоянные экспозиции и временные выставки Музея;0 ₽;0;;Бесплатный входной билет можно получить только в кассе музея, при предъявлении документа, подтверждающего право на льготу;;https://muar.ru/posetitelyam/bilety-rezhim-raboty/;2026-10-09T19:34:18.851750+00:00
muar.ru;Государственный музей архитектуры им. А.В. Щусева;tickets;Взрослые (полная стоимость);Лекция: разовый билет;500 ₽;500;;Стоимость разового билета на лекцию;;https://muar.ru/posetitelyam/bilety-rezhim-raboty/;2026-10-09T19:34:18.851750+00:00
muar.ru;Государственный музей архитектуры им. А.В. Щусева;tickets;Все посетители;Лекция: билет на онлайн-трансляцию;500 ₽;500;;Стоимость билета на онлайн-трансляцию лекции;;https://muar.ru/posetitelyam/bilety-rezhim-raboty/;2026-10-09T19:34:18.851750+00:00
muar.ru;Государственный музей архитектуры им. А.В. Щусева;tickets;Взрослые (полная стоимость);Экскурсионный билет по выставке музея;450 ₽;450;;Стоимость экскурсионного билета по выставке музея;;https://muar.ru/posetitelyam/bilety-rezhim-raboty/;2026-10-09T19:34:18.851750+00:00
muar.ru;Государственный музей архитектуры им. А.В. Щусева;tickets;Взрослые (полная стоимость);Экскурсионный билет на пешеходную экскурсию по городу;900 ₽;900;;Стоимость экскурсионного билета на пешеходную экскурсию по городу;;https://muar.ru/posetitelyam/bilety-rezhim-raboty/;2026-10-09T19:34:18.851750+00:00
muar.ru;Государственный музей архитектуры им. А.В. Щусева;tickets;Взрослые (полная стоимость);Творческое занятие: разовый билет;1000 ₽;1000;;Стоимость разового билета на творческое занятие;;https://muar.ru/posetitelyam/bilety-rezhim-raboty/;2026-10-09T19:34:18.851750+00:00
muar.ru;Государственный музей архитектуры им. А.В. Щусева;free_rules;"Лица не достигшие 18 лет; Студенты вузов, обучающиеся по основным профессиональным образовательным программам, а также курсанты военных училищ";день бесплатного посещения;;;Последняя среда каждого месяца;В случае если последняя среда месяца выпадает на нерабочий для экспозиции музея день, день бесплатного посещения переносится на следующий рабочий день экспозиции;recurring_day;https://muar.ru/posetitelyam/bilety-rezhim-raboty/;2026-10-09T19:34:18.851750+00:00
museum-vnukovo.ru;Музей истории района Внуково;free_rules;Школьники и студенты колледжей;музей;;;бесплатно;по карте «Москвенок» или по социальной карте при условии их успешной валидации, а также по предъявлению документа, удостоверяющего принадлежность к образовательной организации, подведомственной органам исполнительной власти г. Москвы, муниципальной образовательной организации, осуществляющей образовательную деятельность на территории г. Москвы (справка об обучении в школе, в том числе из дневника МЭШ — Московской электронной школы). Копия указанного документа остается в музее. При отсутствии или отрицательном ответе по результатам верификации социальной карты москвича или идентификатора Информационной системы «Москвенок», а также при отсутствии справки об обучении в школе обучающийся приобретает входной билет.;benefit;https://museum-vnukovo.ru:443/museum/rules/;2026-10-09T19:34:23.561155+00:00
museum-vnukovo.ru;Музей истории района Внуково;free_rules;"пенсионеры; Инвалиды Великой Отечественной войны; Участники Великой Отечественной войны; Ветераны боевых действий; Лица, награжденные знаком «Жителю блокадного Ленинграда», знаком «Житель осажденного Севастополя», знаком Житель осажденного Сталинграда»; Герои СССР, Герои РФ, полные кавалеры ордена Славы; дети лиц, призванных на военную службу по мобилизации; дети военнослужащих, погибших при исполнении обязанностей военной службы (служебных обязанностей); дети до 7 лет (не достигшие семилетнего возраста); дети-сироты и дети, оставшиеся без попечения родителей; обучающиеся лица из числа детей-сирот и детей, оставшихся без попечения родителей; дети-инвалиды; неработающие инвалиды I и II группы; обучающиеся, получающие среднее общее образование или среднее профессиональное образование по очной форме обучения в государственных образовательных организациях, подведомственных органам исполнительной власти г. Москвы, муниципальных образовательных организациях, осуществляющих образовательную деятельность на территории г. Москвы, по карте «Москвенок» или по социальной карте при условии их успешной валидации; частных образовательных организациях, осуществляющих образовательную деятельность на территории г. Москвы, по предъявлению документа, удостоверяющего принадлежность обучающегося к образовательной организации; сопровождающие лица организованных групп обучающихся, получающих среднее общее образование или среднее профессиональное образование по очной форме обучения в государственных о";музей;;;бесплатно;"при предъявлении соответствующего документа; оформляют бесплатный входной билет на сайте музея или по QR-коду при входе в музей";benefit;https://museum-vnukovo.ru:443/museum/rules/;2026-10-09T19:34:23.561155+00:00
museum-vnukovo.ru;Музей истории района Внуково;free_rules;"дети в возрасте от 7 до 18 лет; обучающиеся по основным профессиональным образовательным программам (студенты колледжей); многодетные семьи";"государственные музеи; Музей истории района Внуково";;;"один раз в месяц; в Музее истории района Внуково днем бесплатного посещения является среда третьей недели месяца";право бесплатного посещения государственных музеев один раз в месяц;recurring_day;https://museum-vnukovo.ru:443/museum/rules/;2026-10-09T19:34:23.561155+00:00
museum-vnukovo.ru;Музей истории района Внуково;free_rules;все категории граждан;музей;;;в среду третьей недели каждого месяца;;recurring_day;https://museum-vnukovo.ru:443/museum/rules/;2026-10-09T19:34:23.561155+00:00
museum-vnukovo.ru;Музей истории района Внуково;free_rules;все категории посетителей;Музей истории района Внуково;;;"в среду третьей недели месяца; В 2026 г. бесплатное посещение доступно в следующие даты: 16 сентября, 14 октября, 11 ноября и 16 декабря";Для бесплатного посещения необходимо зарегистрироваться по ссылке и выбрать вкладку «Акция»;recurring_day;https://museum-vnukovo.ru:443/museum/rules/;2026-10-09T19:34:23.561155+00:00
museum-vnukovo.ru;Музей истории района Внуково;free_rules;школьники или студенты колледжей в составе организованной группы;"музей; самостоятельный осмотр экспозиций и выставок";;;бесплатно;при предъявлении и успешной верификации социальной карты москвича или идентификатора Информационной системы «Москвенок», или при предъявлении документа, удостоверяющего принадлежность к образовательной организации, каждым участником организованной группы. Сопровождающие лица предъявляют документ, подтверждающий право на сопровождение организованной группы (приказ или распоряжение, выданный образовательной организацией), а также документ, удостоверяющий личность. Приказ на выход обучающихся (оригинал или копию) необходимо предоставлять на бумажном носителе. В электронном формате документ не принимается. Экскурсионные билеты оплачиваются для каждого участника экскурсии (школьников, студентов колледжей, сопровождающих) согласно прейскуранту учреждения. Присутствие сопровождающего организованной группы на экскурсии обязательно!;benefit;https://museum-vnukovo.ru:443/museum/rules/;2026-10-09T19:34:23.561155+00:00
museum-vnukovo.ru;Музей истории района Внуково;free_rules;сопровождающие лица организованных групп обучающихся;"музей; самостоятельный осмотр экспозиций и выставок";;;бесплатно;При сопровождении организованной группы в составе от 8 до 10 человек обучающихся бесплатное посещение предоставляется одному сопровождающему лицу, в составе от 11 человек до 15 обучающихся — двум сопровождающим лицам. Экскурсионные билеты оплачиваются для каждого участника экскурсии (школьников, студентов колледжей, сопровождающих) согласно прейскуранту учреждения. Присутствие сопровождающего организованной группы на экскурсии обязательно!;benefit;https://museum-vnukovo.ru:443/museum/rules/;2026-10-09T19:34:23.561155+00:00
museum.cbr.ru;Выставочный зал музейно-экспозиционного фонда Банка России;free_rules;все посетители;экскурсии в музее;;;Все экскурсии в музее полностью бесплатны для всех посетителей;"Посетить музей можно, только записавшись на экскурсию; нужна предварительная запись; необходимо иметь при себе оригинал паспорта гражданина Российской Федерации; посетители 14+ должны иметь при себе оригинал документа, удостоверяющего личность";always;https://museum.cbr.ru/visit/;2026-10-09T19:34:24.868556+00:00
mosparks.ru;Музей истории военно-морского флота;tickets;Взрослый билет;Подводная лодка Б-396, индивидуальное посещение в режиме самостоятельного осмотра;550 руб.;550;;Индивидуальное посещение в режиме самостоятельного осмотра;;https://mosparks.ru/places/severnoe-tushino/vmf-museum;2026-10-09T19:34:13.944063+00:00
mosparks.ru;Музей истории военно-морского флота;tickets;Льготный билет;Подводная лодка Б-396, индивидуальное посещение в режиме самостоятельного осмотра;275 руб.;275;;Индивидуальное посещение в режиме самостоятельного осмотра;;https://mosparks.ru/places/severnoe-tushino/vmf-museum;2026-10-09T19:34:13.944063+00:00
mosparks.ru;Музей истории военно-морского флота;tickets;Детский билет (до 6 лет включительно);Подводная лодка Б-396, индивидуальное посещение в режиме самостоятельного осмотра;0 руб.;0;;Индивидуальное посещение в режиме самостоятельного осмотра;;https://mosparks.ru/places/severnoe-tushino/vmf-museum;2026-10-09T19:34:13.944063+00:00
mosparks.ru;Музей истории военно-морского флота;tickets;"Билет для Участника проекта Мэра Москвы ""МУЗЕИ-ДЕТЯМ"" при успешной валидации социальной карты школьника/карты ""Москвёнок""";Подводная лодка Б-396, индивидуальное посещение в режиме самостоятельного осмотра;0 руб.;0;;"при успешной валидации социальной карты школьника/карты ""Москвёнок""";;https://mosparks.ru/places/severnoe-tushino/vmf-museum;2026-10-09T19:34:13.944063+00:00
mosparks.ru;Музей истории военно-морского флота;tickets;Взрослый билет;Выставка «Величие и глубина», индивидуальное посещение в режиме самостоятельного осмотра;550 руб.;550;;Индивидуальное посещение в режиме самостоятельного осмотра;;https://mosparks.ru/places/severnoe-tushino/vmf-museum;2026-10-09T19:34:13.944063+00:00
mosparks.ru;Музей истории военно-морского флота;tickets;Льготный билет;Выставка «Величие и глубина», индивидуальное посещение в режиме самостоятельного осмотра;275 руб.;275;;Индивидуальное посещение в режиме самостоятельного осмотра;;https://mosparks.ru/places/severnoe-tushino/vmf-museum;2026-10-09T19:34:13.944063+00:00
mosparks.ru;Музей истории военно-морского флота;tickets;Детский билет (до 6 лет включительно);Выставка «Величие и глубина», индивидуальное посещение в режиме самостоятельного осмотра;0 руб.;0;;Индивидуальное посещение в режиме самостоятельного осмотра;;https://mosparks.ru/places/severnoe-tushino/vmf-museum;2026-10-09T19:34:13.944063+00:00
mosparks.ru;Музей истории военно-морского флота;tickets;"Билет для Участника проекта Мэра Москвы ""МУЗЕИ-ДЕТЯМ"" при успешной валидации социальной карты школьника/карты ""Москвёнок""";Выставка «Величие и глубина», индивидуальное посещение в режиме самостоятельного осмотра;0 руб.;0;;"при успешной валидации социальной карты школьника/карты ""Москвёнок""";;https://mosparks.ru/places/severnoe-tushino/vmf-museum;2026-10-09T19:34:13.944063+00:00
mosparks.ru;Музей истории военно-морского флота;tickets;Взрослый билет;Комплексный билет (2в1) Подводная лодка + выставка «Величие и глубина», индивидуальное посещение в режиме самостоятельного осмотра;800 руб.;800;;Индивидуальное посещение в режиме самостоятельного осмотра;;https://mosparks.ru/places/severnoe-tushino/vmf-museum;2026-10-09T19:34:13.944063+00:00
mosparks.ru;Музей истории военно-морского флота;tickets;Льготный билет;Комплексный билет (2в1) Подводная лодка + выставка «Величие и глубина», индивидуальное посещение в режиме самостоятельного осмотра;400 руб.;400;;Индивидуальное посещение в режиме самостоятельного осмотра;;https://mosparks.ru/places/severnoe-tushino/vmf-museum;2026-10-09T19:34:13.944063+00:00
mosparks.ru;Музей истории военно-морского флота;tickets;Детский билет (до 6 лет включительно);Комплексный билет (2в1) Подводная лодка + выставка «Величие и глубина», индивидуальное посещение в режиме самостоятельного осмотра;0 руб.;0;;Индивидуальное посещение в режиме самостоятельного осмотра;;https://mosparks.ru/places/severnoe-tushino/vmf-museum;2026-10-09T19:34:13.944063+00:00
mosparks.ru;Музей истории военно-морского флота;tickets;"Билет для Участника проекта Мэра Москвы ""МУЗЕИ-ДЕТЯМ"" при успешной валидации социальной карты школьника/карты ""Москвёнок""";Комплексный билет (2в1) Подводная лодка + выставка «Величие и глубина», индивидуальное посещение в режиме самостоятельного осмотра;0 руб.;0;;"при успешной валидации социальной карты школьника/карты ""Москвёнок""";;https://mosparks.ru/places/severnoe-tushino/vmf-museum;2026-10-09T19:34:13.944063+00:00
mosparks.ru;Музей истории военно-морского флота;tickets;Взрослый билет;Выставка «История водолазного дела», индивидуальное посещение в режиме самостоятельного осмотра;300 руб.;300;;Индивидуальное посещение в режиме самостоятельного осмотра;;https://mosparks.ru/places/severnoe-tushino/vmf-museum;2026-10-09T19:34:13.944063+00:00
mosparks.ru;Музей истории военно-морского флота;tickets;Льготный билет;Выставка «История водолазного дела», индивидуальное посещение в режиме самостоятельного осмотра;300 руб.;300;;Индивидуальное посещение в режиме самостоятельного осмотра;;https://mosparks.ru/places/severnoe-tushino/vmf-museum;2026-10-09T19:34:13.944063+00:00
mosparks.ru;Музей истории военно-морского флота;tickets;Детский билет (до 6 лет включительно);Выставка «История водолазного дела», индивидуальное посещение в режиме самостоятельного осмотра;300 руб.;300;;Индивидуальное посещение в режиме самостоятельного осмотра;;https://mosparks.ru/places/severnoe-tushino/vmf-museum;2026-10-09T19:34:13.944063+00:00
mosparks.ru;Музей истории военно-морского флота;tickets;"Билет для Участника проекта Мэра Москвы ""МУЗЕИ-ДЕТЯМ"" при успешной валидации социальной карты школьника/карты ""Москвёнок""";Выставка «История водолазного дела», индивидуальное посещение в режиме самостоятельного осмотра;300 руб.;300;;"при успешной валидации социальной карты школьника/карты ""Москвёнок""";;https://mosparks.ru/places/severnoe-tushino/vmf-museum;2026-10-09T19:34:13.944063+00:00
mosparks.ru;Музей истории военно-морского флота;tickets;Взрослый билет;Экскурсионное обслуживание для индивидуальных посетителей, Подводная лодка Б-396;700 руб.;700;;Экскурсионное обслуживание для индивидуальных посетителей;;https://mosparks.ru/places/severnoe-tushino/vmf-museum;2026-10-09T19:34:13.944063+00:00
mosparks.ru;Музей истории военно-морского флота;tickets;Льготный билет;Экскурсионное обслуживание для индивидуальных посетителей, Подводная лодка Б-396;350 руб.;350;;Экскурсионное обслуживание для индивидуальных посетителей;;https://mosparks.ru/places/severnoe-tushino/vmf-museum;2026-10-09T19:34:13.944063+00:00
mosparks.ru;Музей истории военно-морского флота;tickets;Взрослый билет;Экскурсионное обслуживание для индивидуальных посетителей, Выставка «История водолазного дела»;500 руб.;500;;Экскурсионное обслуживание для индивидуальных посетителей;;https://mosparks.ru/places/severnoe-tushino/vmf-museum;2026-10-09T19:34:13.944063+00:00
mosparks.ru;Музей истории военно-морского флота;tickets;Льготный билет;Экскурсионное обслуживание для индивидуальных посетителей, Выставка «История водолазного дела»;500 руб.;500;;Экскурсионное обслуживание для индивидуальных посетителей;;https://mosparks.ru/places/severnoe-tushino/vmf-museum;2026-10-09T19:34:13.944063+00:00
mosparks.ru;Музей истории военно-морского флота;tickets;Взрослые до 15 человек;Экскурсионное обслуживание для организованных групп, Подводная лодка Б-396;9900 руб.;9900;;Организованные группы, по предварительному заказу;;https://mosparks.ru/places/severnoe-tushino/vmf-museum;2026-10-09T19:34:13.944063+00:00
mosparks.ru;Музей истории военно-морского флота;tickets;Льготные категории до 15 человек;Экскурсионное обслуживание для организованных групп, Подводная лодка Б-396;6900 руб.;6900;;Организованные группы, по предварительному заказу;;https://mosparks.ru/places/severnoe-tushino/vmf-museum;2026-10-09T19:34:13.944063+00:00
mosparks.ru;Музей истории военно-морского флота;tickets;Взрослые до 15 человек;Экскурсионное обслуживание для организованных групп, Комплексный билет (подлодка+выставка);15 000 руб.;15000;;Организованные группы, по предварительному заказу;;https://mosparks.ru/places/severnoe-tushino/vmf-museum;2026-10-09T19:34:13.944063+00:00
mosparks.ru;Музей истории военно-морского флота;tickets;Льготные категории до 15 человек;Экскурсионное обслуживание для организованных групп, Комплексный билет (подлодка+выставка);10 500 руб.;10500;;Организованные группы, по предварительному заказу;;https://mosparks.ru/places/severnoe-tushino/vmf-museum;2026-10-09T19:34:13.944063+00:00
mosparks.ru;Музей истории военно-морского флота;tickets;Дети старшего дошкольного возраста до 6 лет включительно (до 15 детей и до 2 сопровождающих);"Обзорная экскурсия ""Знакомьтесь, подводная лодка""";4950 руб.;4950;;Организованные группы, по предварительному заказу;;https://mosparks.ru/places/severnoe-tushino/vmf-museum;2026-10-09T19:34:13.944063+00:00
mosparks.ru;Музей истории военно-морского флота;tickets;Все категории граждан;"Экскурсия «Экраноплан ""Орленок""». Максимальная группа - 5 человек";6000 руб.;6000;;Организованные группы, по предварительному заказу;;https://mosparks.ru/places/severnoe-tushino/vmf-museum;2026-10-09T19:34:13.944063+00:00
mosparks.ru;Музей истории военно-морского флота;tickets;Все категории граждан;Экскурсия по выставке «История водолазного дела». Максимальная группа до 15 человек;6000 руб.;6000;;Организованные группы, по предварительному заказу;;https://mosparks.ru/places/severnoe-tushino/vmf-museum;2026-10-09T19:34:13.944063+00:00
mosparks.ru;Музей истории военно-морского флота;tickets;Все категории граждан;Мастер-класс для организованных групп до 15 человек;4500 руб.;4500;;Организованные группы;;https://mosparks.ru/places/severnoe-tushino/vmf-museum;2026-10-09T19:34:13.944063+00:00
mosparks.ru;Музей истории военно-морского флота;tickets;Все категории граждан;Мастер-класс для индивидуальных посетителей;400 руб.;400;;Индивидуальные посетители;;https://mosparks.ru/places/severnoe-tushino/vmf-museum;2026-10-09T19:34:13.944063+00:00
mosparks.ru;Музей истории военно-морского флота;tickets;Взрослый билет;Экскурсионный билет для индивидуальных посетителей, Верхняя палуба Подводная лодка Б-396;500 руб;500;;сезон: июнь - сентябрь, группа от 4 до 10 человек от 7 лет;;https://mosparks.ru/places/severnoe-tushino/vmf-museum;2026-10-09T19:34:13.944063+00:00
mosparks.ru;Музей истории военно-морского флота;tickets;Льготный билет;Экскурсионный билет для индивидуальных посетителей, Верхняя палуба Подводная лодка Б-396;250 руб.;250;;сезон: июнь - сентябрь, группа от 4 до 10 человек от 7 лет;;https://mosparks.ru/places/severnoe-tushino/vmf-museum;2026-10-09T19:34:13.944063+00:00
mosparks.ru;Музей истории военно-морского флота;free_rules;Дети в возрасте до 6 лет;Бесплатные входные билеты без экскурсионного обслуживания;;;при посещении в режиме самостоятельного осмотра;при предъявлении документа установленного образца, подтверждающего льготу (оригинал документа или через сервис «Цифровой ID»);always;https://mosparks.ru/places/severnoe-tushino/vmf-museum;2026-10-09T19:34:13.944063+00:00
mosparks.ru;Музей истории военно-морского флота;free_rules;Дети-сироты и дети, оставшиеся без попечения родителей;Бесплатные входные билеты без экскурсионного обслуживания;;;при посещении в режиме самостоятельного осмотра;при предъявлении документа установленного образца, подтверждающего льготу (оригинал документа или через сервис «Цифровой ID»);always;https://mosparks.ru/places/severnoe-tushino/vmf-museum;2026-10-09T19:34:13.944063+00:00
mosparks.ru;Музей истории военно-морского флота;free_rules;Дети-инвалиды;Бесплатные входные билеты без экскурсионного обслуживания;;;при посещении в режиме самостоятельного осмотра;при предъявлении документа установленного образца, подтверждающего льготу (оригинал документа или через сервис «Цифровой ID»);always;https://mosparks.ru/places/severnoe-tushino/vmf-museum;2026-10-09T19:34:13.944063+00:00
mosparks.ru;Музей истории военно-морского флота;free_rules;Лица, сопровождающие детей-инвалидов;Бесплатные входные билеты без экскурсионного обслуживания;;;при посещении в режиме самостоятельного осмотра;при предъявлении документа установленного образца, подтверждающего льготу (оригинал документа или через сервис «Цифровой ID»);always;https://mosparks.ru/places/severnoe-tushino/vmf-museum;2026-10-09T19:34:13.944063+00:00
mosparks.ru;Музей истории военно-морского флота;free_rules;"Участники проекта Мэра Москвы ""МУЗЕИ-ДЕТЯМ""";Бесплатные входные билеты без экскурсионного обслуживания;;;при посещении в режиме самостоятельного осмотра;при предъявлении документа установленного образца, подтверждающего льготу (оригинал документа или через сервис «Цифровой ID»);always;https://mosparks.ru/places/severnoe-tushino/vmf-museum;2026-10-09T19:34:13.944063+00:00
mosparks.ru;Музей истории военно-морского флота;free_rules;Военнослужащие, проходящие военную службу по призыву;Бесплатные входные билеты без экскурсионного обслуживания;;;при посещении в режиме самостоятельного осмотра;при предъявлении документа установленного образца, подтверждающего льготу (оригинал документа или через сервис «Цифровой ID»);always;https://mosparks.ru/places/severnoe-tushino/vmf-museum;2026-10-09T19:34:13.944063+00:00
mosparks.ru;Музей истории военно-морского флота;free_rules;Ветераны боевых действий;Бесплатные входные билеты без экскурсионного обслуживания;;;при посещении в режиме самостоятельного осмотра;при предъявлении документа установленного образца, подтверждающего льготу (оригинал документа или через сервис «Цифровой ID»);always;https://mosparks.ru/places/severnoe-tushino/vmf-museum;2026-10-09T19:34:13.944063+00:00
mosparks.ru;Музей истории военно-морского флота;free_rules;Герои Советского Союза, Герои Российской Федерации, полные кавалеры ордена Славы;Бесплатные входные билеты без экскурсионного обслуживания;;;при посещении в режиме самостоятельного осмотра;при предъявлении документа установленного образца, подтверждающего льготу (оригинал документа или через сервис «Цифровой ID»);always;https://mosparks.ru/places/severnoe-tushino/vmf-museum;2026-10-09T19:34:13.944063+00:00
mosparks.ru;Музей истории военно-морского флота;free_rules;Участники Великой Отечественной войны;Бесплатные входные билеты без экскурсионного обслуживания;;;при посещении в режиме самостоятельного осмотра;при предъявлении документа установленного образца, подтверждающего льготу (оригинал документа или через сервис «Цифровой ID»);always;https://mosparks.ru/places/severnoe-tushino/vmf-museum;2026-10-09T19:34:13.944063+00:00
mosparks.ru;Музей истории военно-морского флота;free_rules;"Лица, награждённые знаками ""Жителю блокадного Ленинграда"", ""Житель осаждённого Севастополя"", ""Житель осаждённого Сталинграда""";Бесплатные входные билеты без экскурсионного обслуживания;;;при посещении в режиме самостоятельного осмотра;при предъявлении документа установленного образца, подтверждающего льготу (оригинал документа или через сервис «Цифровой ID»);always;https://mosparks.ru/places/severnoe-tushino/vmf-museum;2026-10-09T19:34:13.944063+00:00
mosparks.ru;Музей истории военно-морского флота;free_rules;Инвалиды I и II группы;Бесплатные входные билеты без экскурсионного обслуживания;;;при посещении в режиме самостоятельного осмотра;при предъявлении документа установленного образца, подтверждающего льготу (оригинал документа или через сервис «Цифровой ID»);always;https://mosparks.ru/places/severnoe-tushino/vmf-museum;2026-10-09T19:34:13.944063+00:00
mosparks.ru;Музей истории военно-морского флота;free_rules;Лица, сопровождающие инвалида I и II группы;Бесплатные входные билеты без экскурсионного обслуживания;;;при посещении в режиме самостоятельного осмотра;при предъявлении документа установленного образца, подтверждающего льготу (оригинал документа или через сервис «Цифровой ID»);always;https://mosparks.ru/places/severnoe-tushino/vmf-museum;2026-10-09T19:34:13.944063+00:00
mosparks.ru;Музей истории военно-морского флота;free_rules;Работники музеев РФ и члены ИКОМ;Бесплатные входные билеты без экскурсионного обслуживания;;;при посещении в режиме самостоятельного осмотра;при предъявлении документа установленного образца, подтверждающего льготу (оригинал документа или через сервис «Цифровой ID»);always;https://mosparks.ru/places/severnoe-tushino/vmf-museum;2026-10-09T19:34:13.944063+00:00
mosparks.ru;Музей истории военно-морского флота;free_rules;Многодетные семьи - семьи с тремя и более детьми до достижения старшим ребенком возраста 18 или возраста 23 лет при условии его обучения в организации, осуществляющей образовательную деятельность, по очной форме обучения;Бесплатные входные билеты без экскурсионного обслуживания;;;при посещении в режиме самостоятельного осмотра;при предъявлении документа установленного образца, подтверждающего льготу (оригинал документа или через сервис «Цифровой ID»);always;https://mosparks.ru/places/severnoe-tushino/vmf-museum;2026-10-09T19:34:13.944063+00:00
mosparks.ru;Музей истории военно-морского флота;free_rules;Военнослужащие и граждане, пребывающие в добровольческих формированиях, принимающих участие в специальной военной операции (в том числе призванные по мобилизации);Бесплатные входные билеты без экскурсионного обслуживания;;;при посещении в режиме самостоятельного осмотра;при предъявлении документа установленного образца, подтверждающего льготу (оригинал документа или через сервис «Цифровой ID»);always;https://mosparks.ru/places/severnoe-tushino/vmf-museum;2026-10-09T19:34:13.944063+00:00
mosparks.ru;Музей истории военно-морского флота;free_rules;Члены семей военнослужащих и граждан, пребывающих в добровольческих формированиях, принимающих участие в специальной военной операции (в том числе призванные по мобилизации), в т.ч. погибших (умерших);Бесплатные входные билеты без экскурсионного обслуживания;;;при посещении в режиме самостоятельного осмотра;при предъявлении документа установленного образца, подтверждающего льготу (оригинал документа или через сервис «Цифровой ID»);always;https://mosparks.ru/places/severnoe-tushino/vmf-museum;2026-10-09T19:34:13.944063+00:00
mosparks.ru;Музей истории военно-морского флота;free_rules;Дети-сироты и дети, оставшиеся без попечения родителей;Бесплатные билеты на экскурсионное обслуживание;;;при организованном посещении;на основании письма - заявки на официальном бланке учреждения;always;https://mosparks.ru/places/severnoe-tushino/vmf-museum;2026-10-09T19:34:13.944063+00:00
mosparks.ru;Музей истории военно-морского флота;free_rules;Дети-инвалиды;Бесплатные билеты на экскурсионное обслуживание;;;при организованном посещении;на основании письма - заявки на официальном бланке учреждения;always;https://mosparks.ru/places/severnoe-tushino/vmf-museum;2026-10-09T19:34:13.944063+00:00
mosparks.ru;Музей истории военно-морского флота;free_rules;Военнослужащие, проходящие военную службу по призыву;Бесплатные билеты на экскурсионное обслуживание;;;при организованном посещении;на основании письма - заявки на официальном бланке учреждения;always;https://mosparks.ru/places/severnoe-tushino/vmf-museum;2026-10-09T19:34:13.944063+00:00
mosparks.ru;Музей истории военно-морского флота;free_rules;Ветераны боевых действий;Бесплатные билеты на экскурсионное обслуживание;;;при организованном посещении;на основании письма - заявки на официальном бланке учреждения;always;https://mosparks.ru/places/severnoe-tushino/vmf-museum;2026-10-09T19:34:13.944063+00:00
mosparks.ru;Музей истории военно-морского флота;free_rules;Герои Советского Союза, Герои Российской Федерации, полные кавалеры ордена Славы;Бесплатные билеты на экскурсионное обслуживание;;;при организованном посещении;на основании письма - заявки на официальном бланке учреждения;always;https://mosparks.ru/places/severnoe-tushino/vmf-museum;2026-10-09T19:34:13.944063+00:00
mosparks.ru;Музей истории военно-морского флота;free_rules;Участники Великой Отечественной войны;Бесплатные билеты на экскурсионное обслуживание;;;при организованном посещении;на основании письма - заявки на официальном бланке учреждения;always;https://mosparks.ru/places/severnoe-tushino/vmf-museum;2026-10-09T19:34:13.944063+00:00
mosparks.ru;Музей истории военно-морского флота;free_rules;"Лица, награждённые знаками ""Жителю блокадного Ленинграда"", ""Житель осаждённого Севастополя"", ""Житель осаждённого Сталинграда""";Бесплатные билеты на экскурсионное обслуживание;;;при организованном посещении;на основании письма - заявки на официальном бланке учреждения;always;https://mosparks.ru/places/severnoe-tushino/vmf-museum;2026-10-09T19:34:13.944063+00:00
mosparks.ru;Музей истории военно-морского флота;free_rules;Инвалиды I и II группы;Бесплатные билеты на экскурсионное обслуживание;;;при организованном посещении;на основании письма - заявки на официальном бланке учреждения;always;https://mosparks.ru/places/severnoe-tushino/vmf-museum;2026-10-09T19:34:13.944063+00:00
mosparks.ru;Музей истории военно-морского флота;free_rules;Работники музеев РФ и члены ИКОМ;Бесплатные билеты на экскурсионное обслуживание;;;при организованном посещении;на основании письма - заявки на официальном бланке учреждения;always;https://mosparks.ru/places/severnoe-tushino/vmf-museum;2026-10-09T19:34:13.944063+00:00
museum-vf.ru;Музей военной формы;tickets;Входной билет;Музей военной формы, входной билет;600;600;;-;;https://www.museum-vf.ru/guests/informatsiya-o-pokupke-biletov/;2026-10-09T19:34:22.892995+00:00
museum-vf.ru;Музей военной формы;tickets;Льготный входной билет *;Музей военной формы, входной билет;300;300;;При предъявлении соответствующих документов;;https://www.museum-vf.ru/guests/informatsiya-o-pokupke-biletov/;2026-10-09T19:34:22.892995+00:00
museum-vf.ru;Музей военной формы;tickets;Бесплатный входной билет **;Музей военной формы, входной билет;0;0;;При предъявлении соответствующих документов;;https://www.museum-vf.ru/guests/informatsiya-o-pokupke-biletov/;2026-10-09T19:34:22.892995+00:00
museum-vf.ru;Музей военной формы;tickets;Комплексный билет ***;Музей военной формы и Музей Московских стрельцов «Стрелецкие палаты»;850;850;;Дает право на посещение Музея военной формы и Музея Московских стрельцов «Стрелецкие палаты»;;https://www.museum-vf.ru/guests/informatsiya-o-pokupke-biletov/;2026-10-09T19:34:22.892995+00:00
museum-vf.ru;Музей военной формы;tickets;Комплексный льготный билет ***;Музей военной формы и Музей Московских стрельцов «Стрелецкие палаты»;350;350;;Дает право на посещение Музея военной формы и Музея Московских стрельцов «Стрелецкие палаты»;;https://www.museum-vf.ru/guests/informatsiya-o-pokupke-biletov/;2026-10-09T19:34:22.892995+00:00
museum-vf.ru;Музей военной формы;tickets;Билет на выставку;выставка «Женщина. Война. Милосердие»;300;300;;-;;https://www.museum-vf.ru/guests/informatsiya-o-pokupke-biletov/;2026-10-09T19:34:22.892995+00:00
museum-vf.ru;Музей военной формы;tickets;Льготный билет на выставку;выставка «Женщина. Война. Милосердие»;100;100;;При предъявлении соответствующих документов;;https://www.museum-vf.ru/guests/informatsiya-o-pokupke-biletov/;2026-10-09T19:34:22.892995+00:00
museum-vf.ru;Музей военной формы;tickets;Единый билет (выставка + постоянная экспозиция);выставка + постоянная экспозиция;700;700;;-;;https://www.museum-vf.ru/guests/informatsiya-o-pokupke-biletov/;2026-10-09T19:34:22.892995+00:00
museum-vf.ru;Музей военной формы;tickets;Единый льготный билет (выставка + постоянная экспозиция);выставка + постоянная экспозиция;400;400;;При предъявлении соответствующих документов;;https://www.museum-vf.ru/guests/informatsiya-o-pokupke-biletov/;2026-10-09T19:34:22.892995+00:00
museum-vf.ru;Музей военной формы;tickets;Индивидуальная обзорная экскурсия;Экскурсионное обслуживание (без входного билета);3000;3000;;Группа 1–5 человек, каждый последующий посетитель + 600,00 руб;;https://www.museum-vf.ru/guests/informatsiya-o-pokupke-biletov/;2026-10-09T19:34:22.892995+00:00
museum-vf.ru;Музей военной формы;tickets;Индивидуальная тематическая экскурсия по выставке;Экскурсионное обслуживание (без входного билета);2000;2000;;Группа 1–5 человек, каждый последующий посетитель + 400,00 руб.;;https://www.museum-vf.ru/guests/informatsiya-o-pokupke-biletov/;2026-10-09T19:34:22.892995+00:00
museum-vf.ru;Музей военной формы;tickets;Индивидуальная тематическая экскурсия;Экскурсионное обслуживание (без входного билета);2250;2250;;Группа 1–5 человек, группа 1 до 5 человек, каждый последующий посетитель + 450,00 руб.;;https://www.museum-vf.ru/guests/informatsiya-o-pokupke-biletov/;2026-10-09T19:34:22.892995+00:00
museum-vf.ru;Музей военной формы;tickets;Индивидуальная тематическая костюмированная экскурсия;Экскурсионное обслуживание (без входного билета);2750;2750;;Группа 1–5 человек, группа 1 до 5 человек, каждый последующий посетитель + 550,00 руб.;;https://www.museum-vf.ru/guests/informatsiya-o-pokupke-biletov/;2026-10-09T19:34:22.892995+00:00
museum-vf.ru;Музей военной формы;tickets;Интерактивная программа для детей;Интерактивные программы;950;950;;Группа 10–20 человек, с памятным сувениром;;https://www.museum-vf.ru/guests/informatsiya-o-pokupke-biletov/;2026-10-09T19:34:22.892995+00:00
museum-vf.ru;Музей военной формы;tickets;Интерактивная программа для взрослых;Интерактивные программы;950;950;;Группа 10–20 человек;;https://www.museum-vf.ru/guests/informatsiya-o-pokupke-biletov/;2026-10-09T19:34:22.892995+00:00
museum-vf.ru;Музей военной формы;tickets;Интерактивная программа с дегустацией трех сортов варенья;Интерактивные программы;1350;1350;;Группа 10–20 человек;;https://www.museum-vf.ru/guests/informatsiya-o-pokupke-biletov/;2026-10-09T19:34:22.892995+00:00
museum-vf.ru;Музей военной формы;tickets;Мастер-классы для организованной группы;Мастер-классы;400;400;;Группа 5–20 человек;;https://www.museum-vf.ru/guests/informatsiya-o-pokupke-biletov/;2026-10-09T19:34:22.892995+00:00
museum-vf.ru;Музей военной формы;tickets;Квест-детектив;Квесты;400;400;;Группа 5–20 человек;;https://www.museum-vf.ru/guests/informatsiya-o-pokupke-biletov/;2026-10-09T19:34:22.892995+00:00
museum-vf.ru;Музей военной формы;tickets;Квест;Квесты;400;400;;Группа 10–20 человек;;https://www.museum-vf.ru/guests/informatsiya-o-pokupke-biletov/;2026-10-09T19:34:22.892995+00:00
museum-vf.ru;Музей военной формы;tickets;Для детской аудитории. Тематика лекции определяется по предварительной договорённости.;Лекции;450;450;;Количество участников до 80 человек;;https://www.museum-vf.ru/guests/informatsiya-o-pokupke-biletov/;2026-10-09T19:34:22.892995+00:00
museum-vf.ru;Музей военной формы;tickets;Для взрослой аудитории. Тематика лекции определяется по предварительной договорённости.;Лекции;500;500;;Количество участников до 80 человек;;https://www.museum-vf.ru/guests/informatsiya-o-pokupke-biletov/;2026-10-09T19:34:22.892995+00:00
museum-vf.ru;Музей военной формы;tickets;На сторонних площадках. Тематика лекции определяется по предварительной договорённости.;Лекции;15000;15000;;Количество участников до 30 человек. Цена указана за работу 1 лектора с группой до 20 человек (на территории г. Москвы), каждый последующий билет по фиксированной стоимости 500,00 руб. на 1 чел.;;https://www.museum-vf.ru/guests/informatsiya-o-pokupke-biletov/;2026-10-09T19:34:22.892995+00:00
museum-vf.ru;Музей военной формы;free_rules;Лицам, не достигшим 7-летного возраста, членам Международного Совета Музеев (ICOM), сотрудникам музеев, ветеранам и инвалидам Великой Отечественной Войны, локальных войн (граждане России и стран СНГ), инвалидам I и II группы и одному сопровождающему (граждане России и стран СНГ), военнослужащим срочной службы, Ветеранам и участникам боевых действий, членам Российского военно-исторического общества. - при предъявлении соответствующих удостоверений, одному педагогу, руководителю, сопровождающему группу учащихся средних и средне-специальных учебных заведений при наличии экскурсионной путевки.;Музей военной формы, входной билет;;;при предъявлении соответствующих удостоверений;при предъявлении соответствующих удостоверений, одному педагогу, руководителю, сопровождающему группу учащихся средних и средне-специальных учебных заведений при наличии экскурсионной путевки;benefit;https://www.museum-vf.ru/guests/informatsiya-o-pokupke-biletov/;2026-10-09T19:34:22.892995+00:00
museum-vf.ru;Музей военной формы;free_rules;членам многодетных семей и юным участникам олимпиады «Музеи. Парки. Усадьбы»;Музей военной формы;;;Третье воскресенье каждого месяца;при предъявлении соответствующих удостоверений;recurring_day;https://www.museum-vf.ru/guests/informatsiya-o-pokupke-biletov/;2026-10-09T19:34:22.892995+00:00
museum.rggu.ru;Другое искусство;free_rules;индивидуальные посетители;экспозиции Музейного центра РГГУ;;;в рабочие дни экспозиций с 10-00 до 17-00, вход до 16-00;через музейный подъезд по предъявлению паспорта;always;https://www.rsuh.ru/museum/;2026-10-09T19:34:31.481872+00:00
museum.imli.ru;Музей-квартира А.М. Горького;free_rules;"Дошкольники (дети до 7 лет), дети-сироты и дети, оставшиеся без попечения родителей, дети-инвалиды, многодетные семьи; ветераны и участники Великой Отечественной войны; участники боевых действий (граждане России, стран ЕАЭС. стран СНГ); семьи участников СВО; жители блокадного Ленинграда; узники фашистских лагерей; инвалиды I и II группы (граждане России, стран ЕАЭС, стран СНГ), один сопровождающий инвалида I и II группы; военнослужащие срочной службы. Герои Советского Союза, Герои РФ, Полные кавалеры ""Ордена Славы"", сотрудники государственных музеев, находящихся в ведении Министерства культуры РФ; два сопровождающих организованную группу дошкольников и учащихся младших (до 5-го) классов школы (при наличии экскурсионной путевки). один сопровождающий организованную группу учащихся средних и средне-специальных учебных заведений, студентов ВУЗов и других льготных категорий граждан (при наличии экскурсионной путевки).";посещение музея;;;Граждане, имеющие право на бесплатное посещение музея;"предъявляют соответствующие документы в кассе, а также по просьбе сотрудников Музея или уполномоченных лиц при входе; для сборной экскурсии покупают билет ""Бесплатный вход + экскурсионное обслуживание""";benefit;https://museum.imli.ru/льготы;2026-10-09T19:34:27.549491+00:00
museum.histrf.ru;Музей Московских стрельцов Стрелецкие палаты;tickets;Входной билет;посещение музея;250*/500 руб.;;;*Льготный билет;;https://www.museumrvio.ru/posetitelyam/tickets/;2026-10-09T19:34:27.391844+00:00
museum.histrf.ru;Музей Московских стрельцов Стрелецкие палаты;tickets;Семейный билет (2 взрослых + 2 ребенка);посещение музея;1200 руб.;1200;;;;https://www.museumrvio.ru/posetitelyam/tickets/;2026-10-09T19:34:27.391844+00:00
museum.histrf.ru;Музей Московских стрельцов Стрелецкие палаты;tickets;Комплексный билет;Музей Московских стрельцов «Стрелецкие палаты» и Музей военной формы (Москва, Большая Никитская, 46/17, стр. 1) по одному билету в течение 30 календарных дней с даты покупки;850 руб. / 350 руб.*;;;*Льготный билет;;https://www.museumrvio.ru/posetitelyam/tickets/;2026-10-09T19:34:27.391844+00:00
museum.histrf.ru;Музей Московских стрельцов Стрелецкие палаты;tickets;Мастер-класс;мастер-класс;500 руб.;500;;;;https://www.museumrvio.ru/posetitelyam/tickets/;2026-10-09T19:34:27.391844+00:00
museum.histrf.ru;Музей Московских стрельцов Стрелецкие палаты;tickets;Костюмированная экскурсия с мастер-классом;без учета входного билета;800 руб.;800;;без учета входного билета;;https://www.museumrvio.ru/posetitelyam/tickets/;2026-10-09T19:34:27.391844+00:00
museum.histrf.ru;Музей Московских стрельцов Стрелецкие палаты;tickets;Костюмированная экскурсия для детей;без учета стоимости входного билета;450 руб.;450;;без учета стоимости входного билета;;https://www.museumrvio.ru/posetitelyam/tickets/;2026-10-09T19:34:27.391844+00:00
museum.histrf.ru;Музей Московских стрельцов Стрелецкие палаты;tickets;Индивидуальная тематическая экскурсия (без входного билета): на группу до 5 человек (каждый последующий посетитель + 300,00 руб.), продолжительность: 45 мин.;экскурсионное обслуживание;1500 руб.;1500;;"без входного билета; на группу до 5 человек; каждый последующий посетитель + 300,00 руб.; продолжительность: 45 мин.";;https://www.museumrvio.ru/posetitelyam/tickets/;2026-10-09T19:34:27.391844+00:00
museum.histrf.ru;Музей Московских стрельцов Стрелецкие палаты;tickets;Детский день рождения (группа до 10 человек);мероприятие;от 15 000 руб.;;;группа до 10 человек;;https://www.museumrvio.ru/posetitelyam/tickets/;2026-10-09T19:34:27.391844+00:00
museum.histrf.ru;Музей Московских стрельцов Стрелецкие палаты;tickets;Музейные программы;музейные программы;от 800 руб.;;;;;https://www.museumrvio.ru/posetitelyam/tickets/;2026-10-09T19:34:27.391844+00:00
museum.histrf.ru;Музей Московских стрельцов Стрелецкие палаты;free_rules;лица, не достигшие 7‑летнего возраста;посещение музея;;;бесплатный билет предоставляется;;always;https://www.museumrvio.ru/posetitelyam/tickets/;2026-10-09T19:34:27.391844+00:00
museum.histrf.ru;Музей Московских стрельцов Стрелецкие палаты;free_rules;Посетите музей бесплатно по карте «Москвенок»;музей;;;бесплатно;по карте «Москвенок»;always;https://www.museumrvio.ru/;2026-10-09T19:34:27.391844+00:00
museumofillusions.moscow;Музей оптических иллюзий;tickets;все посетители;Музеи Детства «Сказки Арбат 16», комплексный билет «Все включено»;2 300 руб.;2300;;Купить билеты!;;https://arbat-16.com/;2026-10-09T19:34:40.035236+00:00
museumofillusions.moscow;Музей оптических иллюзий;tickets;все посетители;Музеи Детства «Сказки Арбат 16», 3 локации на выбор;1 800 руб.;1800;;Купить билеты!;;https://arbat-16.com/;2026-10-09T19:34:40.035236+00:00
museumofillusions.moscow;Музей оптических иллюзий;tickets;все посетители;Музеи Детства «Сказки Арбат 16», 1 локация на выбор;900 руб.;900;;Купить билеты!;;https://arbat-16.com/;2026-10-09T19:34:40.035236+00:00
museumofillusions.moscow;Музей оптических иллюзий;tickets;все посетители;Один вход;900 ₽;900;;Действителен 1 год;;https://arbat-16.com/;2026-10-09T19:34:40.035236+00:00
museumofillusions.moscow;Музей оптических иллюзий;tickets;все посетители;Комплекс все включено, на 1 человека;2 300 ₽;2300;;стоимость билета = 2 300 ₽ итоговая стоимость;;https://arbat-16.com/;2026-10-09T19:34:40.035236+00:00
museumofillusions.moscow;Музей оптических иллюзий;free_rules;Дети до 5 лет;Музеи Детства «Сказки Арбат 16»;;;при предъявлении подтверждающих документов;С 5 лет — по стоимости билета.;always;https://arbat-16.com/;2026-10-09T19:34:40.035236+00:00
museuminsilence.ru;В Тишине;tickets;взрослый;Экскурсия;980 ₽;980;;ПН—ЧТ и ПТ до 17:00;;https://museuminsilence.ru/;2026-10-09T19:34:37.500637+00:00
museuminsilence.ru;В Тишине;tickets;школьники, студенты;Экскурсия;780 ₽;780;;ПН—ЧТ и ПТ до 17:00;;https://museuminsilence.ru/;2026-10-09T19:34:37.500637+00:00
museuminsilence.ru;В Тишине;tickets;льготный (инвалиды, пенсионеры, многодетные, ветераны);Экскурсия;580 ₽;580;;ПН—ЧТ и ПТ до 17:00;;https://museuminsilence.ru/;2026-10-09T19:34:37.500637+00:00
museuminsilence.ru;В Тишине;tickets;все категории;Мастер-класс («Шоколад. конфеты» и «Угадай аромат»);850 ₽;850;;ПН—ЧТ и ПТ до 17:00;;https://museuminsilence.ru/;2026-10-09T19:34:37.500637+00:00
museuminsilence.ru;В Тишине;tickets;билет на двоих;Свидание;3 950 ₽;3950;;ПН—ЧТ и ПТ до 17:00;;https://museuminsilence.ru/;2026-10-09T19:34:37.500637+00:00
museuminsilence.ru;В Тишине;tickets;билет на двоих;Свидание + мастер класс на выбор;5 040 ₽;5040;;ПН—ЧТ и ПТ до 17:00;;https://museuminsilence.ru/;2026-10-09T19:34:37.500637+00:00
museuminsilence.ru;В Тишине;tickets;билет на двоих;Свидание + два мастер класса;5 840 ₽;5840;;ПН—ЧТ и ПТ до 17:00;;https://museuminsilence.ru/;2026-10-09T19:34:37.500637+00:00
museuminsilence.ru;В Тишине;tickets;каждый следующий;День рождения экскурсия/мастер-класс;1 200 ₽;1200;;ПН—ЧТ и ПТ до 17:00;;https://museuminsilence.ru/;2026-10-09T19:34:37.500637+00:00
museumperfume.ru;Московский музей парфюмерии;tickets;Не указана (подарочный билет на дегустацию духов);Подарочный сертификат на дегустацию духов;3 500 ₽;3500;;Нет в наличии;;https://museumperfume.ru/products/category/tours-vintazhnye-duhi-degustacii;2026-10-09T19:34:41.104619+00:00
museumperfume.ru;Московский музей парфюмерии;tickets;Не указана (групповой дегустационный тур);Групповой дегустационный тур. Рекомендован в качестве первого визита.;3 500 ₽;3500;;Нет в наличии;;https://museumperfume.ru/products/category/tours-vintazhnye-duhi-degustacii;2026-10-09T19:34:41.104619+00:00
museumperfume.ru;Московский музей парфюмерии;tickets;Специалисты (семинар для специалистов);Семинар для специалистов;9 000 ₽;9000;;Нет в наличии;;https://museumperfume.ru/products/category/tours-vintazhnye-duhi-degustacii;2026-10-09T19:34:41.104619+00:00
museumperfume.ru;Московский музей парфюмерии;tickets;Не указана (индивидуальный тур);Экскурсия-дегустация. Индивидуальный тур.;8 000 ₽;8000;;Нет в наличии;;https://museumperfume.ru/products/category/tours-vintazhnye-duhi-degustacii;2026-10-09T19:34:41.104619+00:00
museumperfume.ru;Московский музей парфюмерии;tickets;Не указана (VIP tour);"Boutique дегустация (VIP tour) ""Незабываемый вечер"". Организация мероприятий и событий. Светский раут.";22 000 ₽;22000;;Нет в наличии;;https://museumperfume.ru/products/category/tours-vintazhnye-duhi-degustacii;2026-10-09T19:34:41.104619+00:00
museumperfume.ru;Московский музей парфюмерии;tickets;Не указана (романтическое свидание);Романтическое свидание. Романтический тур ?Нежная экскурсия?. Организация романтических свиданий.;22 000 ₽;22000;;Нет в наличии;;https://museumperfume.ru/products/category/tours-vintazhnye-duhi-degustacii;2026-10-09T19:34:41.104619+00:00
museumperfume.ru;Московский музей парфюмерии;tickets;Не указана (лекция-дегустация);Духи Guerlain - 10 легендарных ароматов. Лекция - дегустация;8 000 ₽;8000;;Нет в наличии;;https://museumperfume.ru/products/category/tours-vintazhnye-duhi-degustacii;2026-10-09T19:34:41.104619+00:00
museumperfume.ru;Московский музей парфюмерии;tickets;Не указана (праздник открытия нового сезона);Праздник открытия нового сезона в Московском Музее Парфюмерии;0 ₽;0;;"Нет в наличии; скоро в наличии";;https://museumperfume.ru/products/category/tours-vintazhnye-duhi-degustacii;2026-10-09T19:34:41.104619+00:00
museumperfume.ru;Московский музей парфюмерии;tickets;Не указана (ароматно-рок-н-ролльный круиз);«SMELLS LIKE ROCK SPIRIT» - Ароматно - Рок-н-ролльный круиз - пАрфЮманс;0 ₽;0;;Нет в наличии;;https://museumperfume.ru/products/category/tours-vintazhnye-duhi-degustacii;2026-10-09T19:34:41.104619+00:00
museumruss.ru;Русское средневековье, музейный центр;tickets;школьные классы (1–7 класс);Исторический квест «Княжий Пир»;4 200 руб./чел.;4200;;"Скидка 20% для многодетных семей; Учитель и 1 родитель-организатор — БЕСПЛАТНО; Сопровождающие взрослые — 50%";;https://museumruss.ru/;2026-10-09T19:34:41.241588+00:00
museumruss.ru;Русское средневековье, музейный центр;tickets;школьные классы;Масштабный квест «День народного единства»;4 200 руб./чел.;4200;;"Скидка 20% для многодетных; Учитель и 1 родитель-организатор — БЕСПЛАТНО";;https://museumruss.ru/;2026-10-09T19:34:41.241588+00:00
museumruss.ru;Русское средневековье, музейный центр;tickets;школьные классы (4–6 классы);Рождественская интерактивная мистерия «Вслед за Вифлеемской звездой»;5 800 руб./чел.;5800;;"все подарки и угощения включены; Учитель и 1 родитель-организатор — БЕСПЛАТНО; Сопровождающие взрослые — 50%";;https://museumruss.ru/;2026-10-09T19:34:41.241588+00:00
museumruss.ru;Русское средневековье, музейный центр;tickets;школьные классы;Интерактивная программа «Масленица Удалецкая»;4 200 руб./чел.;4200;;"Учитель и 1 родитель-организатор — БЕСПЛАТНО; Сопровождающие взрослые — 50%";;https://museumruss.ru/;2026-10-09T19:34:41.241588+00:00
museumruss.ru;Русское средневековье, музейный центр;tickets;школьные классы;Историческое путешествие «Пасха в Древнем мире»;4 200...;;;"Скидка 20% для многодетных семей; Учитель и 1 родитель-организатор — БЕСПЛАТНО; Сопровождающие взрослые — 50%";;https://museumruss.ru/;2026-10-09T19:34:41.241588+00:00
museumruss.ru;Русское средневековье, музейный центр;tickets;школьные классы (3–6 классы);Исторический Выпускной «Княжий Двор»;8 800 руб./чел.;8800;;"все угощения, инвентарь и подарки включены; Учитель и 1 родитель-организатор — БЕСПЛАТНО; Сопровождающие взрослые — 50%";;https://museumruss.ru/;2026-10-09T19:34:41.241588+00:00
museumruss.ru;Русское средневековье, музейный центр;free_rules;2 сопровождающих взрослых;программы музейного центра;;;на группу от 15 чел;на группу от 15 чел;benefit;https://museumruss.ru/;2026-10-09T19:34:41.241588+00:00
museumruss.ru;Русское средневековье, музейный центр;free_rules;все сопровождающие взрослые;программы музейного центра;;;для групп от 20 чел;для групп от 20 чел;benefit;https://museumruss.ru/;2026-10-09T19:34:41.241588+00:00
museumruss.ru;Русское средневековье, музейный центр;free_rules;Учитель и 1 родитель-организатор;программы музейного центра;;;при участии класса в программе;Сопровождающие взрослые — 50%;benefit;https://museumruss.ru/;2026-10-09T19:34:41.241588+00:00
museummhat.ru;Дом-музей К. С. Станиславского;tickets;Для взрослых посетителей;Постоянная экспозиция, входной билет;300 ₽;300;;;;https://museummhat.ru/prices/;2026-10-09T19:34:38.747620+00:00
museummhat.ru;Дом-музей К. С. Станиславского;tickets;Для льготных посетителей;Постоянная экспозиция, входной билет;150 ₽;150;;;;https://museummhat.ru/prices/;2026-10-09T19:34:38.747620+00:00
museummhat.ru;Дом-музей К. С. Станиславского;tickets;Для иностранных посетителей;Постоянная экспозиция, входной билет;300 ₽;300;;;;https://museummhat.ru/prices/;2026-10-09T19:34:38.747620+00:00
museummhat.ru;Дом-музей К. С. Станиславского;tickets;Для всех посетителей;Билет на выставку;150 ₽;150;;;;https://museummhat.ru/prices/;2026-10-09T19:34:38.747620+00:00
museummhat.ru;Дом-музей К. С. Станиславского;tickets;Для всех посетителей;Входной билет, включающий в себя посещение грим-уборных К.С.Станиславского, О.Н.Ефремова и кабинет Вл. И. Немировича-Данченко;300 ₽;300;;;;https://museummhat.ru/prices/;2026-10-09T19:34:38.747620+00:00
museummhat.ru;Дом-музей К. С. Станиславского;tickets;Для всех посетителей;Входной комплексный билет: включающий в себя посещение постоянной экспозиции «МХАТ» и грим-уборных К.С.Станиславского, О.Н.Ефремова и кабинет Вл. И. Немировича-Данченко;500 ₽;500;;;;https://museummhat.ru/prices/;2026-10-09T19:34:38.747620+00:00
museummhat.ru;Дом-музей К. С. Станиславского;tickets;Для всех посетителей;Входной комплексный билет: включающий в себя посещение Постоянной экспозиции и временной выставки;400 ₽;400;;;;https://museummhat.ru/prices/;2026-10-09T19:34:38.747620+00:00
museummhat.ru;Дом-музей К. С. Станиславского;tickets;Взрослый;Входной билет для участия в олимпиаде «Музеи. Парки. Усадьбы»;300 ₽;300;;;;https://museummhat.ru/prices/;2026-10-09T19:34:38.747620+00:00
museummhat.ru;Дом-музей К. С. Станиславского;tickets;Дети от 7 до 18 лет;Входной билет для участия в олимпиаде «Музеи. Парки. Усадьбы»;150 ₽;150;;;;https://museummhat.ru/prices/;2026-10-09T19:34:38.747620+00:00
museummhat.ru;Дом-музей К. С. Станиславского;tickets;Для взрослых посетителей;Дом-музей К.С. Станиславского, входной билет;400 ₽;400;;;;https://museummhat.ru/prices/;2026-10-09T19:34:38.747620+00:00
museummhat.ru;Дом-музей К. С. Станиславского;tickets;Для льготных посетителей;Дом-музей К.С. Станиславского, входной билет;200 ₽;200;;;;https://museummhat.ru/prices/;2026-10-09T19:34:38.747620+00:00
museummhat.ru;Дом-музей К. С. Станиславского;tickets;Для иностранных посетителей;Дом-музей К.С. Станиславского, входной билет;400 ₽;400;;;;https://museummhat.ru/prices/;2026-10-09T19:34:38.747620+00:00
museummhat.ru;Дом-музей К. С. Станиславского;tickets;Для всех посетителей;Дом-музей К.С. Станиславского, билет на выставку;150 ₽;150;;;;https://museummhat.ru/prices/;2026-10-09T19:34:38.747620+00:00
museummhat.ru;Дом-музей К. С. Станиславского;tickets;Входной билет;Дом-музей К.С. Станиславского, входной комплексный билет, включающий в себя посещение постоянной экспозиции Дома-музея К.С. Станиславского и временной выставки;500 ₽;500;;;;https://museummhat.ru/prices/;2026-10-09T19:34:38.747620+00:00
museummhat.ru;Дом-музей К. С. Станиславского;tickets;Взрослый;Дом-музей К.С. Станиславского, входной билет для участия в олимпиаде «Музеи. Парки. Усадьбы»;400 ₽;400;;;;https://museummhat.ru/prices/;2026-10-09T19:34:38.747620+00:00
museummhat.ru;Дом-музей К. С. Станиславского;tickets;Дети от 7 до 18 лет;Дом-музей К.С. Станиславского, входной билет для участия в олимпиаде «Музеи. Парки. Усадьбы»;200 ₽;200;;;;https://museummhat.ru/prices/;2026-10-09T19:34:38.747620+00:00
museummhat.ru;Дом-музей К. С. Станиславского;tickets;Для взрослых посетителей;Музей-квартира Вл.И. Немировича-Данченко, входной билет;300 ₽;300;;;;https://museummhat.ru/prices/;2026-10-09T19:34:38.747620+00:00
museummhat.ru;Дом-музей К. С. Станиславского;tickets;Для льготных посетителей;Музей-квартира Вл.И. Немировича-Данченко, входной билет;150 ₽;150;;;;https://museummhat.ru/prices/;2026-10-09T19:34:38.747620+00:00
museummhat.ru;Дом-музей К. С. Станиславского;tickets;Для иностранных посетителей;Музей-квартира Вл.И. Немировича-Данченко, входной билет;300 ₽;300;;;;https://museummhat.ru/prices/;2026-10-09T19:34:38.747620+00:00
museummhat.ru;Дом-музей К. С. Станиславского;tickets;Билет;Музей-квартира Вл.И. Немировича-Данченко, входной билет на посещение временной выставки;150 ₽;150;;;;https://museummhat.ru/prices/;2026-10-09T19:34:38.747620+00:00
museummhat.ru;Дом-музей К. С. Станиславского;tickets;Входной билет;Музей-квартира Вл.И. Немировича-Данченко, входной комплексный билет, включающий в себя посещение Музей-квартиры Вл.И. Немировича-Данченко и временной выставки;400 ₽;400;;;;https://museummhat.ru/prices/;2026-10-09T19:34:38.747620+00:00
museummhat.ru;Дом-музей К. С. Станиславского;tickets;Взрослый;Музей-квартира Вл.И. Немировича-Данченко, входной билет для участия в олимпиаде «Музеи. Парки. Усадьбы»;300 ₽;300;;;;https://museummhat.ru/prices/;2026-10-09T19:34:38.747620+00:00
museummhat.ru;Дом-музей К. С. Станиславского;tickets;Дети от 7 до 18 лет;Музей-квартира Вл.И. Немировича-Данченко, входной билет для участия в олимпиаде «Музеи. Парки. Усадьбы»;150 ₽;150;;;;https://museummhat.ru/prices/;2026-10-09T19:34:38.747620+00:00
museummhat.ru;Дом-музей К. С. Станиславского;free_rules;Многодетные семьи, Участники СВО, Члены семей участников СВО;постоянные экспозиции (без экскурсионного и лекционного обслуживания) и временные выставки на всех объектах Музея МХАТ;;;бесплатное посещение;Удостоверение, подтверждающее льготный статус или двухмерный штрих-код (QR-код), содержащийся в электронном удостоверении;benefit;https://museummhat.ru/prices/;2026-10-09T19:34:38.747620+00:00
museyfondn2.ru;Музей Императора Николая II;tickets;Льготный билет;Билет на одного человека;250 руб.;250;;По предварительной договоренности в музее проводятся экскурсии группам до 15 человек.;;https://museyfondn2.ru/;2026-10-09T19:34:46.842863+00:00
museyfondn2.ru;Музей Императора Николая II;tickets;Стандартный;Билет на одного человека;350 руб.;350;;По предварительной договоренности в музее проводятся экскурсии группам до 15 человек.;;https://museyfondn2.ru/;2026-10-09T19:34:46.842863+00:00
museyfondn2.ru;Музей Императора Николая II;tickets;Группы до 15 человек;По предварительной договоренности;За пожертвование в Фонд;;;По предварительной договоренности в музее проводятся экскурсии группам до 15 человек. Если желающих больше, то возможно разделение на две группы и проведение двух последовательных экскурсий двумя экскурсоводами одновременно.;;https://museyfondn2.ru/;2026-10-09T19:34:46.842863+00:00
museumrvio.ru;Музей Московских стрельцов Стрелецкие палаты;tickets;Входной билет;посещение музея;250*/500 руб.;;;*Льготный билет;;https://www.museumrvio.ru/posetitelyam/tickets/;2026-10-09T19:34:43.066451+00:00
museumrvio.ru;Музей Московских стрельцов Стрелецкие палаты;tickets;Семейный билет (2 взрослых + 2 ребенка);посещение музея;1200 руб.;1200;;;;https://www.museumrvio.ru/posetitelyam/tickets/;2026-10-09T19:34:43.066451+00:00
museumrvio.ru;Музей Московских стрельцов Стрелецкие палаты;tickets;Комплексный билет;посещение Музея Московских стрельцов «Стрелецкие палаты» и Музея военной формы (Москва, Большая Никитская, 46/17, стр. 1) по одному билету в течение 30 календарных дней с даты покупки;850 руб. / 350 руб.*;;;*Льготный билет;;https://www.museumrvio.ru/posetitelyam/tickets/;2026-10-09T19:34:43.066451+00:00
museumrvio.ru;Музей Московских стрельцов Стрелецкие палаты;tickets;Мастер-класс;мастер-класс;500 руб.;500;;;;https://www.museumrvio.ru/posetitelyam/tickets/;2026-10-09T19:34:43.066451+00:00
museumrvio.ru;Музей Московских стрельцов Стрелецкие палаты;tickets;Костюмированная экскурсия с мастер-классом;без учета входного билета;800 руб.;800;;без учета входного билета;;https://www.museumrvio.ru/posetitelyam/tickets/;2026-10-09T19:34:43.066451+00:00
museumrvio.ru;Музей Московских стрельцов Стрелецкие палаты;tickets;Костюмированная экскурсия для детей;без учета стоимости входного билета;450 руб.;450;;без учета стоимости входного билета;;https://www.museumrvio.ru/posetitelyam/tickets/;2026-10-09T19:34:43.066451+00:00
museumrvio.ru;Музей Московских стрельцов Стрелецкие палаты;tickets;Индивидуальная тематическая экскурсия (без входного билета): на группу до 5 человек (каждый последующий посетитель + 300,00 руб.), продолжительность: 45 мин.;экскурсионное обслуживание (без учета стоимости входного билета);1500 руб.;1500;;на группу до 5 человек (каждый последующий посетитель + 300,00 руб.), продолжительность: 45 мин.;;https://www.museumrvio.ru/posetitelyam/tickets/;2026-10-09T19:34:43.066451+00:00
museumrvio.ru;Музей Московских стрельцов Стрелецкие палаты;tickets;Детский день рождения (группа до 10 человек);мероприятие;от 15 000 руб.;;;группа до 10 человек;;https://www.museumrvio.ru/posetitelyam/tickets/;2026-10-09T19:34:43.066451+00:00
museumrvio.ru;Музей Московских стрельцов Стрелецкие палаты;tickets;Музейные программы;музейные программы;от 800 руб.;;;;;https://www.museumrvio.ru/posetitelyam/tickets/;2026-10-09T19:34:43.066451+00:00
museumrvio.ru;Музей Московских стрельцов Стрелецкие палаты;tickets;Льготный билет: дети от 7 до 17 лет, пенсионеры, студенты российских ВУЗов, учащиеся средних и средне-специальных учебных заведений РФ, члены творческих союзов России и их региональных отделений, члены Ассоциации искусствоведов России, члены многодетных семей, военнослужащие;входной билет;250*/500 руб.;;;при предъявлении соответствующих удостоверений;;https://www.museumrvio.ru/posetitelyam/tickets/;2026-10-09T19:34:43.066451+00:00
museumrvio.ru;Музей Московских стрельцов Стрелецкие палаты;free_rules;лица, не достигшие 7‑летнего возраста;посещение музея;;;бесплатный билет предоставляется;;always;https://www.museumrvio.ru/posetitelyam/tickets/;2026-10-09T19:34:43.066451+00:00
museumrvio.ru;Музей Московских стрельцов Стрелецкие палаты;free_rules;посетители по карте «Москвенок»;музей;;;бесплатно;по карте «Москвенок»;always;https://www.museumrvio.ru/;2026-10-09T19:34:43.066451+00:00
music-museum.ru;Музей П.И. Чайковский и Москва;free_rules;дети до 6 лет включительно;музей;;;Право бесплатного посещения* музея предоставляется следующим категориям посетителей;Право бесплатного посещения* музея;always;https://music-museum.ru/visit/biletyi-i-czenyi.html;2026-10-09T19:34:47.781861+00:00
music-museum.ru;Музей П.И. Чайковский и Москва;free_rules;члены многодетных семей (граждане РФ): льготы предоставляются детям в возрасте до 18 лет включительно и их родителям;музей;;;Право бесплатного посещения* музея предоставляется следующим категориям посетителей;Право бесплатного посещения* музея;always;https://music-museum.ru/visit/biletyi-i-czenyi.html;2026-10-09T19:34:47.781861+00:00
music-museum.ru;Музей П.И. Чайковский и Москва;free_rules;сотрудники государственных музеев РФ;музей;;;Право бесплатного посещения* музея предоставляется следующим категориям посетителей;Право бесплатного посещения* музея;always;https://music-museum.ru/visit/biletyi-i-czenyi.html;2026-10-09T19:34:47.781861+00:00
music-museum.ru;Музей П.И. Чайковский и Москва;free_rules;члены Международного совета музеев (ICOM);музей;;;Право бесплатного посещения* музея предоставляется следующим категориям посетителей;Право бесплатного посещения* музея;always;https://music-museum.ru/visit/biletyi-i-czenyi.html;2026-10-09T19:34:47.781861+00:00
music-museum.ru;Музей П.И. Чайковский и Москва;free_rules;Герои Советского Союза и РФ, полные кавалеры ордена Славы (граждане РФ и стран ЕАЭС);музей;;;Право бесплатного посещения* музея предоставляется следующим категориям посетителей;Право бесплатного посещения* музея;always;https://music-museum.ru/visit/biletyi-i-czenyi.html;2026-10-09T19:34:47.781861+00:00
music-museum.ru;Музей П.И. Чайковский и Москва;free_rules;ветераны и инвалиды Великой Отечественной войны и лица их сопровождающие (не более 1 сопровождающего на каждого из поестителей данной категории);музей;;;Право бесплатного посещения* музея предоставляется следующим категориям посетителей;Право бесплатного посещения* музея;always;https://music-museum.ru/visit/biletyi-i-czenyi.html;2026-10-09T19:34:47.781861+00:00
music-museum.ru;Музей П.И. Чайковский и Москва;free_rules;участники СВО;музей;;;Право бесплатного посещения* музея предоставляется следующим категориям посетителей;Право бесплатного посещения* музея;always;https://music-museum.ru/visit/biletyi-i-czenyi.html;2026-10-09T19:34:47.781861+00:00
music-museum.ru;Музей П.И. Чайковский и Москва;free_rules;члены семей участников СВО;музей;;;Право бесплатного посещения* музея предоставляется следующим категориям посетителей;Право бесплатного посещения* музея;always;https://music-museum.ru/visit/biletyi-i-czenyi.html;2026-10-09T19:34:47.781861+00:00
music-museum.ru;Музей П.И. Чайковский и Москва;free_rules;участник программы лояльности для музейного волонтера «Спутник»;музей;;;Право бесплатного посещения* музея предоставляется следующим категориям посетителей;Право бесплатного посещения* музея;always;https://music-museum.ru/visit/biletyi-i-czenyi.html;2026-10-09T19:34:47.781861+00:00
music-museum.ru;Музей П.И. Чайковский и Москва;free_rules;члены Российского военно-исторического общества;музей;;;Право бесплатного посещения* музея предоставляется следующим категориям посетителей;Право бесплатного посещения* музея;always;https://music-museum.ru/visit/biletyi-i-czenyi.html;2026-10-09T19:34:47.781861+00:00
music-museum.ru;Музей П.И. Чайковский и Москва;free_rules;дети от 6 до 18 лет включительно;музеи Российского национального музея музыки;;;Первая среда месяца;если день бесплатного посещения выпадает на праздничный день, бесплатное посещение не предусмотрено;recurring_day;https://music-museum.ru/visit/biletyi-i-czenyi.html;2026-10-09T19:34:47.781861+00:00
music-museum.ru;Музей П.И. Чайковский и Москва;free_rules;обучающиеся по основным профессиональным образовательным программам;музеи Российского национального музея музыки;;;Первая суббота месяца;если день бесплатного посещения выпадает на праздничный день, бесплатное посещение не предусмотрено;recurring_day;https://music-museum.ru/visit/biletyi-i-czenyi.html;2026-10-09T19:34:47.781861+00:00
music-museum.ru;Музей П.И. Чайковский и Москва;free_rules;пенсионеры РФ;музеи Российского национального музея музыки;;;Последняя среда месяца;если день бесплатного посещения выпадает на праздничный день, бесплатное посещение не предусмотрено;recurring_day;https://music-museum.ru/visit/biletyi-i-czenyi.html;2026-10-09T19:34:47.781861+00:00
museumsport.ru;Всероссийский физкультурно-спортивный комплекс Готов к труду и обороне;tickets;взрослый;Входной билет на посещение музея (без экскурсовода);350,00 рублей;350;;без экскурсовода;;https://museumsport.ru/for_visitors;2026-10-09T19:34:43.374058+00:00
museumsport.ru;Всероссийский физкультурно-спортивный комплекс Готов к труду и обороне;tickets;дети, пенсионеры, инвалиды 2 и 3 группы, студенты дневной формы обучения;Входной билет на посещение музея (без экскурсовода);250,00 рублей;250;;без экскурсовода;;https://museumsport.ru/for_visitors;2026-10-09T19:34:43.374058+00:00
museumsport.ru;Всероссийский физкультурно-спортивный комплекс Готов к труду и обороне;tickets;иностранный гражданин;Входной билет на посещение музея (без экскурсовода);700,00 рублей;700;;без экскурсовода;;https://museumsport.ru/for_visitors;2026-10-09T19:34:43.374058+00:00
museumsport.ru;Всероссийский физкультурно-спортивный комплекс Готов к труду и обороне;tickets;взрослый;Входной билет на групповое посещение музея (с экскурсоводом), обзорная экскурсия в составе группы от 10 чел.;400,00 рублей;400;;с экскурсоводом, обзорная экскурсия в составе группы от 10 чел.;;https://museumsport.ru/for_visitors;2026-10-09T19:34:43.374058+00:00
museumsport.ru;Всероссийский физкультурно-спортивный комплекс Готов к труду и обороне;tickets;дети, пенсионеры, инвалиды 2 и 3 группы, студенты дневной формы обучения;Входной билет на групповое посещение музея (с экскурсией);300,00 рублей;300;;с экскурсией;;https://museumsport.ru/for_visitors;2026-10-09T19:34:43.374058+00:00
museumsport.ru;Всероссийский физкультурно-спортивный комплекс Готов к труду и обороне;tickets;иностранный гражданин;Входной билет на групповое посещение музея (с экскурсоводом), обзорная экскурсия в составе группы от 10 чел.;750,00 рублей;750;;с экскурсоводом, обзорная экскурсия в составе группы от 10 чел.;;https://museumsport.ru/for_visitors;2026-10-09T19:34:43.374058+00:00
museumsport.ru;Всероссийский физкультурно-спортивный комплекс Готов к труду и обороне;tickets;взрослые;Входной билет на экскурсию по усадьбе с посещением музея;500,00 рублей;500;;с экскурсионным обслуживанием;;https://museumsport.ru/for_visitors;2026-10-09T19:34:43.374058+00:00
museumsport.ru;Всероссийский физкультурно-спортивный комплекс Готов к труду и обороне;tickets;дети, пенсионеры, инвалиды 2 и 3 группы, студенты дневной формы обучения;Входной билет на экскурсию по усадьбе с посещением музея;350,00 рублей;350;;с экскурсионным обслуживанием;;https://museumsport.ru/for_visitors;2026-10-09T19:34:43.374058+00:00
museumsport.ru;Всероссийский физкультурно-спортивный комплекс Готов к труду и обороне;tickets;иностранный гражданин;Входной билет на экскурсию по усадьбе с посещением музея;1000,00 рублей;1000;;с экскурсионным обслуживанием;;https://museumsport.ru/for_visitors;2026-10-09T19:34:43.374058+00:00
museumsport.ru;Всероссийский физкультурно-спортивный комплекс Готов к труду и обороне;tickets;взрослые;Входной билет на экскурсию по усадьбе;250,00 рублей;250;;с экскурсионным обслуживанием;;https://museumsport.ru/for_visitors;2026-10-09T19:34:43.374058+00:00
museumsport.ru;Всероссийский физкультурно-спортивный комплекс Готов к труду и обороне;tickets;дети, пенсионеры, инвалиды 2 и 3 группы, студенты дневной формы обучения;Входной билет на экскурсию по усадьбе;200,00 рублей;200;;с экскурсионным обслуживанием;;https://museumsport.ru/for_visitors;2026-10-09T19:34:43.374058+00:00
museumsport.ru;Всероссийский физкультурно-спортивный комплекс Готов к труду и обороне;tickets;иностранный гражданин;Входной билет на экскурсию по усадьбе;500,00 рублей;500;;с экскурсионным обслуживанием;;https://museumsport.ru/for_visitors;2026-10-09T19:34:43.374058+00:00
museumsport.ru;Всероссийский физкультурно-спортивный комплекс Готов к труду и обороне;tickets;не указана;Квест-игра;400,00 рублей;400;;до 60 минут;;https://museumsport.ru/for_visitors;2026-10-09T19:34:43.374058+00:00
museumsport.ru;Всероссийский физкультурно-спортивный комплекс Готов к труду и обороне;tickets;не указана;Прокат аудиогида;300,00 рублей;300;;;;https://museumsport.ru/for_visitors;2026-10-09T19:34:43.374058+00:00
museumsport.ru;Всероссийский физкультурно-спортивный комплекс Готов к труду и обороне;tickets;группы от 10 до 25 человек;Экскурсионное обслуживание;500,00 рублей;500;;группы от 10 до 25 человек;;https://museumsport.ru/for_visitors;2026-10-09T19:34:43.374058+00:00
museumsport.ru;Всероссийский физкультурно-спортивный комплекс Готов к труду и обороне;tickets;не указана;«Входной билет на временную выставку»;500,00 рублей;500;;;;https://museumsport.ru/for_visitors;2026-10-09T19:34:43.374058+00:00
museumsport.ru;Всероссийский физкультурно-спортивный комплекс Готов к труду и обороне;tickets;не указана;"Экскурсионное обслуживание по программе ""Музей детям""";500,00 рублей;500;;экскурсионное обслуживание на одну группу;;https://museumsport.ru/for_visitors;2026-10-09T19:34:43.374058+00:00
museumsport.ru;Всероссийский физкультурно-спортивный комплекс Готов к труду и обороне;tickets;от 6 лет;Квест «Кубок чемпионов»;300 руб./чел., без льгот;300;;без льгот;;https://museumsport.ru/for_visitors;2026-10-09T19:34:43.374058+00:00
museumsport.ru;Всероссийский физкультурно-спортивный комплекс Готов к труду и обороне;free_rules;"Сотрудники музеев; Ветераны и участники СВО, а также члены семей (жены, дети), погибших при исполнении воинского долга на СВО. Лица, не достигшие восемнадцати лет (право на бесплатное посещение один раз в месяц (третья среда месяца)) Герои Социалистического Труда, Герои Труда Российской Федерации, награжденные орденом Трудовой Славы трех степеней (полные кавалеры ордена Трудовой Славы; Ветераны локальных войн (Афганистан, Чечня); Многодетные семьи (семьи, имеющие в своем составе трех и более детей); Дети-сироты; Сопровождающие инвалида I группы (один человек); Инвалиды I группы; Дети-инвалиды и сопровождающие их лица; Военнослужащие, проходящие военную службу по призыву; Герои Советского Союза и Российской Федерации и являющиеся полными кавалерами ордена Славы; Ветераны Великой Отечественной войны и приравненные к ним категории граждан;";посещение музея;;;"Лица, не достигшие восемнадцати лет — один раз в месяц (третья среда месяца); для остальных категорий срок не указан";Льготное посещение осуществляется только при предъявлении документа ГОСУДАРСТВЕННОГО ОБРАЗЦА, дающего право на льготы. СОЦИАЛЬНАЯ КАРТА МОСКВИЧА НЕ ЯВЛЯЕТСЯ ДОКУМЕНТОМ ДЛЯ ПРЕДОСТАВЛЕНИЯ ЛЬГОТ НА ПОСЕЩЕНИЕ МУЗЕЯ!;benefit;https://museumsport.ru/for_visitors;2026-10-09T19:34:43.374058+00:00
muzeytemnoty.ru;Музей темноты;tickets;Клиенты (посетители Экспозиции);Экскурсия в темноте (интерактивная сенсорная экспозиция), Музей Темноты;Стоимость экскурсии согласовывается с Клиентом заранее и соответствует прейскуранту, представленному на Сайте;;;"Экскурсии осуществляются в группах от 1 до 8 человек; цена включает НДС по ставке 5%; билет приобретается на посещение Экспозиции в строго выбранное при бронировании время";;https://progulka-v-temnote.ru/ru/user-agreement;2026-10-09T19:34:49.986262+00:00
muzeytemnoty.ru;Музей темноты;tickets;Подарочный сертификат на 1-го участника;Подарочный сертификат, Услуга: На 1-го участника;2 600 ₽;2600;;"Выберите номинал, отправить себе или в подарок; сертификат придёт на E-mail";;https://progulka-v-temnote.ru/ru/user-agreement;2026-10-09T19:34:49.986262+00:00
muzeytemnoty.ru;Музей темноты;tickets;Подарочный сертификат для близких;Подарочный сертификат, Услуга: Для близких;2 300 ₽;2300;;"Выберите номинал, отправить себе или в подарок; сертификат придёт на E-mail";;https://progulka-v-temnote.ru/ru/user-agreement;2026-10-09T19:34:49.986262+00:00
muzeytemnoty.ru;Музей темноты;free_rules;Один взрослый сопровождающий группы детей школьного возраста (от 4х детей в группе);Экскурсия в темноте, Музей Темноты;;;в будний день при проведении организованной экскурсии для детей школьного возраста;"С каждой группой детей должен идти минимум один взрослый сопровождающий (родитель или организатор, не сотрудник Музея Темноты); в выходные и праздничные дни все участники экскурсий, в т.ч. сопровождающие, должны приобрести билет; сопровождающий обязан ознакомиться с правилами посещения для групп и подписать лист ознакомления";benefit;https://progulka-v-temnote.ru/ru/user-agreement;2026-10-09T19:34:49.986262+00:00
muzey-sensorium.ru;Сенсориум, музей в темноте;tickets;Детский билет;Экскурсия;1 500 ₽;1500;;пн-чт;;https://muzey-sensorium.ru/stoimost-i-bronirovanie/excursion;2026-10-09T19:34:48.505814+00:00
muzey-sensorium.ru;Сенсориум, музей в темноте;tickets;Детский билет;Экскурсия;1 700 ₽;1700;;пт-вс;;https://muzey-sensorium.ru/stoimost-i-bronirovanie/excursion;2026-10-09T19:34:48.505814+00:00
muzey-sensorium.ru;Сенсориум, музей в темноте;tickets;Взрослый билет;Экскурсия;1 800 ₽;1800;;Пн — Чт;;https://muzey-sensorium.ru/stoimost-i-bronirovanie/excursion;2026-10-09T19:34:48.505814+00:00
muzey-sensorium.ru;Сенсориум, музей в темноте;tickets;Взрослый билет;Экскурсия;2 000 ₽;2000;;пт-вс;;https://muzey-sensorium.ru/stoimost-i-bronirovanie/excursion;2026-10-09T19:34:48.505814+00:00
muzey-sensorium.ru;Сенсориум, музей в темноте;tickets;Взрослый или детский билет;Экскурсия, ночная экскурсия (после 21:20);2 500 ₽;2500;;ночная экскурсия (после 21:20);;https://muzey-sensorium.ru/stoimost-i-bronirovanie/excursion;2026-10-09T19:34:48.505814+00:00
muzey-sensorium.ru;Сенсориум, музей в темноте;tickets;Бронь слота целиком (до 8 чел.);Экскурсия;12 500 ₽;12500;;Пн-чт;;https://muzey-sensorium.ru/stoimost-i-bronirovanie/excursion;2026-10-09T19:34:48.505814+00:00
muzey-sensorium.ru;Сенсориум, музей в темноте;tickets;Бронь слота целиком (до 8 чел.);Экскурсия;13 500 ₽;13500;;Пт-вс;;https://muzey-sensorium.ru/stoimost-i-bronirovanie/excursion;2026-10-09T19:34:48.505814+00:00
muzey-sensorium.ru;Сенсориум, музей в темноте;tickets;В общей группе (за одного человека);Экскурсия;от 1500 ₽;;;за одного человека;;https://muzey-sensorium.ru/stoimost-i-bronirovanie/excursion;2026-10-09T19:34:48.505814+00:00
muzey-sensorium.ru;Сенсориум, музей в темноте;tickets;Индивидуально (бронь группы целиком, на 8 человек);Экскурсия;от 12500 ₽;;;бронь группы целиком, на 8 человек;;https://muzey-sensorium.ru/stoimost-i-bronirovanie/excursion;2026-10-09T19:34:48.505814+00:00
muzey-sensorium.ru;Сенсориум, музей в темноте;tickets;Свидание (за двух человек);Свидание;от 11500 ₽;;;за двух человек;;https://muzey-sensorium.ru/stoimost-i-bronirovanie/excursion;2026-10-09T19:34:48.505814+00:00
muzey-sensorium.ru;Сенсориум, музей в темноте;tickets;Базовое;Свидание;11 500 ₽;11500;;пн-чт;;https://muzey-sensorium.ru/stoimost-i-bronirovanie/excursion;2026-10-09T19:34:48.505814+00:00
muzey-sensorium.ru;Сенсориум, музей в темноте;tickets;Базовое;Свидание;13 500 ₽;13500;;пт-вс;;https://muzey-sensorium.ru/stoimost-i-bronirovanie/excursion;2026-10-09T19:34:48.505814+00:00
muzey-sensorium.ru;Сенсориум, музей в темноте;tickets;Базовое;Свидание;15 500 ₽;15500;;пн-чт в 21:40;;https://muzey-sensorium.ru/stoimost-i-bronirovanie/excursion;2026-10-09T19:34:48.505814+00:00
muzey-sensorium.ru;Сенсориум, музей в темноте;tickets;Базовое;Свидание;15 500 ₽;15500;;пт-вс в 21:20;;https://muzey-sensorium.ru/stoimost-i-bronirovanie/excursion;2026-10-09T19:34:48.505814+00:00
muzey-sensorium.ru;Сенсориум, музей в темноте;tickets;«пикник в темноте»;Свидание;13 500 ₽;13500;;до 21:40 пн-чт;;https://muzey-sensorium.ru/stoimost-i-bronirovanie/excursion;2026-10-09T19:34:48.505814+00:00
muzey-sensorium.ru;Сенсориум, музей в темноте;tickets;«пикник в темноте»;Свидание;15 500 ₽;15500;;до 21:20 пт-вс;;https://muzey-sensorium.ru/stoimost-i-bronirovanie/excursion;2026-10-09T19:34:48.505814+00:00
muzey-sensorium.ru;Сенсориум, музей в темноте;tickets;«пикник в темноте»;Свидание;17 500 ₽;17500;;пн-чт в 21:40;;https://muzey-sensorium.ru/stoimost-i-bronirovanie/excursion;2026-10-09T19:34:48.505814+00:00
muzey-sensorium.ru;Сенсориум, музей в темноте;tickets;«пикник в темноте»;Свидание;17 500 ₽;17500;;пт-вс в 21:20;;https://muzey-sensorium.ru/stoimost-i-bronirovanie/excursion;2026-10-09T19:34:48.505814+00:00
muzey-sensorium.ru;Сенсориум, музей в темноте;tickets;Предложение в темноте;Свидание;20 000 ₽;20000;;;;https://muzey-sensorium.ru/stoimost-i-bronirovanie/excursion;2026-10-09T19:34:48.505814+00:00
muzey-sensorium.ru;Сенсориум, музей в темноте;tickets;VIP-свидание;Свидание;28 000 ₽;28000;;;;https://muzey-sensorium.ru/stoimost-i-bronirovanie/excursion;2026-10-09T19:34:48.505814+00:00
muzey-sensorium.ru;Сенсориум, музей в темноте;tickets;Экскурсия в темноте;Экскурсия в темноте;от 1 800 ₽;;;до 8, 1 час;;https://muzey-sensorium.ru/;2026-10-09T19:34:48.505814+00:00
muzey-sensorium.ru;Сенсориум, музей в темноте;tickets;Свидание в темноте;Свидание в темноте;от 11 500 ₽;;;2, 1 час;;https://muzey-sensorium.ru/;2026-10-09T19:34:48.505814+00:00
muzey-sensorium.ru;Сенсориум, музей в темноте;tickets;Детские праздники;Детские праздники;от 22 900₽;;;до 12, 2 часа;;https://muzey-sensorium.ru/;2026-10-09T19:34:48.505814+00:00
muzey-sensorium.ru;Сенсориум, музей в темноте;tickets;Мафия в темноте;Мафия в темноте;от 2 500 ₽;;;от 6, 1,5 часа;;https://muzey-sensorium.ru/;2026-10-09T19:34:48.505814+00:00
muzey-sensorium.ru;Сенсориум, музей в темноте;tickets;Фонды;Посещение сенсорной экскурсии в темноте;1300 руб.;1300;;Для фондов действует спеццена;;https://muzey-sensorium.ru/dobriybilet;2026-10-09T19:34:48.505814+00:00
muzey-sensorium.ru;Сенсориум, музей в темноте;tickets;0,5 билета;Добрый билет;650 ₽;650;;;;https://muzey-sensorium.ru/dobriybilet;2026-10-09T19:34:48.505814+00:00
muzey-sensorium.ru;Сенсориум, музей в темноте;free_rules;благополучатели программы «Добрый билет»;Экспозиция;;;бесплатно посетить Экспозицию;"Билеты предоставляются благополучателям за счёт благотворителей; Партнёры самостоятельно определяют получателей билетов; посещение строго в согласованные дату и время";benefit;https://muzey-sensorium.ru/dobriybilet/purchase-return-rules;2026-10-09T19:34:48.505814+00:00
muzeydela.ru;Музей предпринимателей, меценатов и благотворителей;tickets;Общий билет (группы от 6 до 30 человек);Обзорная экскурсия по музею, входной билет на основную экспозицию;800 руб./чел.;800;;"Для групп от 6 до 30 человек; посещение экскурсий производится по Входному билету на основную экспозицию";;https://muzeydela.ru/posetitelyam/ceny-i-pravila-poseshcheniya/;2026-10-09T19:34:48.837662+00:00
muzeydela.ru;Музей предпринимателей, меценатов и благотворителей;tickets;Льготный билет* (группы от 6 до 30 человек);Обзорная экскурсия по музею, входной билет на основную экспозицию;600 руб./чел.;600;;"Для групп от 6 до 30 человек; льготные категории: школьники, студенты, пенсионеры, дети-сироты, дети-инвалиды, ветераны ВОВ и боевых действий, инвалиды I и II групп, члены многодетных семей, Герои Советского Союза, Герои РФ, ликвидаторы аварии на Чернобыльской АЭС и военнослужащих срочной службы";;https://muzeydela.ru/posetitelyam/ceny-i-pravila-poseshcheniya/;2026-10-09T19:34:48.837662+00:00
muzeydela.ru;Музей предпринимателей, меценатов и благотворителей;tickets;Общий билет (группы от 6 до 30 человек);Тематическая экскурсия, входной билет на основную экспозицию;1000 руб./чел.;1000;;Для групп от 6 до 30 человек;;https://muzeydela.ru/posetitelyam/ceny-i-pravila-poseshcheniya/;2026-10-09T19:34:48.837662+00:00
muzeydela.ru;Музей предпринимателей, меценатов и благотворителей;tickets;Льготный билет* (группы от 6 до 30 человек);Тематическая экскурсия, входной билет на основную экспозицию;800 руб./чел.;800;;"Для групп от 6 до 30 человек; льготные категории: школьники, студенты, пенсионеры, дети-сироты, дети-инвалиды, ветераны ВОВ и боевых действий, инвалиды I и II групп, члены многодетных семей, Герои Советского Союза, Герои РФ, ликвидаторы аварии на Чернобыльской АЭС и военнослужащих срочной службы";;https://muzeydela.ru/posetitelyam/ceny-i-pravila-poseshcheniya/;2026-10-09T19:34:48.837662+00:00
muzeydela.ru;Музей предпринимателей, меценатов и благотворителей;tickets;Группа от 1 до 5 человек;Обзорная экскурсия, включая входные билеты и экскурсионное обслуживание;4000 руб. (за экскурсию, включая входные билеты и экскурсионное обслуживание);4000;;Для групп от 1 до 5 человек;;https://muzeydela.ru/posetitelyam/ceny-i-pravila-poseshcheniya/;2026-10-09T19:34:48.837662+00:00
muzeydela.ru;Музей предпринимателей, меценатов и благотворителей;tickets;Группа от 1 до 5 человек;Тематическая экскурсия, включая входные билеты и экскурсионное обслуживание;4500 руб. (за экскурсию, включая входные билеты и экскурсионное обслуживание);4500;;Для групп от 1 до 5 человек;;https://muzeydela.ru/posetitelyam/ceny-i-pravila-poseshcheniya/;2026-10-09T19:34:48.837662+00:00
muzeydela.ru;Музей предпринимателей, меценатов и благотворителей;tickets;Учащиеся, получающие среднее общее образование (школьники) или среднее профессиональное образование (учащиеся колледжей) по очной форме обучения в государственных образовательных организациях, подведомственных органам исполнительной власти города Москвы, муниципальных и частных образовательных организациях, осуществляющих образовательную деятельность на территории города Москвы, независимо от возраста;Льготный билет, частично погашают стоимость льготного билета;150 руб./чел.;150;;при наличии карты «Москвенок» или Социальной карты москвича (возможно также предоставить справку из школы или колледжа о том, что посетитель является учащимся школы/колледжа) и успешной их валидации через терминал;;https://muzeydela.ru/posetitelyam/ceny-i-pravila-poseshcheniya/;2026-10-09T19:34:48.837662+00:00
muzeydela.ru;Музей предпринимателей, меценатов и благотворителей;tickets;Общий билет;Пешеходные экскурсии;1500 руб.;1500;;"Пешеходные экскурсии проводятся в период с апреля по октябрь; минимальная стоимость проведения пешеходной экскурсии - 8 000 руб.";;https://muzeydela.ru/posetitelyam/ceny-i-pravila-poseshcheniya/;2026-10-09T19:34:48.837662+00:00
muzeydela.ru;Музей предпринимателей, меценатов и благотворителей;tickets;Льготный билет;Пешеходные экскурсии;1200 руб.;1200;;"Пешеходные экскурсии проводятся в период с апреля по октябрь; минимальная стоимость проведения пешеходной экскурсии - 8 000 руб.; льготные категории: школьники, студенты, пенсионеры, дети-сироты, дети-инвалиды, ветераны ВОВ и боевых действий, инвалиды I и II групп, члены многодетных семей, Герои Советского Союза, Герои РФ, ликвидаторы аварии на Чернобыльской АЭС и военнослужащих срочной службы";;https://muzeydela.ru/posetitelyam/ceny-i-pravila-poseshcheniya/;2026-10-09T19:34:48.837662+00:00
muzeydela.ru;Музей предпринимателей, меценатов и благотворителей;free_rules;2 (два) сопровождающих;проходят бесплатно;;;Для групп школьников и студентов численностью от 20 чел.;Для групп школьников и студентов численностью от 20 чел.;benefit;https://muzeydela.ru/posetitelyam/ceny-i-pravila-poseshcheniya/;2026-10-09T19:34:48.837662+00:00
muzeydela.ru;Музей предпринимателей, меценатов и благотворителей;free_rules;1 (один) сопровождающий;проходит бесплатно;;;Для групп школьников и студентов численностью до 20 чел.;Для групп школьников и студентов численностью до 20 чел.;benefit;https://muzeydela.ru/posetitelyam/ceny-i-pravila-poseshcheniya/;2026-10-09T19:34:48.837662+00:00
naive-museum.ru;Арт-Наив-Парк;free_rules;все посетители;экспозиция «Музей русского лубка и наивного искусства» (Малый Головин пер., д. 10, стр.1), экспозиции «Дача» (Союзный проспект, д. 15 А) и экспозиции «Народные картины» (Измайловский бульвар, д. 30);;;15 октября 2026 года;Для бесплатного визита необходимо зарегистрироваться — оформить электронный билет в сервисе «Мосбилет». Оформить билет возможно с полной и со стандартной учетной записью Mos ID. Приобретенные билеты отобразятся в личном кабинете на mos.ru, а также в мобильных приложениях «Госуслуги Москвы», «Моя Москва» и «Мой id». На входе в музей достаточно показать билет или его QR-код в одном из мобильных приложений. Приобрести входной билет в музей в дни «Московской музейной недели» можно и в обычном порядке, через кассу, однако в этом случае посещение будет платным. Предварительная регистрация обязательна.;recurring_day;https://naive-museum.ru/2025/07/besplatnoe-voskresene/;2026-10-09T19:34:53.950732+00:00
naive-museum.ru;Арт-Наив-Парк;free_rules;Лица, не достигшие восемнадцати лет, и студенты;музей;;;в дни «Московской музейной недели»;"могут оформить бесплатный билет в кассе; для подтверждения льготы потребуется предъявить соответствующий документ";benefit;https://naive-museum.ru/2025/07/besplatnoe-voskresene/;2026-10-09T19:34:53.950732+00:00
mvk.academy-andriaka.ru;Музей акварели;tickets;Взрослые граждане России и стран СНГ, взрослые иностранные граждане;Музейно-выставочный комплекс, входной билет (все выставки и постоянные экспозиции Музея Акварели);480 руб.;480;;Билеты продаются в кассе Музейно-выставочного комплекса (ул. Академика Варги, 15). Покупка билетов онлайн возможна на платформе «ВМузей». Входной билет предполагает однократное посещение экспозиции в день посещения музейного комплекса.;;https://mvk.academy-andriaka.ru/tickets/;2026-10-09T19:34:52.326016+00:00
mvk.academy-andriaka.ru;Музей акварели;tickets;Дети (до 18 лет), пенсионеры (РФ и СНГ), студенты учебных заведений России;Музейно-выставочный комплекс, льготный входной билет (все выставки и постоянные экспозиции Музея Акварели);240 руб.;240;;Если вы приобрели льготный электронный билет, пожалуйста, не забудьте взять с собой документ, подтверждающий льготу. Билеты продаются в кассе Музейно-выставочного комплекса (ул. Академика Варги, 15). Покупка билетов онлайн возможна на платформе «ВМузей».;;https://mvk.academy-andriaka.ru/tickets/;2026-10-09T19:34:52.326016+00:00
mvk.academy-andriaka.ru;Музей акварели;tickets;Льготная категория граждан;Музейно-выставочный комплекс, бесплатный входной билет;0 руб.;0;;Бесплатное посещение;;https://mvk.academy-andriaka.ru/tickets/;2026-10-09T19:34:52.326016+00:00
narkomfin.ru;Гараж, музей;free_rules;владельцы карты GARAGE;Музей «Гараж» и библиотека;;;бесплатное посещение;"карта GARAGE; срок действия карты — 1 год с момента активации; для получения и активации карты необходимо подписать согласие на обработку персональных данных на стойке информации Музея «Гараж» или Дома Наркомфина — ежедневно, с 11:00 до 22:00";benefit;https://narkomfin.ru/visit;2026-10-09T19:34:55.500540+00:00
muzeimayakovskogo.ru;Государственный музей В.В. Маяковского;tickets;полный билет;"посещение площадок музея ""Квартира на Большой Пресне"" и ""Квартира в Студенецком переулке""";400 руб.;400;;Для посещения билет можно купить только на сайте mos.ru или в кассе музея. При покупке электронного билета, нужно показать его сотруднику музея (в распечатанном виде или в электронном виде с экрана мобильного устройства). Доступна покупка билетов по Пушкинской карте.;;https://muzeimayakovskogo.ru/museum/tickets-and-services/;2026-10-09T19:34:48.132192+00:00
muzeimayakovskogo.ru;Государственный музей В.В. Маяковского;tickets;льготный билет;"посещение площадок музея ""Квартира на Большой Пресне"" и ""Квартира в Студенецком переулке""";200 руб.;200;;"Льготные категории: Студенты, обучающиеся по очной форме обучения в образовательных учреждениях РФ и СНГ по программам среднего и высшего профессионального образования; Дети в возрасте от 7 до 18 лет; Многодетные семьи; Пенсионеры РФ. Льгота предоставляется при предъявлении в кассах площадок музея документа, подтверждающего льготу, а также при оформлении билета через АИС ""Мосбилет"" с авторизацией на портале Mos.ru. Для посещения билет можно купить только на сайте mos.ru или в кассе музея.";;https://muzeimayakovskogo.ru/museum/tickets-and-services/;2026-10-09T19:34:48.132192+00:00
muzeimayakovskogo.ru;Государственный музей В.В. Маяковского;tickets;полный билет;сборная экскурсия;700 р. / 1 билет;700;;Индивидуальные билеты;;https://muzeimayakovskogo.ru/museum/tickets-and-services/;2026-10-09T19:34:48.132192+00:00
muzeimayakovskogo.ru;Государственный музей В.В. Маяковского;tickets;льготный билет;сборная экскурсия;500 р. или 300 р. / 1 билет;;;Индивидуальные билеты;;https://muzeimayakovskogo.ru/museum/tickets-and-services/;2026-10-09T19:34:48.132192+00:00
muzeimayakovskogo.ru;Государственный музей В.В. Маяковского;tickets;индивидуальные билеты;лекция;400 р.;400;;Индивидуальные билеты;;https://muzeimayakovskogo.ru/museum/tickets-and-services/;2026-10-09T19:34:48.132192+00:00
muzeimayakovskogo.ru;Государственный музей В.В. Маяковского;tickets;индивидуальные билеты;мастер-класс;500 р.;500;;Индивидуальные билеты;;https://muzeimayakovskogo.ru/museum/tickets-and-services/;2026-10-09T19:34:48.132192+00:00
muzeimayakovskogo.ru;Государственный музей В.В. Маяковского;tickets;индивидуальные билеты;интерактивная программа;от 400 до 600 р.;;;Индивидуальные билеты;;https://muzeimayakovskogo.ru/museum/tickets-and-services/;2026-10-09T19:34:48.132192+00:00
muzeimayakovskogo.ru;Государственный музей В.В. Маяковского;tickets;индивидуальные билеты;пешеходная экскурсия;500 р.;500;;Индивидуальные билеты;;https://muzeimayakovskogo.ru/museum/tickets-and-services/;2026-10-09T19:34:48.132192+00:00
muzeimayakovskogo.ru;Государственный музей В.В. Маяковского;tickets;группа от 1 до 5 чел.;"экскурсия по площадке музея (""Квартира на Большой Пресне"" или ""Квартира в Студенецком переулке"")";2500 р.;2500;;ЦЕНА БИЛЕТА НА МЕРОПРИЯТИЕ И ЭКСКУРСИЮ ДЛЯ ГРУПП;;https://muzeimayakovskogo.ru/museum/tickets-and-services/;2026-10-09T19:34:48.132192+00:00
muzeimayakovskogo.ru;Государственный музей В.В. Маяковского;tickets;группа от 6 до 12 чел.;"экскурсия по площадке музея (""Квартира на Большой Пресне"" или ""Квартира в Студенецком переулке"")";6000 р.;6000;;ЦЕНА БИЛЕТА НА МЕРОПРИЯТИЕ И ЭКСКУРСИЮ ДЛЯ ГРУПП;;https://muzeimayakovskogo.ru/museum/tickets-and-services/;2026-10-09T19:34:48.132192+00:00
muzeimayakovskogo.ru;Государственный музей В.В. Маяковского;tickets;льготная группа;"экскурсия по площадке музея (""Квартира на Большой Пресне"" или ""Квартира в Студенецком переулке"")";4800 или 3000 р.;;;ЦЕНА БИЛЕТА НА МЕРОПРИЯТИЕ И ЭКСКУРСИЮ ДЛЯ ГРУПП;;https://muzeimayakovskogo.ru/museum/tickets-and-services/;2026-10-09T19:34:48.132192+00:00
muzeimayakovskogo.ru;Государственный музей В.В. Маяковского;tickets;группа от 1 до 5 чел.;пешеходная экскурсия;3500 р.;3500;;ЦЕНА БИЛЕТА НА МЕРОПРИЯТИЕ И ЭКСКУРСИЮ ДЛЯ ГРУПП;;https://muzeimayakovskogo.ru/museum/tickets-and-services/;2026-10-09T19:34:48.132192+00:00
muzeimayakovskogo.ru;Государственный музей В.В. Маяковского;tickets;группа от 6 до 15 чел.;пешеходная экскурсия;9000 р.;9000;;ЦЕНА БИЛЕТА НА МЕРОПРИЯТИЕ И ЭКСКУРСИЮ ДЛЯ ГРУПП;;https://muzeimayakovskogo.ru/museum/tickets-and-services/;2026-10-09T19:34:48.132192+00:00
muzeimayakovskogo.ru;Государственный музей В.В. Маяковского;tickets;группа от 1 до 12 чел.;интерактивная программа (без использования дополнительных расходных материалов);4800 р.;4800;;ЦЕНА БИЛЕТА НА МЕРОПРИЯТИЕ И ЭКСКУРСИЮ ДЛЯ ГРУПП;;https://muzeimayakovskogo.ru/museum/tickets-and-services/;2026-10-09T19:34:48.132192+00:00
muzeimayakovskogo.ru;Государственный музей В.В. Маяковского;tickets;группа от 1 до 12 чел.;интерактивная программа (музей предоставляет необходимые расходные материалы.);7200 р.;7200;;ЦЕНА БИЛЕТА НА МЕРОПРИЯТИЕ И ЭКСКУРСИЮ ДЛЯ ГРУПП;;https://muzeimayakovskogo.ru/museum/tickets-and-services/;2026-10-09T19:34:48.132192+00:00
muzeimayakovskogo.ru;Государственный музей В.В. Маяковского;tickets;заказная лекция;заказная лекция;6000 р.;6000;;ЦЕНА БИЛЕТА НА МЕРОПРИЯТИЕ И ЭКСКУРСИЮ ДЛЯ ГРУПП;;https://muzeimayakovskogo.ru/museum/tickets-and-services/;2026-10-09T19:34:48.132192+00:00
muzeimayakovskogo.ru;Государственный музей В.В. Маяковского;tickets;льготная группа;заказная лекция;4800 или 3000 р.;;;ЦЕНА БИЛЕТА НА МЕРОПРИЯТИЕ И ЭКСКУРСИЮ ДЛЯ ГРУПП;;https://muzeimayakovskogo.ru/museum/tickets-and-services/;2026-10-09T19:34:48.132192+00:00
muzeimayakovskogo.ru;Государственный музей В.В. Маяковского;free_rules;"Герои СССР, Герои РФ, Полные кавалеры Ордена Славы; Дети до 7 лет (не достигшие семилетнего возраста); Дети-инвалиды; Участники Великой Отечественной войны и приравненные к ним категории, ветераны боевых действий; Лица, награжденные знаком ""Жителю блокадного Ленинграда""; Неработающие инвалиды I, II групп; Сотрудники музеев РФ и Международного совета музеев (ICOM); Дети-сироты и дети, оставшиеся без попечения родителей, обучающиеся и студенты из числа детей-сирот и детей, оставшихся без попечения родителей; Лица, не достигшие 18 лет, а также лица, обучающиеся по основным профессиональным образовательным программам (один раз в месяц, в день, установленный НПА учреждения); Многодетные семьи - семьи с тремя и более детьми до достижения старшим ребенком возраста 18 лет или возраста 23 лет при условии его обучения в организации, осуществляющей образовательную деятельность (один раз в месяц, в день, установленный НПА учреждения); Сопровождающие организованных групп обучающихся, получающие среднее общее образование или среднее профессиональное образование по очной форме обучения в государственных образовательных организациях, подведомственных органам исполнительной власти города Москвы, муниципальных образовательных организациях, осуществляющих образовательную деятельность на территории города Москвы, в лице работников образовательной организации либо родителей (иных законных представителей); Участники проекта Мэра Москвы ""МУЗЕИ-ДЕТЯМ"" (лица, указанные в п.1 Постановления Правительства Москвы от 29 августа 2017 г. № 594-ПП ""О бесплатном посещении музеев и выставочных залов обучающимися и организации бесплатного транспортного обслуживания обучающихся""); Военнослужащие, проходящие военную службу по призыву; Участники СВО и члены их семей";посещение площадок музея;;;Бесплатно;"Льгота на посещение предоставляется при предъявлении в кассах площадок музея документа, подтверждающего льготу, а также при оформлении билета через автоматизированную информационную систему ""Московская билетная система в сфере культуры"" (АИС ""Мосбилет"") с авторизацией на портале Mos.ru, где система автоматически проверяет право гражданина на льготу по данным Общегородского регистра получателей мер социальной поддержки (ИС ""Социум""). В случае успешной проверки формируется льготный электронный билет с QR-кодом, который предъявляется при посещении музея.";benefit;https://muzeimayakovskogo.ru/museum/tickets-and-services/;2026-10-09T19:34:48.132192+00:00
muzeimayakovskogo.ru;Государственный музей В.В. Маяковского;free_rules;все посетители;площадки «Квартира на Большой Пресне» и «Квартира в Студенецком переулке»;;;среда на третьей неделе каждого месяца;Акция «Московская музейная неделя» проводится третью неделю каждого месяца. Бесплатный день Государственного музея В.В.Маяковского на такой неделе – среда.;recurring_day;https://muzeimayakovskogo.ru/museum/tickets-and-services/;2026-10-09T19:34:48.132192+00:00
new.russikona.ru;Музей русской иконы им. Михаила Абрамова;free_rules;все посетители;посещение музея, все экскурсии и события;;;всегда;Мы никогда не берём плату за посещение музея;always;http://new.russikona.ru/visitors;2026-10-09T19:34:57.980505+00:00
nomadic.ru;Музей кочевой культуры;tickets;группа до 10 чел.;экскурсионная программа для группы;8 000 руб.;8000;;"только по предварительной записи; бронирование по тел. +7 (916) 513-31-48, с 10.00 до 19.00, кроме Пн и Чт; оплата; работа с физическими и юридическими лицами";;http://nomadic.ru/visitors;2026-10-09T19:35:00.721630+00:00
nomadic.ru;Музей кочевой культуры;tickets;группа до 19 чел.;экскурсионная программа для группы;10 000 руб.;10000;;"только по предварительной записи; бронирование по тел. +7 (916) 513-31-48, с 10.00 до 19.00, кроме Пн и Чт; оплата; работа с физическими и юридическими лицами";;http://nomadic.ru/visitors;2026-10-09T19:35:00.721630+00:00
nesterenko.arts.mos.ru;ГБУК города Москвы Московская государственная картинная галерея Василия Нестеренко;tickets;"Граждане РФ, не попадающих под льготы; Иностранные граждане";входной билет в музей, полный билет;500 р.;500;;покупка на сайте «Мосбилет» банковской картой (в том числе «Пушкинской картой») или в кассе галереи;;https://nesterenko.arts.mos.ru/svedeniya-o-kartinnoy-galeree/kupit-bilet/;2026-10-09T19:34:57.407403+00:00
nesterenko.arts.mos.ru;ГБУК города Москвы Московская государственная картинная галерея Василия Нестеренко;tickets;"Дети в возрасте от 7 до 18 лет включительно; Студенты (очная форма обучения); Иностранные студенты - владельцы ISIC; Пенсионеры; Инвалиды III группы";входной билет в музей, льготный билет;250 р.;250;;покупка на сайте «Мосбилет» банковской картой (в том числе «Пушкинской картой») или в кассе галереи;;https://nesterenko.arts.mos.ru/svedeniya-o-kartinnoy-galeree/kupit-bilet/;2026-10-09T19:34:57.407403+00:00
ochakovo.ru;Очаково, музей традиционных русских напитков;tickets;Взрослые;Экскурсия по безалкогольному производству в сборной группе 20–40 человек;700 ₽ с человека;700;;"Возрастное ограничение 7+; группа 20–40 человек; продолжительность 1,5 часа";;https://ochakovo.ru/ekskursii/;2026-10-09T19:35:03.724992+00:00
ochakovo.ru;Очаково, музей традиционных русских напитков;tickets;Дети до 17 лет, в сопровождении взрослых;Экскурсия по безалкогольному производству в сборной группе 20–40 человек;500 ₽ с человека;500;;"Возрастное ограничение 7+; в сопровождении взрослых; группа 20–40 человек";;https://ochakovo.ru/ekskursii/;2026-10-09T19:35:03.724992+00:00
ochakovo.ru;Очаково, музей традиционных русских напитков;tickets;Взрослые;Экскурсия по пивоваренному производству в сборной группе 20–40 человек;700 ₽ с человека;700;;"Возрастное ограничение 18+; группа 20–40 человек; продолжительность 1,5 часа";;https://ochakovo.ru/ekskursii/;2026-10-09T19:35:03.724992+00:00
ochakovo.ru;Очаково, музей традиционных русских напитков;tickets;Студенты;Экскурсия по пивоваренному производству в сборной группе 20–40 человек;500 ₽ с человека;500;;"Возрастное ограничение 18+; группа 20–40 человек";;https://ochakovo.ru/ekskursii/;2026-10-09T19:35:03.724992+00:00
ochakovo.ru;Очаково, музей традиционных русских напитков;tickets;Взрослые;Экскурсия для детей в организованной группе 20–40 человек;700 ₽ с человека;700;;"Возрастное ограничение 7+; организованная группа 20–40 человек; продолжительность 1,5 часа";;https://ochakovo.ru/ekskursii/;2026-10-09T19:35:03.724992+00:00
ochakovo.ru;Очаково, музей традиционных русских напитков;tickets;Дети до 17 лет;Экскурсия для детей в организованной группе 20–40 человек;500 ₽ с человека;500;;"Возрастное ограничение 7+; организованная группа 20–40 человек";;https://ochakovo.ru/ekskursii/;2026-10-09T19:35:03.724992+00:00
ochakovo.ru;Очаково, музей традиционных русских напитков;tickets;1–5 человек;Индивидуальная экскурсия и мини-группы;8 000 ₽ за всех;8000;;"Возрастное ограничение 18+; группа 1–15 человек; продолжительность 1,5 часа";;https://ochakovo.ru/ekskursii/;2026-10-09T19:35:03.724992+00:00
ochakovo.ru;Очаково, музей традиционных русских напитков;tickets;6–15 человек;Индивидуальная экскурсия и мини-группы;1500 ₽ за каждого;1500;;"Возрастное ограничение 18+; группа 1–15 человек; продолжительность 1,5 часа";;https://ochakovo.ru/ekskursii/;2026-10-09T19:35:03.724992+00:00
ognimos.ru;Огни Москвы;tickets;полный билет;Экскурсия по экспозиции музея (1 час);700 рублей;700;;Экскурсия по экспозиции музея (1 час);;http://www.ognimos.ru/;2026-10-09T19:35:04.328617+00:00
ognimos.ru;Огни Москвы;tickets;льготный билет (дети, пенсионеры, студенты, многодетные родители);Экскурсия по экспозиции музея (1 час);500 рублей;500;;льготный билет (дети, пенсионеры, студенты, многодетные родители);;http://www.ognimos.ru/;2026-10-09T19:35:04.328617+00:00
ognimos.ru;Огни Москвы;tickets;"при наличии карты ""Москвенок""";Экскурсия по экспозиции музея (1 час);250 рублей;250;;"При наличии карты ""Москвенок""";;http://www.ognimos.ru/;2026-10-09T19:35:04.328617+00:00
ognimos.ru;Огни Москвы;tickets;полный билет;Экскурсия по экспозиции музея (40 минут);550 рублей;550;;Экскурсия по экспозиции музея (40 минут);;http://www.ognimos.ru/;2026-10-09T19:35:04.328617+00:00
ognimos.ru;Огни Москвы;tickets;льготный билет (дети, пенсионеры, студенты, многодетные родители);Экскурсия по экспозиции музея (40 минут);350 рублей;350;;льготный билет (дети, пенсионеры, студенты, многодетные родители);;http://www.ognimos.ru/;2026-10-09T19:35:04.328617+00:00
ognimos.ru;Огни Москвы;tickets;"при наличии карты ""Москвенок""";Экскурсия по экспозиции музея (40 минут);200 рублей;200;;"При наличии карты ""Москвенок""";;http://www.ognimos.ru/;2026-10-09T19:35:04.328617+00:00
ognimos.ru;Огни Москвы;tickets;полный билет;Семейная экскурсия с мастер-классом по изготовлению свечей;1000 рублей;1000;;Семейная экскурсия с мастер-классом по изготовлению свечей;;http://www.ognimos.ru/;2026-10-09T19:35:04.328617+00:00
ognimos.ru;Огни Москвы;tickets;льготный билет (дети, пенсионеры, студенты, многодетные родители);Семейная экскурсия с мастер-классом по изготовлению свечей;850 рублей;850;;льготный билет (дети, пенсионеры, студенты, многодетные родители);;http://www.ognimos.ru/;2026-10-09T19:35:04.328617+00:00
ognimos.ru;Огни Москвы;tickets;"при наличии карты ""Москвенок""";Семейная экскурсия с мастер-классом по изготовлению свечей;600 рублей;600;;"При наличии карты ""Москвенок""";;http://www.ognimos.ru/;2026-10-09T19:35:04.328617+00:00
ognimos.ru;Огни Москвы;tickets;полный билет;Пешеходная экскурсия с фонариками;800 рублей;800;;Пешеходная экскурсия с фонариками;;http://www.ognimos.ru/;2026-10-09T19:35:04.328617+00:00
ognimos.ru;Огни Москвы;tickets;льготный (дети, пенсионеры, студенты, многодетные родители);Пешеходная экскурсия с фонариками;600 рублей;600;;льготный (дети, пенсионеры, студенты, многодетные родители);;http://www.ognimos.ru/;2026-10-09T19:35:04.328617+00:00
ognimos.ru;Огни Москвы;tickets;взрослый билет;экскурсионное обслуживание 1 июня;500 рублей;500;;Стоимость экскурсионного обслуживания — 500 рублей (взрослый билет);;http://www.ognimos.ru/;2026-10-09T19:35:04.328617+00:00
ognimos.ru;Огни Москвы;free_rules;дети;музей;;;1 июня;В честь праздника дети посещают музей бесплатно;dated_event;http://www.ognimos.ru/;2026-10-09T19:35:04.328617+00:00
orientmuseum.ru;Государственный музей Востока;tickets;взрослые;Главное здание музея Востока, входной билет;500 ₽;500;;"онлайн билет на конкретные дату и время (сеанс); билет действителен только в указанные дату и время";;https://www.orientmuseum.ru/visit/index.php;2026-10-09T19:35:06.022483+00:00
orientmuseum.ru;Государственный музей Востока;tickets;«Семейный билет» - для двоих родителей (папа и мама) с одним или двумя детьми с 7 до 17 лет включительно (граждане РФ);Главное здание музея Востока, входной билет;1200 ₽;1200;;граждане РФ;;https://www.orientmuseum.ru/visit/index.php;2026-10-09T19:35:06.022483+00:00
orientmuseum.ru;Государственный музей Востока;tickets;аудиогид;Главное здание музея Востока, аудиогид;400 ₽;400;;Аудиогид выдается под залог (2000 руб.). Аудиогид необходимо вернуть за 15 минут до закрытия кассы музея;;https://www.orientmuseum.ru/visit/index.php;2026-10-09T19:35:06.022483+00:00
orientmuseum.ru;Государственный музей Востока;free_rules;Детям до 6 лет включительно;Главное здание музея Востока, вход в музей;;;постоянно;"бесплатный билет; онлайн можно приобрести бесплатный билет только в одном заказе с платным билетом; бесплатный билет отдельно можно получить только в кассе музея в порядке общей очереди";always;https://www.orientmuseum.ru/visit/index.php;2026-10-09T19:35:06.022483+00:00
orientmuseum.ru;Государственный музей Востока;free_rules;лица, не достигшие восемнадцати лет, а также обучающиеся по основным профессиональным образовательным программам (школьники, студенты, аспиранты);Главное здание музея Востока, вход в музей;;;четвертый четверг каждого месяца;день бесплатного посещения;recurring_day;https://www.orientmuseum.ru/visit/index.php;2026-10-09T19:35:06.022483+00:00
orientmuseum.ru;Государственный музей Востока;free_rules;участники СВО и члены их семей;Главное здание музея Востока, вход в музей;;;первая среда первого месяца квартала;день бесплатного посещения;recurring_day;https://www.orientmuseum.ru/visit/index.php;2026-10-09T19:35:06.022483+00:00
ostankino-museum.ru;Останкино, усадьба;free_rules;"участники и инвалиды Великой Отечественной войны, ветераны боевых действий, лица, награжденные знаком «Жителю блокадного Ленинграда», Герои Советского Союза, Герои Российской Федерации, полные кавалеры ордена Славы, военнослужащие срочной службы, дети до 7 лет, дети-сироты и дети, оставшиеся без попечения родителей, обучающиеся и студенты из числа детей-сирот и детей, оставшиеся без попечения родителей, дети-инвалиды, неработающие инвалиды I и II группы, лица из многодетных семей - семья с тремя и более детьми до достижения старшим ребенком возраста 18 лет или возраста 23 лет при условии его обучения в образовательной организации по очной форме обучения, члены союзов журналистов Москвы и сотрудники средств массовой информации (при наличии членского билета и редакционного задания), обладатели сертификата ""Активный гражданин"", сотрудники музеев РФ и членов ИКОМ, участники проекта Мэра Москвы ""МУЗЕИ-ДЕТЯМ"", сопровождающие лица организованных групп участников проекта Мэра Москвы ""МУЗЕИ-ДЕТЯМ"", категории граждан в рамках акции «Твой день» в 2025";входной билет в Египетский павильон;;;Бесплатно;при предъявлении документа;benefit;https://ostankino-museum.ru:443/biletyi-vyistavochnyie-zalyi;2026-10-09T19:35:07.830903+00:00
ostankino-museum.ru;Останкино, усадьба;free_rules;все посетители;только Египетский павильон;;;в рамках Московской музейной недели;"Необходимо предварительно зарегистрироваться и оформить электронный билет в сервисе «Мосбилет»; при отсутствии оформленного бесплатного билета возможно приобретение платного входного билета в кассе музея";recurring_day;https://ostankino-museum.ru:443/biletyi-vyistavochnyie-zalyi;2026-10-09T19:35:07.830903+00:00
park-kuzminki.ru;Главный дом усадьбы Н.А. Дурасова;tickets;Взрослый;Комплексный входной билет во дворец Н.А. Дурасова (1-й и 3-й этажи): парадные залы (1-й этаж) и выставочный зал «Бельведер» (3-й этаж);500 рублей;500;;Электронные билеты необходимо обменять на бумажные в кассе в день посещения. Входной билет также доступен в кассе перед визитом в музей. Касса музея закрывается в 17:30.;;https://park-kuzminki.ru/lublino/what-to-do/kompleksnyy-vkhodnoy-bilet-vo-dvorets-n-a-durasova-1-y-i-3-y-etazhi/;2026-10-09T19:35:14.323694+00:00
park-kuzminki.ru;Главный дом усадьбы Н.А. Дурасова;tickets;Льготный;Комплексный входной билет во дворец Н.А. Дурасова (1-й и 3-й этажи): парадные залы (1-й этаж) и выставочный зал «Бельведер» (3-й этаж);250 рублей;250;;Электронные билеты необходимо обменять на бумажные в кассе в день посещения. Входной билет также доступен в кассе перед визитом в музей. Касса музея закрывается в 17:30.;;https://park-kuzminki.ru/lublino/what-to-do/kompleksnyy-vkhodnoy-bilet-vo-dvorets-n-a-durasova-1-y-i-3-y-etazhi/;2026-10-09T19:35:14.323694+00:00
paleo.ru;Палеонтологический музей им. Ю. А. Орлова;tickets;Полная стоимость (взрослые посетители);входной билет в музей, основная экспозиция;600 руб.;600;;"без экскурсионного обслуживания; оплата наличными или платежными системами МИР, Visa, Mastercard";;https://www.paleo.ru/museum/visitors/;2026-10-09T19:35:10.137786+00:00
paleo.ru;Палеонтологический музей им. Ю. А. Орлова;tickets;"Льготная стоимость: школьники; студенты очной формы обучения; пенсионеры; инвалиды 3 группы (граждане Российской Федерации)";входной билет в музей, основная экспозиция;300 руб.;300;;"без экскурсионного обслуживания; предъявление оригиналов соответствующих документов в кассе и по просьбе сотрудников на контроле при входе";;https://www.paleo.ru/museum/visitors/;2026-10-09T19:35:10.137786+00:00
paleo.ru;Палеонтологический музей им. Ю. А. Орлова;free_rules;"инвалиды 1 и 2 группы; лицо, сопровождающее инвалида 1 или 2 группы; участники и инвалиды Великой Отечественной войны и локальных военных конфликтов; Герои Советского Союза и Российской Федерации, полные кавалеры ордена Славы; дети до 6 лет (включительно); члены многодетных семей; дети-сироты и дети, оставшиеся без попечения родителей, находящиеся в детских домах и школах-интернатах; дети-инвалиды; военнослужащие срочной службы Российской Федерации; участники специальной военной операции (СВО); члены семей участников СВО; сотрудники музеев Российской Федерации (граждане Российской Федерации)";посещение Музея без экскурсионного обслуживания;;;постоянно;предъявление оригиналов соответствующих документов в кассе, а также по просьбе сотрудников Музея на контроле при входе в экспозицию;always;https://www.paleo.ru/museum/visitors/;2026-10-09T19:35:10.137786+00:00
paleo.ru;Палеонтологический музей им. Ю. А. Орлова;free_rules;лица, не достигшие восемнадцати лет (граждане Российской Федерации);посещение Музея без экскурсионного обслуживания;;;один раз в месяц, каждый третий четверг;предъявление оригиналов соответствующих документов;recurring_day;https://www.paleo.ru/museum/visitors/;2026-10-09T19:35:10.137786+00:00
paleo.ru;Палеонтологический музей им. Ю. А. Орлова;free_rules;лица, обучающиеся по основным профессиональным образовательным программам (граждане Российской Федерации);посещение Музея без экскурсионного обслуживания;;;один раз в месяц, каждый третий четверг;предъявление оригиналов соответствующих документов;recurring_day;https://www.paleo.ru/museum/visitors/;2026-10-09T19:35:10.137786+00:00
paleo.ru;Палеонтологический музей им. Ю. А. Орлова;free_rules;учащиеся первых классов;вход на основную экспозицию музея;;;в течение всего сентября;"при входе необходимо предъявить документ, подтверждающий обучение в первом классе (дневник, справку из школы или ученический билет); бесплатный вход распространяется только на самого первоклассника; для сопровождающих взрослых действуют стандартные цены";dated_event;https://www.paleo.ru/museum/;2026-10-09T19:35:10.137786+00:00
paleo.ru;Палеонтологический музей им. Ю. А. Орлова;free_rules;все желающие;экспозиция и все мероприятия;;;31 мая, в День Палеонтологического музея;бесплатное посещение экспозиции и участие во всех мероприятиях;dated_event;https://www.paleo.ru/museum/;2026-10-09T19:35:10.137786+00:00
ostafyevomuseum.ru;Государственный музей-заповедник Остафьево-Русский Парнас;tickets;посетители, не имеющие льгот;Входной билет в парк, экспозиция «Усадебный парк»;150 руб.;150;;"без экскурсионного обслуживания; вход может быть ограничен в зависимости от погодных условий и/или проводимых мероприятий, работ и т.д.";;https://ostafyevomuseum.ru/upload/iblock/6e7/6e7cd65d2f6b44303f78096c96102418.pdf;2026-10-09T19:35:06.534531+00:00
ostafyevomuseum.ru;Государственный музей-заповедник Остафьево-Русский Парнас;tickets;льготные категории посетителей;Входной билет в парк, экспозиция «Усадебный парк»;100 руб.;100;;"без экскурсионного обслуживания; льготные билеты можно приобрести только в кассах музея при подтверждении права на льготу, в т.ч. через цифровую платформу МАХ";;https://ostafyevomuseum.ru/upload/iblock/6e7/6e7cd65d2f6b44303f78096c96102418.pdf;2026-10-09T19:35:06.534531+00:00
ostafyevomuseum.ru;Государственный музей-заповедник Остафьево-Русский Парнас;tickets;держатели Пушкинской карты;Входной билет в парк, экспозиция «Усадебный парк»;100 руб.*;100;;"при оплате Пушкинской картой; без экскурсионного обслуживания";;https://ostafyevomuseum.ru/upload/iblock/6e7/6e7cd65d2f6b44303f78096c96102418.pdf;2026-10-09T19:35:06.534531+00:00
ostafyevomuseum.ru;Государственный музей-заповедник Остафьево-Русский Парнас;tickets;льготные категории посетителей;Входной билет в здание музея на постоянные экспозиции и временные выставки;300 руб.;300;;"без экскурсионного обслуживания; льготные билеты можно приобрести только в кассах музея при подтверждении права на льготу";;https://ostafyevomuseum.ru/upload/iblock/6e7/6e7cd65d2f6b44303f78096c96102418.pdf;2026-10-09T19:35:06.534531+00:00
ostafyevomuseum.ru;Государственный музей-заповедник Остафьево-Русский Парнас;tickets;держатели Пушкинской карты;Входной билет в здание музея на постоянные экспозиции и временные выставки;200 руб.*;200;;"при оплате Пушкинской картой; без экскурсионного обслуживания";;https://ostafyevomuseum.ru/upload/iblock/6e7/6e7cd65d2f6b44303f78096c96102418.pdf;2026-10-09T19:35:06.534531+00:00
ostafyevomuseum.ru;Государственный музей-заповедник Остафьево-Русский Парнас;tickets;льготные категории посетителей;Входной билет на временные выставки музея;70 руб.;70;;"без экскурсионного обслуживания; льготные билеты можно приобрести только в кассах музея при подтверждении права на льготу";;https://ostafyevomuseum.ru/upload/iblock/6e7/6e7cd65d2f6b44303f78096c96102418.pdf;2026-10-09T19:35:06.534531+00:00
ostafyevomuseum.ru;Государственный музей-заповедник Остафьево-Русский Парнас;tickets;держатели Пушкинской карты;Входной билет на временные выставки музея;50 руб.*;50;;"при оплате Пушкинской картой; без экскурсионного обслуживания";;https://ostafyevomuseum.ru/upload/iblock/6e7/6e7cd65d2f6b44303f78096c96102418.pdf;2026-10-09T19:35:06.534531+00:00
ostafyevomuseum.ru;Государственный музей-заповедник Остафьево-Русский Парнас;tickets;посетители, не имеющие льгот;Входной билет на выставку «Две тысячи клоунов», Выставочный зал Кабинета медали;150 руб.;150;;"без экскурсионного обслуживания; вход может быть ограничен в зависимости от погодных условий и/или проводимых мероприятий, работ и т.д.";;https://ostafyevomuseum.ru/upload/iblock/6e7/6e7cd65d2f6b44303f78096c96102418.pdf;2026-10-09T19:35:06.534531+00:00
ostafyevomuseum.ru;Государственный музей-заповедник Остафьево-Русский Парнас;tickets;льготные категории посетителей;Входной билет на выставку «Две тысячи клоунов»;100 руб.;100;;"без экскурсионного обслуживания; льготные билеты можно приобрести только в кассах музея при подтверждении права на льготу";;https://ostafyevomuseum.ru/upload/iblock/6e7/6e7cd65d2f6b44303f78096c96102418.pdf;2026-10-09T19:35:06.534531+00:00
ostafyevomuseum.ru;Государственный музей-заповедник Остафьево-Русский Парнас;tickets;держатели Пушкинской карты;Входной билет на выставку «Две тысячи клоунов»;100 руб.*;100;;"при оплате Пушкинской картой; без экскурсионного обслуживания";;https://ostafyevomuseum.ru/upload/iblock/6e7/6e7cd65d2f6b44303f78096c96102418.pdf;2026-10-09T19:35:06.534531+00:00
ostafyevomuseum.ru;Государственный музей-заповедник Остафьево-Русский Парнас;tickets;посетители, не имеющие льгот;Входной билет в парк;150 руб.;150;;"электронный билет необходимо заранее распечатать, загрузить в телефон или сделать скриншот; для входа необходимо предъявить билет; чек об оплате не является входным документом";;https://ostafyevomuseum.ru/;2026-10-09T19:35:06.534531+00:00
ostafyevomuseum.ru;Государственный музей-заповедник Остафьево-Русский Парнас;tickets;посетители, не имеющие льгот;Входной билет в музей;350 руб.;350;;"электронный билет необходимо заранее распечатать, загрузить в телефон или сделать скриншот; для входа необходимо предъявить билет";;https://ostafyevomuseum.ru/;2026-10-09T19:35:06.534531+00:00
ostafyevomuseum.ru;Государственный музей-заповедник Остафьево-Русский Парнас;tickets;сборная экскурсионная группа до 5 человек;Экскурсия-консультация (по одной экспозиции или выставке), продолжительность 30-45 мин., по сеансам;1 250 руб./группа;1250;;при оплате экскурсии на каждого посетителя необходимо приобрести билет на экскурсионное обслуживание и входные билеты (билет в парк, билет в здание музея в зависимости от типа экскурсии);;https://ostafyevomuseum.ru/upload/iblock/6e7/6e7cd65d2f6b44303f78096c96102418.pdf;2026-10-09T19:35:06.534531+00:00
ostafyevomuseum.ru;Государственный музей-заповедник Остафьево-Русский Парнас;tickets;сборная экскурсионная группа от 6 до 15 человек;Экскурсия-консультация (по одной экспозиции или выставке), продолжительность 30-45 мин., по сеансам;250 руб./чел.;250;;при оплате экскурсии на каждого посетителя необходимо приобрести билет на экскурсионное обслуживание и входные билеты;;https://ostafyevomuseum.ru/upload/iblock/6e7/6e7cd65d2f6b44303f78096c96102418.pdf;2026-10-09T19:35:06.534531+00:00
ostafyevomuseum.ru;Государственный музей-заповедник Остафьево-Русский Парнас;tickets;сборная экскурсионная группа до 5 человек;Кураторская экскурсия (по одной экспозиции или выставке), продолжительность 60 мин., по сеансам;1 500 руб./группа;1500;;при оплате экскурсии на каждого посетителя необходимо приобрести билет на экскурсионное обслуживание и входные билеты;;https://ostafyevomuseum.ru/upload/iblock/6e7/6e7cd65d2f6b44303f78096c96102418.pdf;2026-10-09T19:35:06.534531+00:00
ostafyevomuseum.ru;Государственный музей-заповедник Остафьево-Русский Парнас;tickets;сборная экскурсионная группа от 6 до 15 человек;Кураторская экскурсия (по одной экспозиции или выставке), продолжительность 60 мин., по сеансам;300 руб./чел.;300;;при оплате экскурсии на каждого посетителя необходимо приобрести билет на экскурсионное обслуживание и входные билеты;;https://ostafyevomuseum.ru/upload/iblock/6e7/6e7cd65d2f6b44303f78096c96102418.pdf;2026-10-09T19:35:06.534531+00:00
ostafyevomuseum.ru;Государственный музей-заповедник Остафьево-Русский Парнас;tickets;группа от 1 до 5 человек;Индивидуальное экскурсионное обслуживание, продолжительность 60 мин., по согласованию с администрацией музея;2 500 руб./группа;2500;;при оплате экскурсии на каждого посетителя необходимо приобрести билет на экскурсионное обслуживание и входные билеты;;https://ostafyevomuseum.ru/upload/iblock/6e7/6e7cd65d2f6b44303f78096c96102418.pdf;2026-10-09T19:35:06.534531+00:00
ostafyevomuseum.ru;Государственный музей-заповедник Остафьево-Русский Парнас;tickets;группа 3-7 человек;Образовательные квесты, продолжительность 60 мин., по согласованию с администрацией музея;2 000 руб./группа;2000;;по согласованию с администрацией музея;;https://ostafyevomuseum.ru/upload/iblock/6e7/6e7cd65d2f6b44303f78096c96102418.pdf;2026-10-09T19:35:06.534531+00:00
ostafyevomuseum.ru;Государственный музей-заповедник Остафьево-Русский Парнас;tickets;держатели Пушкинской карты (лица в возрасте 14-22 лет);Аудиогид на русском или английском языке, за один аудиогид;300 руб.*;300;;"при оплате Пушкинской картой; стоимость возвратного залога за аудиогид 1 000 руб.";;https://ostafyevomuseum.ru/upload/iblock/6e7/6e7cd65d2f6b44303f78096c96102418.pdf;2026-10-09T19:35:06.534531+00:00
ostafyevomuseum.ru;Государственный музей-заповедник Остафьево-Русский Парнас;tickets;все категории посетителей;Стоимость билета на фотографирование в здании музея;100 руб.;100;;;;https://ostafyevomuseum.ru/upload/iblock/6e7/6e7cd65d2f6b44303f78096c96102418.pdf;2026-10-09T19:35:06.534531+00:00
ostafyevomuseum.ru;Государственный музей-заповедник Остафьево-Русский Парнас;tickets;все категории посетителей;Лекции, образовательные программы;300 руб.;300;;;;https://ostafyevomuseum.ru/upload/iblock/6e7/6e7cd65d2f6b44303f78096c96102418.pdf;2026-10-09T19:35:06.534531+00:00
ostafyevomuseum.ru;Государственный музей-заповедник Остафьево-Русский Парнас;tickets;все категории посетителей;Авторские лекции;500 руб.;500;;;;https://ostafyevomuseum.ru/upload/iblock/6e7/6e7cd65d2f6b44303f78096c96102418.pdf;2026-10-09T19:35:06.534531+00:00
ostafyevomuseum.ru;Государственный музей-заповедник Остафьево-Русский Парнас;tickets;все категории посетителей;Интерактивные программы;700 руб.;700;;;;https://ostafyevomuseum.ru/upload/iblock/6e7/6e7cd65d2f6b44303f78096c96102418.pdf;2026-10-09T19:35:06.534531+00:00
ostafyevomuseum.ru;Государственный музей-заповедник Остафьево-Русский Парнас;tickets;все категории посетителей;Концертные мероприятия (Конференц-зал);700 руб., 900 руб.;;;;;https://ostafyevomuseum.ru/upload/iblock/6e7/6e7cd65d2f6b44303f78096c96102418.pdf;2026-10-09T19:35:06.534531+00:00
ostafyevomuseum.ru;Государственный музей-заповедник Остафьево-Русский Парнас;tickets;на 2 лица;Абонемент 2026, без экскурсионного обслуживания, экспозиция «Усадебный парк», срок действия: 01.01.2026 - 31.12.2026;3 000 руб.;3000;;"без экскурсионного обслуживания; вход может быть ограничен в зависимости от погодных условий и/или проводимых мероприятий, работ и т.д.";;https://ostafyevomuseum.ru/upload/iblock/6e7/6e7cd65d2f6b44303f78096c96102418.pdf;2026-10-09T19:35:06.534531+00:00
ostafyevomuseum.ru;Государственный музей-заповедник Остафьево-Русский Парнас;free_rules;"дети до 15-ти лет включительно; инвалиды 1-й, 2-й группы, дети-инвалиды; лица, сопровождающие детей-инвалидов, инвалидов 1-й и 2-й групп и инвалидов-колясочников; участники ВОВ, воины–интернационалисты; участники СВО и члены их семей; военнослужащие срочной службы РФ; сотрудники музеев и Минкультуры РФ, члены ИКОМ, члены Союза краеведов; члены многодетных семей; представители СМИ (при наличии аккредитации в музее); другие категории граждан в соответствии с законодательством РФ";"вход по бесплатному билету; не распространяется на экскурсионное обслуживание, фото/видеосъёмку, коммерческие выставки, мероприятия (концерты, лекции, мастер-классы, образовательные программы и др.)";;;постоянно;для получения льготного билета необходимо предъявить документ, подтверждающий право на льготу, а также документ, удостоверяющий личность;always;https://ostafyevomuseum.ru/upload/iblock/6e7/6e7cd65d2f6b44303f78096c96102418.pdf;2026-10-09T19:35:06.534531+00:00
ostafyevomuseum.ru;Государственный музей-заповедник Остафьево-Русский Парнас;free_rules;пенсионеры, лица от 16 до 18 лет, студенты, члены многодетных семей и инвалиды 3-ей группы;бесплатное посещение парка и музея (экскурсионное сопровождение согласно установленным ценам);;;последний четверг месяца;экскурсионное сопровождение согласно установленным ценам;recurring_day;https://ostafyevomuseum.ru/;2026-10-09T19:35:06.534531+00:00
ostafyevomuseum.ru;Государственный музей-заповедник Остафьево-Русский Парнас;free_rules;все посетители;вход в парк;;;ежедневно с 08:00 до 10:00;"вход до 22:00; с 10:00 - согласно установленным ценам";recurring_day;https://ostafyevomuseum.ru/;2026-10-09T19:35:06.534531+00:00
polymus.ru;Открытые коллекции, Политехнический музей;free_rules;волонтёры;экспозиция и выставки Политехнического музея;;;бонусы волонтёров;Бесплатный вход на экспозицию и выставки Политехнического музея;benefit;https://polymus.ru/visitors/volunteers;2026-10-09T19:35:27.963993+00:00
planetarium-moscow.ru;Лунариум, интерактивное пространство;tickets;Стандарт;Большой Звездный зал и музей Урании;900 ₽;900;;"Будние дни; скидки и льготы не распространяются на VIP-места";;http://planetarium-moscow.ru/visitors/prices;2026-10-09T19:35:21.688141+00:00
planetarium-moscow.ru;Лунариум, интерактивное пространство;tickets;Стандарт;Большой Звездный зал и музей Урании;1000 ₽;1000;;"Выходные и праздничные дни; скидки и льготы не распространяются на VIP-места";;http://planetarium-moscow.ru/visitors/prices;2026-10-09T19:35:21.688141+00:00
planetarium-moscow.ru;Лунариум, интерактивное пространство;tickets;VIP;Большой Звездный зал и музей Урании;1000 ₽;1000;;"Будние дни; скидки и льготы не распространяются на VIP-места";;http://planetarium-moscow.ru/visitors/prices;2026-10-09T19:35:21.688141+00:00
planetarium-moscow.ru;Лунариум, интерактивное пространство;tickets;VIP;Большой Звездный зал и музей Урании;1100 ₽;1100;;"Выходные и праздничные дни; скидки и льготы не распространяются на VIP-места";;http://planetarium-moscow.ru/visitors/prices;2026-10-09T19:35:21.688141+00:00
planetarium-moscow.ru;Лунариум, интерактивное пространство;tickets;Все посетители;Интерактивный музей «Лунариум»;900 ₽;900;;по будням;;http://planetarium-moscow.ru/visitors/prices;2026-10-09T19:35:21.688141+00:00
planetarium-moscow.ru;Лунариум, интерактивное пространство;tickets;Все посетители;Интерактивный музей «Лунариум»;1100 ₽;1100;;по выходным и праздничным дням;;http://planetarium-moscow.ru/visitors/prices;2026-10-09T19:35:21.688141+00:00
planetarium-moscow.ru;Лунариум, интерактивное пространство;tickets;Все посетители;Малый Звездный зал;350 ₽;350;;None;;http://planetarium-moscow.ru/visitors/prices;2026-10-09T19:35:21.688141+00:00
planetarium-moscow.ru;Лунариум, интерактивное пространство;tickets;взрослые и дети от 6 лет;4D кинотеатр;600 ₽ / 700 ₽ (выходные);;;допускаются только взрослые и дети от 6 лет;;http://planetarium-moscow.ru/visitors/prices;2026-10-09T19:35:21.688141+00:00
planetarium-moscow.ru;Лунариум, интерактивное пространство;tickets;Все посетители;Большая Обсерватория;300 ₽ / 400 ₽ (выходные);;;работает с мая по сентябрь не работает в 2026 году;;http://planetarium-moscow.ru/visitors/prices;2026-10-09T19:35:21.688141+00:00
planetarium-moscow.ru;Лунариум, интерактивное пространство;tickets;Все посетители;Астроплощадка «Парк неба»;200 ₽;200;;работает с мая по сентябрь не работает в 2026 году;;http://planetarium-moscow.ru/visitors/prices;2026-10-09T19:35:21.688141+00:00
planetarium-moscow.ru;Лунариум, интерактивное пространство;tickets;Все посетители;Наблюдения (астроплощадка) «100 часов астрономии»;600 ₽;600;;None;;http://planetarium-moscow.ru/visitors/prices;2026-10-09T19:35:21.688141+00:00
planetarium-moscow.ru;Лунариум, интерактивное пространство;tickets;Все посетители;Театр Увлекательной Науки;1000 ₽;1000;;скидки и льготы не распространяются на билеты на программы «Театр Увлекательной Науки»;;http://planetarium-moscow.ru/visitors/prices;2026-10-09T19:35:21.688141+00:00
planetarium-moscow.ru;Лунариум, интерактивное пространство;tickets;Все посетители;Театр Увлекательной Науки (Абонемент на 6 занятий);4200 ₽;4200;;None;;http://planetarium-moscow.ru/visitors/prices;2026-10-09T19:35:21.688141+00:00
planetarium-moscow.ru;Лунариум, интерактивное пространство;tickets;Все посетители;Астрономический кружок;300 ₽ (1 занятие);300;;1 занятие;;http://planetarium-moscow.ru/visitors/prices;2026-10-09T19:35:21.688141+00:00
planetarium-moscow.ru;Лунариум, интерактивное пространство;tickets;Все посетители;Цикл лекций: Трибуна ученого;800 ₽;800;;None;;http://planetarium-moscow.ru/visitors/prices;2026-10-09T19:35:21.688141+00:00
planetarium-moscow.ru;Лунариум, интерактивное пространство;tickets;Все посетители;Цикл лекций: Трибуна молодого ученого;600 ₽;600;;None;;http://planetarium-moscow.ru/visitors/prices;2026-10-09T19:35:21.688141+00:00
planetarium-moscow.ru;Лунариум, интерактивное пространство;tickets;Все посетители;«Свидание в музее Урании»;10 000 ₽;10000;;None;;http://planetarium-moscow.ru/visitors/prices;2026-10-09T19:35:21.688141+00:00
planetarium-moscow.ru;Лунариум, интерактивное пространство;tickets;Все посетители;«Свидание в музее Урании» на английском языке;15 000 ₽;15000;;на английском языке;;http://planetarium-moscow.ru/visitors/prices;2026-10-09T19:35:21.688141+00:00
planetarium-moscow.ru;Лунариум, интерактивное пространство;tickets;Все посетители;«Свидание в парке неба»;10 000 ₽;10000;;None;;http://planetarium-moscow.ru/visitors/prices;2026-10-09T19:35:21.688141+00:00
planetarium-moscow.ru;Лунариум, интерактивное пространство;tickets;Все посетители;«Свидание в парке неба» на английском языке;15 000 ₽;15000;;на английском языке;;http://planetarium-moscow.ru/visitors/prices;2026-10-09T19:35:21.688141+00:00
planetarium-moscow.ru;Лунариум, интерактивное пространство;tickets;Все посетители;«Квест в Планетарии»;6 000 ₽;6000;;None;;http://planetarium-moscow.ru/visitors/prices;2026-10-09T19:35:21.688141+00:00
planetarium-moscow.ru;Лунариум, интерактивное пространство;tickets;группа до 15 человек;«Детский праздник в Планетарии»;8 000 ₽;8000;;в будние дни, группа до 15 человек;;http://planetarium-moscow.ru/visitors/prices;2026-10-09T19:35:21.688141+00:00
planetarium-moscow.ru;Лунариум, интерактивное пространство;tickets;группа до 15 человек;«Детский праздник в Планетарии»;9 000 ₽;9000;;в выходные и праздничные дни, группа до 15 человек;;http://planetarium-moscow.ru/visitors/prices;2026-10-09T19:35:21.688141+00:00
planetarium-moscow.ru;Лунариум, интерактивное пространство;tickets;группы от 15 до 30 человек;«Детский праздник в Планетарии»;13 000 ₽;13000;;для групп от 15 до 30 человек;;http://planetarium-moscow.ru/visitors/prices;2026-10-09T19:35:21.688141+00:00
planetarium-moscow.ru;Лунариум, интерактивное пространство;tickets;групповое посещение (количество участников – до 15 человек);Мастер-классы и интерактивные программы цикла «Мастерская Звездочёта»;12 000 ₽;12000;;количество участников – до 15 человек;;http://planetarium-moscow.ru/visitors/prices;2026-10-09T19:35:21.688141+00:00
planetarium-moscow.ru;Лунариум, интерактивное пространство;tickets;инвалиды колясочники;Большой Звездный зал и музей Урании;120 ₽;120;;Кроме мест категории Vip;;http://planetarium-moscow.ru/visitors/prices;2026-10-09T19:35:21.688141+00:00
planetarium-moscow.ru;Лунариум, интерактивное пространство;tickets;инвалиды колясочники;Интерактивный музей «Лунариум»;300 ₽;300;;None;;http://planetarium-moscow.ru/visitors/prices;2026-10-09T19:35:21.688141+00:00
planetarium-moscow.ru;Лунариум, интерактивное пространство;tickets;инвалиды колясочники;Большая Обсерватория;100 ₽;100;;не работает в 2026 году;;http://planetarium-moscow.ru/visitors/prices;2026-10-09T19:35:21.688141+00:00
planetarium-moscow.ru;Лунариум, интерактивное пространство;tickets;инвалиды колясочники;Астроплощадка «Парк неба»;50 ₽;50;;работает с мая по сентябрь не работает в 2026 году;;http://planetarium-moscow.ru/visitors/prices;2026-10-09T19:35:21.688141+00:00
planetarium-moscow.ru;Лунариум, интерактивное пространство;tickets;инвалиды колясочники;"Цикл лекций ""Трибуна ученого""";100 ₽;100;;None;;http://planetarium-moscow.ru/visitors/prices;2026-10-09T19:35:21.688141+00:00
planetarium-moscow.ru;Лунариум, интерактивное пространство;tickets;инвалиды колясочники;"Цикл лекций ""Трибуна молодого ученого""";100 ₽;100;;None;;http://planetarium-moscow.ru/visitors/prices;2026-10-09T19:35:21.688141+00:00
planetarium-moscow.ru;Лунариум, интерактивное пространство;tickets;инвалиды колясочники;Семейный лекторий;100 ₽;100;;None;;http://planetarium-moscow.ru/visitors/prices;2026-10-09T19:35:21.688141+00:00
planetarium-moscow.ru;Лунариум, интерактивное пространство;free_rules;Ветераны Великой Отечественной войны, труженики тыла Великой Отечественной войны;на билеты во все зоны;;;Бесплатно;"Кроме мест категории Vip; льготные билеты можно купить онлайн, для их активации в кассе Планетария необходимо иметь подтверждающий льготы документ";benefit;http://planetarium-moscow.ru/visitors/prices;2026-10-09T19:35:21.688141+00:00
rah.ru;Выставочный зал Российской академии художеств;tickets;общая стоимость входного билета в музей;Галерея искусств Зураба Церетели Российской академии художеств;400 рублей;400;;КУПИТЬ БИЛЕТЫ;;https://rah.ru/exhibitions/detail.php?ID=56106;2026-10-09T19:35:39.993137+00:00
rah.ru;Выставочный зал Российской академии художеств;tickets;пенсионеры, члены многодетных семей (РФ), студенты высших и средне специальных учебных заведений России, дети в возрасте от 7 до 17 лет включительно;Галерея искусств Зураба Церетели Российской академии художеств;200 рублей;200;;КУПИТЬ БИЛЕТЫ;;https://rah.ru/exhibitions/detail.php?ID=56106;2026-10-09T19:35:39.993137+00:00
rah.ru;Выставочный зал Российской академии художеств;tickets;"дети в возрасте до 6 лет включительно, студенты художественных вузов и факультетов, учащиеся художественных школ и училищ, художники, сотрудники творческих союзов и музеев, члены Международного совета музеев (ICOM); ветераны и инвалиды ВОВ, бывшие несовершеннолетние узники, инвалиды I и II групп, сопровождающие инвалидов I и II групп, дети-инвалиды и их сопровождающие, ликвидаторы аварии на ЧАЭС, герои СССР и РФ, полные кавалеры ордена славы, военнослужащие срочной службы (РФ), ветераны боевых действий (РФ), мобилизованные граждане и члены их семей (РФ)";Галерея искусств Зураба Церетели Российской академии художеств;Бесплатно;0;;КУПИТЬ БИЛЕТЫ;;https://rah.ru/exhibitions/detail.php?ID=56106;2026-10-09T19:35:39.993137+00:00
rah.ru;Выставочный зал Российской академии художеств;tickets;Музыкальные вечера (концертная программа);МВК РАХ;400 рублей (льгот не предусмотрено);400;;Приобретается только в кассе музея в день концерта;;https://rah.ru/exhibitions/detail.php?ID=56106;2026-10-09T19:35:39.993137+00:00
rah.ru;Выставочный зал Российской академии художеств;tickets;общая стоимость входного билета в музей;выставочные залы Российской академии художеств;400 рублей;400;;"КУПИТЬ БИЛЕТЫ; ПУШКИНСКАЯ КАРТА";;https://rah.ru/exhibitions/detail.php?ID=56108;2026-10-09T19:35:39.993137+00:00
rah.ru;Выставочный зал Российской академии художеств;tickets;пенсионеры, члены многодетных семей (РФ), студенты высших и средне специальных учебных заведений России, дети в возрасте от 7 до 17 лет включительно;выставочные залы Российской академии художеств;200 рублей;200;;"КУПИТЬ БИЛЕТЫ; ПУШКИНСКАЯ КАРТА";;https://rah.ru/exhibitions/detail.php?ID=56108;2026-10-09T19:35:39.993137+00:00
rah.ru;Выставочный зал Российской академии художеств;tickets;"дети в возрасте до 6 лет включительно, студенты художественных вузов и факультетов, учащиеся художественных школ и училищ, художники, сотрудники творческих союзов и музеев, члены Международного совета музеев (ICOM); ветераны и инвалиды ВОВ, бывшие несовершеннолетние узники, инвалиды I и II групп, сопровождающие инвалидов I и II групп, дети-инвалиды и их сопровождающие, ликвидаторы аварии на ЧАЭС, герои СССР и РФ, полные кавалеры ордена славы, военнослужащие срочной службы (РФ) и ветераны боевых действий (РФ), мобилизованные граждане и члены их семей (РФ)";выставочные залы Российской академии художеств;Бесплатно;0;;"КУПИТЬ БИЛЕТЫ; ПУШКИНСКАЯ КАРТА";;https://rah.ru/exhibitions/detail.php?ID=56108;2026-10-09T19:35:39.993137+00:00
rah.ru;Выставочный зал Российской академии художеств;free_rules;все категории граждан;Галерея искусств Зураба Церетели Российской академии художеств;;;Последняя среда месяца;день бесплатного посещения;recurring_day;https://rah.ru/exhibitions/detail.php?ID=56106;2026-10-09T19:35:39.993137+00:00
rah.ru;Выставочный зал Российской академии художеств;free_rules;все категории граждан;выставочные залы Российской академии художеств;;;Последняя среда месяца;день бесплатного посещения;recurring_day;https://rah.ru/exhibitions/detail.php?ID=56108;2026-10-09T19:35:39.993137+00:00
rah.ru;Выставочный зал Российской академии художеств;free_rules;все категории граждан;Президиум и Выставочные залы Российской Академии Художеств (Москва, Пречистенка, 21);;;последняя среда месяца;день бесплатного посещения;recurring_day;https://rah.ru/;2026-10-09T19:35:39.993137+00:00
rah.ru;Выставочный зал Российской академии художеств;free_rules;все категории граждан;Москва, Пречистенка, 19;;;последняя среда месяца;день бесплатного посещения;recurring_day;https://rah.ru/;2026-10-09T19:35:39.993137+00:00
rah.ru;Выставочный зал Российской академии художеств;free_rules;все посетители;МЕМОРИАЛЬНЫЙ МУЗЕЙ «ТВОРЧЕСКАЯ МАСТЕРСКАЯ С.Т. КОНЕНКОВА» Российской Академии Художеств;;;Третье воскресенье каждого месяца;вход свободный;recurring_day;https://rah.ru/;2026-10-09T19:35:39.993137+00:00
roerichsmuseum.ru;Музей Рерихов;tickets;взрослые;входной билет в музей;500;500;;;;http://roerichsmuseum.ru/index.php/visitors;2026-10-09T19:35:42.913697+00:00
roerichsmuseum.ru;Музей Рерихов;tickets;двое родителей с одним или двумя детьми с 7 до 17 лет включительно (граждане РФ);«Семейный билет»;1200;1200;;;;http://roerichsmuseum.ru/index.php/visitors;2026-10-09T19:35:42.913697+00:00
roerichsmuseum.ru;Музей Рерихов;tickets;аудиогид;аудиогид;400;400;;Аудиогид выдается под залог (2000 руб.). Аудиогид необходимо вернуть за 15 минут до закрытия кассы музея;;http://roerichsmuseum.ru/index.php/visitors;2026-10-09T19:35:42.913697+00:00
roerichsmuseum.ru;Музей Рерихов;free_rules;Детям до 6 лет включительно;Вход в музей по бесплатным билетам;;;;;always;http://roerichsmuseum.ru/index.php/visitors;2026-10-09T19:35:42.913697+00:00
roerichsmuseum.ru;Музей Рерихов;free_rules;лица, не достигшие восемнадцати лет, а также обучающиеся по основным профессиональным образовательным программам (школьники, студенты, аспиранты);День бесплатного посещения;;;четвертый четверг каждого месяца;;recurring_day;http://roerichsmuseum.ru/index.php/visitors;2026-10-09T19:35:42.913697+00:00
roerichsmuseum.ru;Музей Рерихов;free_rules;участники СВО и члены их семей;День бесплатного посещения;;;первая среда первого месяца квартала;;recurring_day;http://roerichsmuseum.ru/index.php/visitors;2026-10-09T19:35:42.913697+00:00
pushkinmuseum.ru;Выставочный зал государственного музея имени А.С. Пушкина;tickets;"детей в возрасте от 7 до 18 лет; обучающихся по очной форме обучения в государственных образовательных учреждениях и негосударственных образовательных организациях, имеющих государственную аккредитацию, по программам начального, общего, основного общего, среднего (полного) общего образования; обучающихся по очной форме обучения в государственных образовательных учреждениях и негосударственных образовательных организациях, имеющих государственную аккредитацию, по программам начального профессионального образования; студентов, обучающихся по очной форме обучения в государственных образовательных учреждениях и негосударственных образовательных организациях, имеющих государственную аккредитацию, по программам среднего и высшего профессионального образования; пенсионеров; инвалидов 3 группы";ГМП, Пречистенка, 12/2: Входной комплексный билет в экспозиции и выставочные залы на Пречистенке;300 рублей;300;;Для посетителей, имеющих льготы;;https://www.pushkinmuseum.ru/posetitelyam/stoimost-biletov/;2026-10-09T19:35:39.679220+00:00
pushkinmuseum.ru;Выставочный зал государственного музея имени А.С. Пушкина;tickets;"детей в возрасте от 7 до 18 лет; обучающихся по очной форме обучения в государственных образовательных учреждениях и негосударственных образовательных организациях, имеющих государственную аккредитацию, по программам начального, общего, основного общего, среднего (полного) общего образования; обучающихся по очной форме обучения в государственных образовательных учреждениях и негосударственных образовательных организациях, имеющих государственную аккредитацию, по программам начального профессионального образования; студентов, обучающихся по очной форме обучения в государственных образовательных учреждениях и негосударственных образовательных организациях, имеющих государственную аккредитацию, по программам среднего и высшего профессионального образования; пенсионеров; инвалидов 3 группы";"Филиалы ГМП: Мемориальная квартира А.С. Пушкина (Арбат, 53); Мемориальная квартира Андрея Белого (Арбат, 55); Музей И.С. Тургенева (Остоженка, 37/7); Дом-Музей В.Л. Пушкина (Старая Басманная, 36); Выставочные залы на Арбате (Арбат, 53, стр. 6)";200 рублей;200;;Для посетителей, имеющих льготы;;https://www.pushkinmuseum.ru/posetitelyam/stoimost-biletov/;2026-10-09T19:35:39.679220+00:00
pushkinmuseum.ru;Выставочный зал государственного музея имени А.С. Пушкина;tickets;Для посетителей, не имеющих льгот;ГМП, Пречистенка, 12/2: Входной комплексный билет в экспозиции и выставочные залы на Пречистенке;600 рублей;600;;Для посетителей, не имеющих льгот;;https://www.pushkinmuseum.ru/posetitelyam/stoimost-biletov/;2026-10-09T19:35:39.679220+00:00
pushkinmuseum.ru;Выставочный зал государственного музея имени А.С. Пушкина;tickets;Для посетителей, не имеющих льгот;"Филиалы ГМП: Мемориальная квартира А.С. Пушкина (Арбат, 53); Мемориальная квартира Андрея Белого (Арбат, 55); Музей И.С. Тургенева (Остоженка, 37/7); Дом-Музей В.Л. Пушкина (Старая Басманная, 36); Выставочные залы на Арбате (Арбат, 53, стр. 6)";400 рублей;400;;Для посетителей, не имеющих льгот;;https://www.pushkinmuseum.ru/posetitelyam/stoimost-biletov/;2026-10-09T19:35:39.679220+00:00
pushkinmuseum.ru;Выставочный зал государственного музея имени А.С. Пушкина;tickets;Единый билет;"Мемориальная квартира А.С. Пушкина (Арбат, 53); Мемориальная квартира Андрея Белого (Арбат, 55); Выставочные залы на Арбате (Арбат, 53, стр. 6)";900 рублей;900;;действует в течение месяца с даты приобретения;;https://www.pushkinmuseum.ru/posetitelyam/stoimost-biletov/;2026-10-09T19:35:39.679220+00:00
pushkinmuseum.ru;Выставочный зал государственного музея имени А.С. Пушкина;tickets;Единый билет;"ГМП (Пречистенка,12/2); Мемориальная квартира А.С. Пушкина (Арбат, 53); Мемориальная квартира Андрея Белого (Арбат, 55); Выставочные залы на Арбате (Арбат, 53, стр. 6); Дом-музей И.С. Тургенева (Остоженка, 37/7); Дом-музей В.Л. Пушкина (Старая Басманная, 36)";1750 рублей;1750;;действует в течение месяца с даты приобретения;;https://www.pushkinmuseum.ru/posetitelyam/stoimost-biletov/;2026-10-09T19:35:39.679220+00:00
pushkinmuseum.ru;Выставочный зал государственного музея имени А.С. Пушкина;tickets;Единый билет;"Мемориальная квартира А.С. Пушкина (Арбат, 53); Мемориальная квартира Андрея Белого (Арбат, 55)";600 рублей;600;;действует в течение месяца с даты приобретения;;https://www.pushkinmuseum.ru/posetitelyam/stoimost-biletov/;2026-10-09T19:35:39.679220+00:00
pushkinmuseum.ru;Выставочный зал государственного музея имени А.С. Пушкина;tickets;Единый билет;"Мемориальная квартира А.С. Пушкина (Арбат, 53); Выставочные залы на Арбате (Арбат, 53, стр. 6)";600 рублей;600;;действует в течение месяца с даты приобретения;;https://www.pushkinmuseum.ru/posetitelyam/stoimost-biletov/;2026-10-09T19:35:39.679220+00:00
pushkinmuseum.ru;Выставочный зал государственного музея имени А.С. Пушкина;tickets;"Для детей в возрасте от 7 до 18 лет; учащихся общеобразовательных учреждений начального и среднего образования; студентов, обучающихся по очной форме обучения в государственных образовательных учреждениях и негосударственных образовательных организациях, имеющих государственную аккредитацию, по программам среднего и высшего профессионального образования; пенсионеров; инвалидов 3 группы";Сборные группы посетителей (входной билет с экскурсионным обслуживанием) ГМП, Пречистенка, 12/2;600 рублей;600;;Сборные группы посетителей (входной билет с экскурсионным обслуживанием);;https://www.pushkinmuseum.ru/posetitelyam/stoimost-biletov/;2026-10-09T19:35:39.679220+00:00
pushkinmuseum.ru;Выставочный зал государственного музея имени А.С. Пушкина;tickets;Для посетителей, не имеющих льготы;Сборные группы посетителей (входной билет с экскурсионным обслуживанием) ГМП, Пречистенка, 12/2;900 рублей;900;;Сборные группы посетителей (входной билет с экскурсионным обслуживанием);;https://www.pushkinmuseum.ru/posetitelyam/stoimost-biletov/;2026-10-09T19:35:39.679220+00:00
pushkinmuseum.ru;Выставочный зал государственного музея имени А.С. Пушкина;tickets;Для посетителей, не имеющих льготы;"Сборные группы посетителей (входной билет с экскурсионным обслуживанием) Филиалы ГМП: Мемориальная квартира А.С. Пушкина (Арбат, 53); Мемориальная квартира Андрея Белого (Арбат, 55); Музей И.С. Тургенева (Остоженка, 37/7); Дом-Музей В.Л. Пушкина (Старая Басманная, 36)";700 рублей;700;;Сборные группы посетителей (входной билет с экскурсионным обслуживанием);;https://www.pushkinmuseum.ru/posetitelyam/stoimost-biletov/;2026-10-09T19:35:39.679220+00:00
pushkinmuseum.ru;Выставочный зал государственного музея имени А.С. Пушкина;tickets;детский/взрослый;Тематические, игровые, интерактивные экскурсии;600 рублей (детский взрослый);600;;Тематические, игровые, интерактивные экскурсии;;https://www.pushkinmuseum.ru/posetitelyam/stoimost-biletov/;2026-10-09T19:35:39.679220+00:00
pushkinmuseum.ru;Выставочный зал государственного музея имени А.С. Пушкина;tickets;Организованные группы посетителей (2 академических часа);Экскурсионное обслуживание, группа до 15 человек;4500 рублей;4500;;Входные билеты в стоимость экскурсионного обслуживания не входят и приобретаются отдельно;;https://www.pushkinmuseum.ru/posetitelyam/stoimost-biletov/;2026-10-09T19:35:39.679220+00:00
pushkinmuseum.ru;Выставочный зал государственного музея имени А.С. Пушкина;tickets;Организованные группы посетителей (2 академических часа);Экскурсионное обслуживание, группа до 20 человек;6000 рублей;6000;;Входные билеты в стоимость экскурсионного обслуживания не входят и приобретаются отдельно;;https://www.pushkinmuseum.ru/posetitelyam/stoimost-biletov/;2026-10-09T19:35:39.679220+00:00
pushkinmuseum.ru;Выставочный зал государственного музея имени А.С. Пушкина;tickets;Если тематическая экскурсия включает лекцию;лекционное обслуживание (1 академический час);50 рублей/человек;50;;дополнительно приобретаются билеты на лекционное обслуживание;;https://www.pushkinmuseum.ru/posetitelyam/stoimost-biletov/;2026-10-09T19:35:39.679220+00:00
pushkinmuseum.ru;Выставочный зал государственного музея имени А.С. Пушкина;tickets;Стоимость экскурсионного обслуживания (2 академических часа с использованием технических средств);Экскурсионное обслуживание;300 рублей;300;;;;https://www.pushkinmuseum.ru/posetitelyam/stoimost-biletov/;2026-10-09T19:35:39.679220+00:00
pushkinmuseum.ru;Выставочный зал государственного музея имени А.С. Пушкина;tickets;Сборные группы индивидуальных посетителей для родителей с детьми;"Экскурсии выходного дня: ""Сказки Учёного Кота""; ""Играем сказки А.С. Пушкина""; ""Негде, в тридевятом царстве..."" (2 академических часа: билет – 200 рублей, экскурсионное обслуживание – 200 рублей с использованием технических средств, спектакль – 200 рублей)";600 руб. (детский/взрослый);600;;Экскурсии выходного дня;;https://www.pushkinmuseum.ru/posetitelyam/stoimost-biletov/;2026-10-09T19:35:39.679220+00:00
pushkinmuseum.ru;Выставочный зал государственного музея имени А.С. Пушкина;tickets;Для организованных групп;Экскурсионно-лекционное обслуживание по временным выставкам, экскурсионное обслуживание 2 академических часа с использованием технических средств;300 рублей;300;;Входные билеты в стоимость экскурсионного обслуживания не входят и приобретаются дополнительно.;;https://www.pushkinmuseum.ru/posetitelyam/stoimost-biletov/;2026-10-09T19:35:39.679220+00:00
pushkinmuseum.ru;Выставочный зал государственного музея имени А.С. Пушкина;tickets;Для организованных групп;"Экскурсионно-лекционное обслуживание по временным выставкам в ГБУК ""ГМП"" (Пречистенка, 12/2), Выставочные залы на Арбате (Арбат, 53, стр. 6): группа до 15 человек";4500 рублей;4500;;Входные билеты в стоимость экскурсионного обслуживания не входят и приобретаются дополнительно.;;https://www.pushkinmuseum.ru/posetitelyam/stoimost-biletov/;2026-10-09T19:35:39.679220+00:00
pushkinmuseum.ru;Выставочный зал государственного музея имени А.С. Пушкина;tickets;Для организованных групп;"Экскурсионно-лекционное обслуживание по временным выставкам в ГБУК ""ГМП"" (Пречистенка, 12/2), Выставочные залы на Арбате (Арбат, 53, стр. 6): группа до 20 человек";6000 рублей;6000;;Входные билеты в стоимость экскурсионного обслуживания не входят и приобретаются дополнительно.;;https://www.pushkinmuseum.ru/posetitelyam/stoimost-biletov/;2026-10-09T19:35:39.679220+00:00
pushkinmuseum.ru;Выставочный зал государственного музея имени А.С. Пушкина;tickets;Организованная группа до 15 человек;Экскурсии в Открытые хранения фондов;4500 рублей;4500;;Дополнительно докупаются входные билеты;;https://www.pushkinmuseum.ru/posetitelyam/stoimost-biletov/;2026-10-09T19:35:39.679220+00:00
pushkinmuseum.ru;Выставочный зал государственного музея имени А.С. Пушкина;tickets;Экскурсионное обслуживание на иностранном языке;группа до 15 человек;400 рублей;400;;Входные билеты в стоимость экскурсионного обслуживания не входят и приобретаются дополнительно. Если в группе большее количество посетителей, то докупаются билеты с экскурсионным обслуживанием. Обслуживание иностранных групп в вечернее время и в выходные дни осуществляется по договорам.;;https://www.pushkinmuseum.ru/posetitelyam/stoimost-biletov/;2026-10-09T19:35:39.679220+00:00
pushkinmuseum.ru;Выставочный зал государственного музея имени А.С. Пушкина;tickets;Экскурсионное обслуживание на иностранном языке;группа до 20 человек;6000 рублей;6000;;Входные билеты в стоимость экскурсионного обслуживания не входят и приобретаются дополнительно. Если в группе большее количество посетителей, то докупаются билеты с экскурсионным обслуживанием. Обслуживание иностранных групп в вечернее время и в выходные дни осуществляется по договорам.;;https://www.pushkinmuseum.ru/posetitelyam/stoimost-biletov/;2026-10-09T19:35:39.679220+00:00
pushkinmuseum.ru;Выставочный зал государственного музея имени А.С. Пушкина;tickets;Экскурсионное обслуживание на иностранном языке;группа до 5 человек;8000 рублей;8000;;Входные билеты в стоимость экскурсионного обслуживания не входят и приобретаются дополнительно. Если в группе большее количество посетителей, то докупаются билеты с экскурсионным обслуживанием. Обслуживание иностранных групп в вечернее время и в выходные дни осуществляется по договорам.;;https://www.pushkinmuseum.ru/posetitelyam/stoimost-biletov/;2026-10-09T19:35:39.679220+00:00
pushkinmuseum.ru;Выставочный зал государственного музея имени А.С. Пушкина;tickets;Экскурсионное обслуживание до открытия/после закрытия Музея: группа до 20 человек;Экскурсионное обслуживание до открытия/после закрытия Музея;6000 рублей;6000;;Дополнительно приобретаются входные билеты;;https://www.pushkinmuseum.ru/posetitelyam/stoimost-biletov/;2026-10-09T19:35:39.679220+00:00
pushkinmuseum.ru;Выставочный зал государственного музея имени А.С. Пушкина;tickets;Экскурсионное обслуживание до открытия/после закрытия Музея: группа до 20 человек;Экскурсионное обслуживание до открытия/после закрытия Музея;10000 рублей;10000;;Дополнительно приобретаются входные билеты;;https://www.pushkinmuseum.ru/posetitelyam/stoimost-biletov/;2026-10-09T19:35:39.679220+00:00
pushkinmuseum.ru;Выставочный зал государственного музея имени А.С. Пушкина;tickets;Индивидуальное экскурсионное обслуживание в специально назначенное время (группа до 5 человек);Индивидуальное экскурсионное обслуживание;4500 рублей;4500;;Дополнительно докупаются входные билеты;;https://www.pushkinmuseum.ru/posetitelyam/stoimost-biletov/;2026-10-09T19:35:39.679220+00:00
pushkinmuseum.ru;Выставочный зал государственного музея имени А.С. Пушкина;tickets;"Аудиогид (на русском языке); Аудиогид (на иностранном языке)";Дополнительные услуги (аудиогид);300 рублей;300;;В комплекте к аудиогиду прилагаются одноразовые наушники и антибактериальная салфетка.;;https://www.pushkinmuseum.ru/posetitelyam/stoimost-biletov/;2026-10-09T19:35:39.679220+00:00
pushkinmuseum.ru;Выставочный зал государственного музея имени А.С. Пушкина;tickets;"Для детей в возрасте от 7 до 18 лет; учащихся общеобразовательных учреждений начального и среднего образования; студентов, обучающихся по очной форме обучения в государственных образовательных учреждениях и негосударственных образовательных организациях, имеющих государственную аккредитацию, по программам среднего и высшего профессионального образования; пенсионеров; инвалидов 3 группы";"Экскурсионно-лекционное обслуживание по временным выставкам (для сборных групп) В ГБУК ""ГМП"" (Пречистенка, 12/2)";600 рублей;600;;Для сборных групп индивидуальных посетителей (входной билет с экскурсионным обслуживанием);;https://www.pushkinmuseum.ru/posetitelyam/stoimost-biletov/;2026-10-09T19:35:39.679220+00:00
pushkinmuseum.ru;Выставочный зал государственного музея имени А.С. Пушкина;tickets;Для всех посетителей, имеющих право на бесплатный вход в музей;"Экскурсионно-лекционное обслуживание по временным выставкам (для сборных групп) В ГБУК ""ГМП"" (Пречистенка, 12/2)";300 рублей;300;;Для сборных групп индивидуальных посетителей (входной билет с экскурсионным обслуживанием);;https://www.pushkinmuseum.ru/posetitelyam/stoimost-biletov/;2026-10-09T19:35:39.679220+00:00
pushkinmuseum.ru;Выставочный зал государственного музея имени А.С. Пушкина;tickets;Для посетителей, не имеющих льготы;"Экскурсионно-лекционное обслуживание по временным выставкам (для сборных групп) В ГБУК ""ГМП"" (Пречистенка, 12/2)";900 рублей;900;;Для сборных групп индивидуальных посетителей (входной билет с экскурсионным обслуживанием);;https://www.pushkinmuseum.ru/posetitelyam/stoimost-biletov/;2026-10-09T19:35:39.679220+00:00
pushkinmuseum.ru;Выставочный зал государственного музея имени А.С. Пушкина;tickets;"Для детей в возрасте от 7 до 18 лет; учащихся общеобразовательных учреждений начального и среднего образования; студентов, обучающихся по очной форме обучения в государственных образовательных учреждениях и негосударственных образовательных организациях, имеющих государственную аккредитацию, по программам среднего и высшего профессионального образования; пенсионеров; инвалидов 3 группы";Экскурсионно-лекционное обслуживание по временным выставкам (для сборных групп) Выставочные залы на Арбате (Арбат, 53, стр. 6);500 рублей;500;;Для сборных групп индивидуальных посетителей (входной билет с экскурсионным обслуживанием);;https://www.pushkinmuseum.ru/posetitelyam/stoimost-biletov/;2026-10-09T19:35:39.679220+00:00
pushkinmuseum.ru;Выставочный зал государственного музея имени А.С. Пушкина;tickets;Для всех посетителей, имеющих право на бесплатный вход в музей;Экскурсионно-лекционное обслуживание по временным выставкам (для сборных групп) Выставочные залы на Арбате (Арбат, 53, стр. 6);300 рублей;300;;Для сборных групп индивидуальных посетителей (входной билет с экскурсионным обслуживанием);;https://www.pushkinmuseum.ru/posetitelyam/stoimost-biletov/;2026-10-09T19:35:39.679220+00:00
pushkinmuseum.ru;Выставочный зал государственного музея имени А.С. Пушкина;tickets;Для посетителей, не имеющих льготы;Экскурсионно-лекционное обслуживание по временным выставкам (для сборных групп) Выставочные залы на Арбате (Арбат, 53, стр. 6);700 рублей;700;;Для сборных групп индивидуальных посетителей (входной билет с экскурсионным обслуживанием);;https://www.pushkinmuseum.ru/posetitelyam/stoimost-biletov/;2026-10-09T19:35:39.679220+00:00
rostokino.vzmoscow.ru;Галерея Ростокино;tickets;полный взрослый;стандартный билет на одну экспозицию;300 р;300;;стандартный билет на одну экспозицию;;https://rostokino.vzmoscow.ru/ticketsbuy;2026-10-09T19:35:44.929765+00:00
rostokino.vzmoscow.ru;Галерея Ростокино;tickets;льготный;посещение одной экспозиции для льготных категорий;150 р;150;;посещение одной экспозиции для льготных категорий;;https://rostokino.vzmoscow.ru/ticketsbuy;2026-10-09T19:35:44.929765+00:00
rostokino.vzmoscow.ru;Галерея Ростокино;tickets;бесплатный;бесплатное посещение одной экспозиции льготными категориями;0 р;0;;бесплатное посещение одной экспозиции льготными категориями;;https://rostokino.vzmoscow.ru/ticketsbuy;2026-10-09T19:35:44.929765+00:00
rostokino.vzmoscow.ru;Галерея Ростокино;tickets;комплексный;посещение всех экспозиций;400 р;400;;посещение всех экспозиций;;https://rostokino.vzmoscow.ru/ticketsbuy;2026-10-09T19:35:44.929765+00:00
rostokino.vzmoscow.ru;Галерея Ростокино;tickets;льготный комплексный;льготное посещение двух экспозиций одновременно для льготных категорий;200 р;200;;льготное посещение двух экспозиций одновременно для льготных категорий;;https://rostokino.vzmoscow.ru/ticketsbuy;2026-10-09T19:35:44.929765+00:00
rostokino.vzmoscow.ru;Галерея Ростокино;tickets;экскурсии;экскурсии;уточняйте в кассе галереи или по телефону у администратора;;;уточняйте в кассе галереи или по телефону у администратора;;https://rostokino.vzmoscow.ru/ticketsbuy;2026-10-09T19:35:44.929765+00:00
rostokino.vzmoscow.ru;Галерея Ростокино;free_rules;"Пенсионеры; Студенты непрофильных вузов очной и заочной формы обучения; Лица многодетных семей; Учащиеся колледжей и школ Москвы";посещение одной экспозиции;;;льготный;льготные категории;benefit;https://rostokino.vzmoscow.ru/ticketsbuy;2026-10-09T19:35:44.929765+00:00
rostokino.vzmoscow.ru;Галерея Ростокино;free_rules;"Участники Великой Отечественной войны; Герои Советского Союза, Герои РФ, полные кавалеры ордена Славы; Инвалиды Великой Отечественной; Ветераны боевых действий; Лица награжденные знаком ""Жителю блокадного Ленинграда""; Военнослужащие, проходящие военную службу по призыву; Дети дошкольного возраста до 7 лет; Дети-сироты и дети, оставшиеся без попечения родителей, обучающиеся и студенты из числа детей-сирот; Дети-инвалиды (ДО 18 ЛЕТ); Инвалиды 1 и 2 группы; Работники музеев и выставочных залов/ Международного Художественного Фонда/ ИКОМ; Студенты профильных вузов и факультетов (музейное, выставочное направление); Сопровождающие лица организованных групп обучающихся; Школьники при предъявлении карты Москвенок; Члены союзов художников, архитекторов, журналистов";одна экспозиция;;;бесплатный проход;бесплатный проход;benefit;https://rostokino.vzmoscow.ru/ticketsbuy;2026-10-09T19:35:44.929765+00:00
rostokino.vzmoscow.ru;Галерея Ростокино;free_rules;все посетители;посещение выставок;;;Воскресенье третьей недели месяца;посещение выставок бесплатно;recurring_day;https://rostokino.vzmoscow.ru/ticketsbuy;2026-10-09T19:35:44.929765+00:00
roslesmuseum.ru;Российский музей леса;tickets;Полный билет;Самостоятельный осмотр экспозиции;400 рублей;400;;"При покупке электронных билетов по ссылкам проверяйте пожалуйста в своей эл.почте папку ""спам"".";;http://roslesmuseum.ru/posetitelyam/;2026-10-09T19:35:44.359963+00:00
roslesmuseum.ru;Российский музей леса;tickets;Льготный билет;Самостоятельный осмотр экспозиции;200 рублей;200;;В Музее нужно будет подтвердить льготу, предъявив необходимые документы.;;http://roslesmuseum.ru/posetitelyam/;2026-10-09T19:35:44.359963+00:00
roslesmuseum.ru;Российский музей леса;tickets;Молодые люди от 14 до 22 лет;Пушкинская карта, посещение и самостоятельный осмотр экспозиции;200 рублей;200;;Приобрести билет можно только он-лайн на сайте Музея ниже. Билет именной, нужно предъявить свою карту в электронном или физическом виде, либо предъявить документ, удостоверяющий личность.;;http://roslesmuseum.ru/posetitelyam/;2026-10-09T19:35:44.359963+00:00
roslesmuseum.ru;Российский музей леса;tickets;"Участники Олимпиады ""Музеи. Парки. Усадьбы""";Билет в рамках Олимпиады;200 рублей;200;;"продажа только в кассе Музея; с сопровождающих участников олимпиады взимается плата согласно прейскуранту Музея";;http://roslesmuseum.ru/posetitelyam/;2026-10-09T19:35:44.359963+00:00
roslesmuseum.ru;Российский музей леса;tickets;Группа до 15 человек;Экскурсионное обслуживание: экскурсия или музейная лекция;4500 рублей;4500;;Экскурсии и лекции проводятся по предварительной записи при 100 % предоплате.;;http://roslesmuseum.ru/posetitelyam/;2026-10-09T19:35:44.359963+00:00
roslesmuseum.ru;Российский музей леса;tickets;Льготная группа;Экскурсионное обслуживание: льготная экскурсия или музейная лекция;2000 рублей;2000;;Льготная стоимость за экскурсионное обслуживание взимается со следующих организаций: общественные организации инвалидов, центры лечебной педагогики;;http://roslesmuseum.ru/posetitelyam/;2026-10-09T19:35:44.359963+00:00
roslesmuseum.ru;Российский музей леса;tickets;Семейная группа от 2 до 5 человек;Экскурсионное обслуживание: экскурсия или музейная лекция;2000 рублей;2000;;Экскурсии и лекции проводятся по предварительной записи при 100 % предоплате.;;http://roslesmuseum.ru/posetitelyam/;2026-10-09T19:35:44.359963+00:00
roslesmuseum.ru;Российский музей леса;tickets;Семейная группа от 6 до 10 человек;Экскурсионное обслуживание: экскурсия или музейная лекция;2500 рублей;2500;;Экскурсии и лекции проводятся по предварительной записи при 100 % предоплате.;;http://roslesmuseum.ru/posetitelyam/;2026-10-09T19:35:44.359963+00:00
roslesmuseum.ru;Российский музей леса;tickets;Класс до 30 человек;Онлайн-экскурсия;6000 рублей;6000;;Экскурсии и лекции проводятся по предварительной записи при 100 % предоплате.;;http://roslesmuseum.ru/posetitelyam/;2026-10-09T19:35:44.359963+00:00
roslesmuseum.ru;Российский музей леса;tickets;Заказчик выездной лекции;Выездная лекция;6000 рублей;6000;;льготы не предоставляются;;http://roslesmuseum.ru/posetitelyam/;2026-10-09T19:35:44.359963+00:00
roslesmuseum.ru;Российский музей леса;tickets;Сборная экскурсия, с человека (не менее 3 человек);Сборная экскурсия, в период с апреля по август (включительно);600 рублей;600;;Экскурсия для сборных групп будет проводиться по субботам в 13:00 (СТРОГО по предварительной записи).;;http://roslesmuseum.ru/posetitelyam/;2026-10-09T19:35:44.359963+00:00
roslesmuseum.ru;Российский музей леса;tickets;Группа до 15 человек;"Обзорная экскурсия в рамках Олимпиады ""Музеи. Парки. Усадьбы""";6000 рублей;6000;;"Обслуживание участников в рамках Олимпиады ""Музеи. Парки. Усадьбы"" проводится в период с октября по конец марта.";;http://roslesmuseum.ru/posetitelyam/;2026-10-09T19:35:44.359963+00:00
roslesmuseum.ru;Российский музей леса;tickets;Семейная группа от 6 до 10 человек;"Экскурсия или музейная лекция в рамках Олимпиады ""Музеи. Парки. Усадьбы""";3500 рублей;3500;;"Обслуживание участников в рамках Олимпиады ""Музеи. Парки. Усадьбы"" проводится в период с октября по конец марта.";;http://roslesmuseum.ru/posetitelyam/;2026-10-09T19:35:44.359963+00:00
roslesmuseum.ru;Российский музей леса;free_rules;"дошкольники; многодетные семьи; инвалиды; участники Великой Отечественной войны; работники и ветераны отечественного лесного хозяйства; сотрудники музеев и аккредитованные экскурсоводы; солдаты срочной службы и участники боевых действий; ликвидаторы аварий с радиационным загрязнением; участники СВО и члены их семей; члены семей погибших участников СВО";посещение музея;;;На бесплатное посещение музея имеют право;Бесплатные входные билеты выдаются посетителям, имеющим на них право, только в Музее.;benefit;http://roslesmuseum.ru/posetitelyam/;2026-10-09T19:35:44.359963+00:00
roslesmuseum.ru;Российский музей леса;free_rules;"предприятия отечественного лесного хозяйства; школьные лесничества; лесохозяйственные техникумы, колледжи и ВУЗы; детские дома и интернаты для детей, оставшихся без попечения родителей и находящихся на полном государственном обеспечении; интернаты для детей-инвалидов, находящихся на полном государственном обеспечении";экскурсионное обслуживание;;;На бесплатное экскурсионное обслуживание имеют право;Экскурсии и лекции проводятся по предварительной записи при 100 % предоплате.;benefit;http://roslesmuseum.ru/posetitelyam/;2026-10-09T19:35:44.359963+00:00
rsuh.ru;Учебный художественный музей им. И. В. Цветаева;free_rules;индивидуальные посетители;посещение экспозиций Музейного центра;;;вход до 16-00 через музейный подъезд по предъявлению паспорта;"предъявление паспорта; режим работы экспозиций: с 10-00 до 17-00 с понедельника по пятницу";always;https://www.rsuh.ru/museum/;2026-10-09T19:35:48.584381+00:00
rosizo.ru;Государственный музейно-выставочный центр Росизо;tickets;Взрослые, в том числе иностранные граждане;Выставочные залы РОСИЗО, г. Москва, Петроверигский переулок, 4/1;400;400;;Вход в выставочные залы РОСИЗО возможен только по QR-коду и удостоверению личности.;;https://rosizo.ru/privileges/;2026-10-09T19:35:43.876559+00:00
rosizo.ru;Государственный музейно-выставочный центр Росизо;tickets;Студенты высших учебных заведений России, в том числе иностранные граждане (кроме студентов-стажёров);Выставочные залы РОСИЗО, г. Москва, Петроверигский переулок, 4/1;200;200;;Вход в выставочные залы РОСИЗО возможен только по QR-коду и удостоверению личности.;;https://rosizo.ru/privileges/;2026-10-09T19:35:43.876559+00:00
rosizo.ru;Государственный музейно-выставочный центр Росизо;tickets;Учащиеся в учреждениях начального общего, основного общего и среднего общего образования (лица, не достигшие 18-летнего возраста), кроме каждого третьего воскресенья месяца;Выставочные залы РОСИЗО, г. Москва, Петроверигский переулок, 4/1;200;200;;кроме каждого третьего воскресенья месяца;;https://rosizo.ru/privileges/;2026-10-09T19:35:43.876559+00:00
rosizo.ru;Государственный музейно-выставочный центр Росизо;tickets;Учащиеся средних и средних специальных учебных заведений (лица, достигшие 18-летнего возраста);Выставочные залы РОСИЗО, г. Москва, Петроверигский переулок, 4/1;200;200;;Вход в выставочные залы РОСИЗО возможен только по QR-коду и удостоверению личности.;;https://rosizo.ru/privileges/;2026-10-09T19:35:43.876559+00:00
rosizo.ru;Государственный музейно-выставочный центр Росизо;free_rules;Учащиеся в учреждениях начального общего, основного общего и среднего общего образования (лица, не достигшие 18-летнего возраста), для групп от 15 до 20 человек;Выставочные залы РОСИЗО, г. Москва, Петроверигский переулок, 4/1;;;Право бесплатного посещения;для групп от 15 до 20 человек;benefit;https://rosizo.ru/privileges/;2026-10-09T19:35:43.876559+00:00
rosizo.ru;Государственный музейно-выставочный центр Росизо;free_rules;Члены Московского Союза художников, Члены и сотрудники Российской Академии художеств, Искусствоведы - члены Ассоциации искусствоведов России и ее субъектов, бывшие сотрудники музеев Минкультуры России, вышедшие на пенсию, Члены Санкт-Петербургского Союза художников, Члены Союза архитекторов России, Сотрудники музеев Минкультуры России, Члены Международной ассоциации художественных критиков (AICA), Члены союза дизайнеров России;Выставочные залы РОСИЗО, г. Москва, Петроверигский переулок, 4/1;;;Право бесплатного посещения;Вход в выставочные залы РОСИЗО возможен только по QR-коду и удостоверению личности.;benefit;https://rosizo.ru/privileges/;2026-10-09T19:35:43.876559+00:00
rosizo.ru;Государственный музейно-выставочный центр Росизо;free_rules;Герои Советского союза;Выставочные залы РОСИЗО, г. Москва, Петроверигский переулок, 4/1;;;Право бесплатного посещения;Вход в выставочные залы РОСИЗО возможен только по QR-коду и удостоверению личности.;benefit;https://rosizo.ru/privileges/;2026-10-09T19:35:43.876559+00:00
rosizo.ru;Государственный музейно-выставочный центр Росизо;free_rules;Дети дошкольного возраста;Выставочные залы РОСИЗО, г. Москва, Петроверигский переулок, 4/1;;;Право бесплатного посещения;Вход в выставочные залы РОСИЗО возможен только по QR-коду и удостоверению личности.;benefit;https://rosizo.ru/privileges/;2026-10-09T19:35:43.876559+00:00
rosizo.ru;Государственный музейно-выставочный центр Росизо;free_rules;Учащиеся в учреждениях начального общего, основного общего и среднего общего образования (лица, не достигшие 18-летнего возраста);Выставочные залы РОСИЗО, г. Москва, Петроверигский переулок, 4/1;;;каждое третье воскресенья месяца;Вход в выставочные залы РОСИЗО возможен только по QR-коду и удостоверению личности.;recurring_day;https://rosizo.ru/privileges/;2026-10-09T19:35:43.876559+00:00
rosizo.ru;Государственный музейно-выставочный центр Росизо;free_rules;Дети-инвалиды, дети-сироты и дети, оставшиеся без попечения родителей, находящиеся в детских домах, школах-интернатах;Выставочные залы РОСИЗО, г. Москва, Петроверигский переулок, 4/1;;;Право бесплатного посещения;Вход в выставочные залы РОСИЗО возможен только по QR-коду и удостоверению личности.;benefit;https://rosizo.ru/privileges/;2026-10-09T19:35:43.876559+00:00
rosizo.ru;Государственный музейно-выставочный центр Росизо;free_rules;Ветераны ВОВ и участники боевых действий;Выставочные залы РОСИЗО, г. Москва, Петроверигский переулок, 4/1;;;Право бесплатного посещения;Вход в выставочные залы РОСИЗО возможен только по QR-коду и удостоверению личности.;benefit;https://rosizo.ru/privileges/;2026-10-09T19:35:43.876559+00:00
rosizo.ru;Государственный музейно-выставочный центр Росизо;free_rules;Герои Российской Федерации;Выставочные залы РОСИЗО, г. Москва, Петроверигский переулок, 4/1;;;Право бесплатного посещения;Вход в выставочные залы РОСИЗО возможен только по QR-коду и удостоверению личности.;benefit;https://rosizo.ru/privileges/;2026-10-09T19:35:43.876559+00:00
rosizo.ru;Государственный музейно-выставочный центр Росизо;free_rules;Полные кавалеры «Ордена Славы»;Выставочные залы РОСИЗО, г. Москва, Петроверигский переулок, 4/1;;;Право бесплатного посещения;Вход в выставочные залы РОСИЗО возможен только по QR-коду и удостоверению личности.;benefit;https://rosizo.ru/privileges/;2026-10-09T19:35:43.876559+00:00
rosizo.ru;Государственный музейно-выставочный центр Росизо;free_rules;Один педагог-руководитель и один сопровождающий группу учащихся средних и средних специальных учебных заведений;Выставочные залы РОСИЗО, г. Москва, Петроверигский переулок, 4/1;;;Право бесплатного посещения;Вход в выставочные залы РОСИЗО возможен только по QR-коду и удостоверению личности.;benefit;https://rosizo.ru/privileges/;2026-10-09T19:35:43.876559+00:00
rosizo.ru;Государственный музейно-выставочный центр Росизо;free_rules;Один сопровождающий группу студентов или военнослужащих срочной службы;Выставочные залы РОСИЗО, г. Москва, Петроверигский переулок, 4/1;;;Право бесплатного посещения;Вход в выставочные залы РОСИЗО возможен только по QR-коду и удостоверению личности.;benefit;https://rosizo.ru/privileges/;2026-10-09T19:35:43.876559+00:00
rosizo.ru;Государственный музейно-выставочный центр Росизо;free_rules;Военнослужащие, проходящую срочную службу;Выставочные залы РОСИЗО, г. Москва, Петроверигский переулок, 4/1;;;Право бесплатного посещения;Вход в выставочные залы РОСИЗО возможен только по QR-коду и удостоверению личности.;benefit;https://rosizo.ru/privileges/;2026-10-09T19:35:43.876559+00:00
rosizo.ru;Государственный музейно-выставочный центр Росизо;free_rules;Один сопровождающий инвалида I группы или ребёнка-инвалида (граждане России и стран СНГ);Выставочные залы РОСИЗО, г. Москва, Петроверигский переулок, 4/1;;;Право бесплатного посещения;граждане России и стран СНГ;benefit;https://rosizo.ru/privileges/;2026-10-09T19:35:43.876559+00:00
rosizo.ru;Государственный музейно-выставочный центр Росизо;free_rules;Гиды-переводчики, имеющим аккредитационную карту Ассоциации гидов-переводчиков и турменеджеров России, сопровождающим группу туристов;Выставочные залы РОСИЗО, г. Москва, Петроверигский переулок, 4/1;;;Право бесплатного посещения;имеющим аккредитационную карту Ассоциации гидов-переводчиков и турменеджеров России, сопровождающим группу туристов;benefit;https://rosizo.ru/privileges/;2026-10-09T19:35:43.876559+00:00
rosizo.ru;Государственный музейно-выставочный центр Росизо;free_rules;Многодетные семьи – семьи с тремя и более детьми до достижения младшим ребенком возраста 16 лет (учащегося в образовательных учреждениях, реализующих общеобразовательные программы –до 18 лет);Выставочные залы РОСИЗО, г. Москва, Петроверигский переулок, 4/1;;;Право бесплатного посещения выставок и специально подготовленных для многодетных семей мероприятий;Льгота постоянная, предоставляется при предъявлении оригинала удостоверения многодетной семьи или QR-кода, размещенного на сайте «Госуслуги» или предъявления удостоверения многодетной семьи, предоставляемое через сервис Цифровой ID в национальном мессенджере - Цифровой платформе MAX.;benefit;https://rosizo.ru/privileges/;2026-10-09T19:35:43.876559+00:00
rosizo.ru;Государственный музейно-выставочный центр Росизо;free_rules;Участники специальной военной операции, а также члены семей участников СВО;Выставочные залы РОСИЗО, г. Москва, Петроверигский переулок, 4/1;;;Право бесплатного посещения;Вход в выставочные залы РОСИЗО возможен только по QR-коду и удостоверению личности.;benefit;https://rosizo.ru/privileges/;2026-10-09T19:35:43.876559+00:00
rublev-museum.ru;Лекторий Музея им. Андрея Рублева;tickets;Граждане Российской Федерации, стран СНГ и стран-членов Евразийского экономического союза (ЕАЭС);Постоянная экспозиция;450 рублей;450;;"Билет можно приобрести в кассе музея и онлайн, в том числе и по Пушкинской карте, через наших партнеров; Стоимость билета указана с правом осуществления любительской фотосъемки (без вспышки, без штатива, без селфи-палки)";;https://www.rublev-museum.ru/visitors/tickets-and-tours/;2026-10-09T19:35:48.668266+00:00
rublev-museum.ru;Лекторий Музея им. Андрея Рублева;tickets;Иностранные граждане;Постоянная экспозиция;600 рублей;600;;"Билет можно приобрести в кассе музея и онлайн, в том числе и по Пушкинской карте, через наших партнеров; Стоимость билета указана с правом осуществления любительской фотосъемки (без вспышки, без штатива, без селфи-палки)";;https://www.rublev-museum.ru/visitors/tickets-and-tours/;2026-10-09T19:35:48.668266+00:00
rublev-museum.ru;Лекторий Музея им. Андрея Рублева;tickets;Пенсионеры, студенты;Постоянная экспозиция;300 рублей;300;;"Билет можно приобрести в кассе музея и онлайн, в том числе и по Пушкинской карте, через наших партнеров; Стоимость билета указана с правом осуществления любительской фотосъемки (без вспышки, без штатива, без селфи-палки)";;https://www.rublev-museum.ru/visitors/tickets-and-tours/;2026-10-09T19:35:48.668266+00:00
rublev-museum.ru;Лекторий Музея им. Андрея Рублева;tickets;Дети от 7 до 17 лет включительно;Постоянная экспозиция;50 рублей;50;;"Билет можно приобрести в кассе музея и онлайн, в том числе и по Пушкинской карте, через наших партнеров; Стоимость билета указана с правом осуществления любительской фотосъемки (без вспышки, без штатива, без селфи-палки)";;https://www.rublev-museum.ru/visitors/tickets-and-tours/;2026-10-09T19:35:48.668266+00:00
rublev-museum.ru;Лекторий Музея им. Андрея Рублева;tickets;Дети до 6 лет;Постоянная экспозиция;бесплатно;0;;"Билет можно приобрести в кассе музея и онлайн, в том числе и по Пушкинской карте, через наших партнеров; Стоимость билета указана с правом осуществления любительской фотосъемки (без вспышки, без штатива, без селфи-палки)";;https://www.rublev-museum.ru/visitors/tickets-and-tours/;2026-10-09T19:35:48.668266+00:00
rublev-museum.ru;Лекторий Музея им. Андрея Рублева;tickets;Члены многодетных семей (граждане РФ)*;Постоянная экспозиция;бесплатно;0;;Бесплатное посещение музея многодетными семьями, независимо от места их жительства в любое время, возможно при предъявлении удостоверения, подтверждающего статус многодетной семьи или двухмерного штрихового (QR-кода), содержащегося в электронном удостоверении многодетной семьи;;https://www.rublev-museum.ru/visitors/tickets-and-tours/;2026-10-09T19:35:48.668266+00:00
rublev-museum.ru;Лекторий Музея им. Андрея Рублева;tickets;Участники СВО и члены их семей**;Постоянная экспозиция;бесплатно;0;;Возможность бесплатного посещения музея предоставляется участникам СВО и членам их семей при предъявлении документов, подтверждающих льготу;;https://www.rublev-museum.ru/visitors/tickets-and-tours/;2026-10-09T19:35:48.668266+00:00
rublev-museum.ru;Лекторий Музея им. Андрея Рублева;tickets;Участники олимпиады «Музеи. Парки. Усадьбы»***;Постоянная экспозиция;бесплатно;0;;Возможность бесплатного посещения музея для участников олимпиады «Музеи. Парки. Усадьбы» от 7 до 17 лет предоставляется каждую первую и третью субботу месяца при предъявлении именного бланка участника;;https://www.rublev-museum.ru/visitors/tickets-and-tours/;2026-10-09T19:35:48.668266+00:00
rublev-museum.ru;Лекторий Музея им. Андрея Рублева;tickets;Аудиогид по основной экспозиции музея;Прокат аудиогида по основной экспозиции музея;300 рублей;300;;"залог не требуется (время ограничено только часами работы музея); Аудиогид можно приобрести в кассе музея и онлайн, в том числе и по Пушкинской карте, через наших партнеров";;https://www.rublev-museum.ru/visitors/tickets-and-tours/;2026-10-09T19:35:48.668266+00:00
rublev-museum.ru;Лекторий Музея им. Андрея Рублева;free_rules;Члены многодетных семей (граждане РФ);Постоянная экспозиция;;;в любое время;"при предъявлении удостоверения, подтверждающего статус многодетной семьи или двухмерного штрихового (QR-кода), содержащегося в электронном удостоверении многодетной семьи; независимо от места их жительства";benefit;https://www.rublev-museum.ru/visitors/tickets-and-tours/;2026-10-09T19:35:48.668266+00:00
rublev-museum.ru;Лекторий Музея им. Андрея Рублева;free_rules;Участники СВО и члены их семей;Постоянная экспозиция;;;не указано;при предъявлении документов, подтверждающих льготу;benefit;https://www.rublev-museum.ru/visitors/tickets-and-tours/;2026-10-09T19:35:48.668266+00:00
rublev-museum.ru;Лекторий Музея им. Андрея Рублева;free_rules;Участники олимпиады «Музеи. Парки. Усадьбы» от 7 до 17 лет;Постоянная экспозиция;;;каждую первую и третью субботу месяца;при предъявлении именного бланка участника;recurring_day;https://www.rublev-museum.ru/visitors/tickets-and-tours/;2026-10-09T19:35:48.668266+00:00
rublev-museum.ru;Лекторий Музея им. Андрея Рублева;free_rules;Дети до 6 лет;Постоянная экспозиция;;;не указано;не указано;benefit;https://www.rublev-museum.ru/visitors/tickets-and-tours/;2026-10-09T19:35:48.668266+00:00
rusimp.su;Музей русского импрессионизма;free_rules;"Держатели карт «Друг Музея», «Друзья Музея» и участники клуба «Серебряный улей»; Посетители до 18 лет; Студенты средних специальных и высших учебных заведений России, которые учатся на факультетах в сфере изобразительного искусства: живописцы, графики, скульпторы, архитекторы, историки искусства. Студенты факультетов дизайна и культурологии не входят в эту категорию. Форма обучения значения не имеет. Бесплатные билеты доступны в том числе для иностранных студентов российских вузов; Члены и сотрудники Российской академии художеств; Члены Союза художников России и Союза архитекторов России; Искусствоведы – члены Ассоциации искусствоведов России и ее субъектов; Члены Международного Совета музеев (ICOM); Сотрудники музеев; Ветераны и инвалиды Великой Отечественной войны, ветераны боевых действий (граждане России и стран СНГ); Герои Советского Союза, Герои России, Полные кавалеры «Ордена Славы»; Инвалиды I и II группы (граждане России и стран СНГ); Один сопровождающий инвалида I или II группы или ребенка-инвалида (граждане России и стран СНГ); Один педагог-руководитель и один сопровождающий группу учащихся средних и средних специальных учебных заведений при наличии экскурсионной путевки или абонемента. Актуально для граждан России и СНГ; Обладатели карты волонтера «Спутник»; Представители СМИ по пресс-карте";входной билет (временная выставка и постоянная экспозиция);;;бесплатные билеты;Всем гостям музея, которые обладают правом бесплатного прохода, необходим входной билет. Оформить его можно на сайте или в кассе музея. На стойке администратора необходимо предъявить подтверждающий документ. Льготное посещение для посетителей со статусом предпенсионера и для членов многодетных семей не предусмотрено.;benefit;https://www.rusimp.su/guest;2026-10-09T19:35:50.182228+00:00
rusimp.su;Музей русского импрессионизма;free_rules;"посетители с I и II группой инвалидности (граждане России и стран СНГ); один сопровождающий посетителя с I или II группой инвалидности или ребенка c инвалидностью (граждане России и стран СНГ)";музей;;;бесплатный проход;Для посещения музея необходимо получить браслет у администратора.;benefit;https://www.rusimp.su/guest/accessibility;2026-10-09T19:35:50.182228+00:00
shabolovka.vzmoscow.ru;Галерея на Шаболовке, музей авангарда;tickets;Полный взрослый;одна экспозиция, стандартный билет;300 р;300;;билет можно приобрести в кассе галереи;;https://shabolovka.vzmoscow.ru/tickets;2026-10-09T19:36:03.039092+00:00
shabolovka.vzmoscow.ru;Галерея на Шаболовке, музей авангарда;tickets;льготные категории;одна экспозиция, льготный билет;150 р;150;;"льготное посещение одной экспозиции для льготных категорий; билет можно приобрести в кассе галереи";;https://shabolovka.vzmoscow.ru/tickets;2026-10-09T19:36:03.039092+00:00
shabolovka.vzmoscow.ru;Галерея на Шаболовке, музей авангарда;tickets;льготные категории;одна экспозиция, бесплатный билет;0 р;0;;"бесплатное посещение одной экспозиции льготными категориями; билет можно приобрести в кассе галереи";;https://shabolovka.vzmoscow.ru/tickets;2026-10-09T19:36:03.039092+00:00
shabolovka.vzmoscow.ru;Галерея на Шаболовке, музей авангарда;tickets;все посетители;все экспозиции одновременно, комплексный билет;400 р;400;;"посещение всех экспозиций одновременно; билет можно приобрести в кассе галереи";;https://shabolovka.vzmoscow.ru/tickets;2026-10-09T19:36:03.039092+00:00
shabolovka.vzmoscow.ru;Галерея на Шаболовке, музей авангарда;tickets;льготные категории;две экспозиции одновременно, льготный комплексный билет;200 р;200;;"льготное посещение двух экспозиций одновременно для льготных категорий; билет можно приобрести в кассе галереи";;https://shabolovka.vzmoscow.ru/tickets;2026-10-09T19:36:03.039092+00:00
shabolovka.vzmoscow.ru;Галерея на Шаболовке, музей авангарда;tickets;все посетители;экскурсии;400 р;400;;уточняйте в кассе галереи или в разделе «Экскурсии» на сайте;;https://shabolovka.vzmoscow.ru/tickets;2026-10-09T19:36:03.039092+00:00
shabolovka.vzmoscow.ru;Галерея на Шаболовке, музей авангарда;free_rules;"Пенсионеры; Студенты непрофильных вузов очной и заочной формы обучения; Лица многодетных семей; Учащиеся колледжей и школ Москвы";"одна экспозиция; две экспозиции одновременно";;;"льготное посещение одной экспозиции; льготное посещение двух экспозиций одновременно";"льготный билет 150 р; льготный комплексный билет 200 р; билет можно приобрести в кассе галереи";benefit;https://shabolovka.vzmoscow.ru/tickets;2026-10-09T19:36:03.039092+00:00
shabolovka.vzmoscow.ru;Галерея на Шаболовке, музей авангарда;free_rules;"Участники Великой Отечественной войны; Герои Советского Союза, Герои РФ, полные кавалеры ордена Славы; Инвалиды Великой Отечественной; Ветераны боевых действий; Лица награжденные знаком ""Жителю блокадного Ленинграда""; Военнослужащие, проходящие военную службу по призыву; Дети дошкольного возраста до 7 лет; Дети-сироты и дети, оставшиеся без попечения родителей, обучающиеся и студенты из числа детей-сирот; Дети-инвалиды (ДО 18 ЛЕТ); Инвалиды 1 и 2 группы; Работники музеев и выставочных залов/ Международного Художественного Фонда/ ИКОМ; Студенты профильных вузов и факультетов (музейное, выставочное направление); Сопровождающие лица организованных групп обучающихся; Школьники при предъявлении карты Москвенок; Члены союзов художников, архитекторов, журналистов";одна экспозиция;;;бесплатный проход;"бесплатное посещение одной экспозиции льготными категориями; билет можно приобрести в кассе галереи";benefit;https://shabolovka.vzmoscow.ru/tickets;2026-10-09T19:36:03.039092+00:00
shabolovka.vzmoscow.ru;Галерея на Шаболовке, музей авангарда;free_rules;все посетители;посещение выставок;;;Воскресенье третьей недели месяца;Льготы не распространяются на билеты на мероприятия и на занятия в студиях;recurring_day;https://shabolovka.vzmoscow.ru/tickets;2026-10-09T19:36:03.039092+00:00
sokolniki.mirchocolat.ru;Музей Истории Русского Шоколада Сокольники;tickets;сборные группы, возраст участников от 4х лет;интерактивная программа, детские мастер-классы (4+);от 1000 рублей;;;"Количество гостей - от 2 до 10; Длительность программы - 1 час; Возраст участников от 4х лет";;https://sokolniki.mirchocolat.ru/;2026-10-09T19:36:07.289628+00:00
sokolniki.mirchocolat.ru;Музей Истории Русского Шоколада Сокольники;tickets;школьные группы, возраст участников от 7 лет;школьные программы;от 2000 рублей;;;"Количество гостей - от 15 до 28; Длительность программы - 1,5 часа; Возраст участников от 7 лет";;https://sokolniki.mirchocolat.ru/;2026-10-09T19:36:07.289628+00:00
sgm.ru;Геологический Государственный музей им. В.И. Вернадского;tickets;Основная категория;Основная экспозиция, входной билет;500 руб.;500;;На 1 человека;;https://sgm.ru/VISITORS/price.php;2026-10-09T19:36:02.773556+00:00
sgm.ru;Геологический Государственный музей им. В.И. Вернадского;tickets;Льготная категория;Основная экспозиция, входной билет;250 руб.;250;;"На 1 человека; полный перечень льгот";;https://sgm.ru/VISITORS/price.php;2026-10-09T19:36:02.773556+00:00
sgm.ru;Геологический Государственный музей им. В.И. Вернадского;tickets;Основная категория;Шахта «Академическая», входной билет;400 руб.;400;;"На 1 человека; дополнительно необходимо приобрести входной билет на основную экспозицию";;https://sgm.ru/VISITORS/price.php;2026-10-09T19:36:02.773556+00:00
sgm.ru;Геологический Государственный музей им. В.И. Вернадского;tickets;Льготная категория;Шахта «Академическая», входной билет;300 руб.;300;;"На 1 человека; дополнительно необходимо приобрести входной билет на основную экспозицию";;https://sgm.ru/VISITORS/price.php;2026-10-09T19:36:02.773556+00:00
sgm.ru;Геологический Государственный музей им. В.И. Вернадского;tickets;Все категории граждан;Экскурсии для групп, группа до 5 чел.;3000 руб.;3000;;"На группу до 5 чел.; необходимо приобрести входной билет на основную экспозицию";;https://sgm.ru/VISITORS/price.php;2026-10-09T19:36:02.773556+00:00
sgm.ru;Геологический Государственный музей им. В.И. Вернадского;tickets;Все категории граждан;Экскурсии для групп, группа от 6 до 15 чел.;6000 руб.;6000;;"На группу от 6 до 15 чел.; необходимо приобрести входной билет на основную экспозицию";;https://sgm.ru/VISITORS/price.php;2026-10-09T19:36:02.773556+00:00
sgm.ru;Геологический Государственный музей им. В.И. Вернадского;tickets;Все категории граждан;Экскурсии на английском языке, группа до 15 чел.;7500 руб.;7500;;"На группу до 15 чел.; предварительная запись +7 (495)-692-09-43";;https://sgm.ru/VISITORS/price.php;2026-10-09T19:36:02.773556+00:00
sgm.ru;Геологический Государственный музей им. В.И. Вернадского;tickets;Все категории граждан;Научно-просветительские программы, группа до 5 чел.;3500 руб.;3500;;"На группу до 5 чел.; необходимо приобрести входной билет на основную экспозицию";;https://sgm.ru/VISITORS/price.php;2026-10-09T19:36:02.773556+00:00
sgm.ru;Геологический Государственный музей им. В.И. Вернадского;tickets;Все категории граждан;Научно-просветительские программы, группа до 12 чел.;6500 руб.;6500;;"На группу до 12 чел.; необходимо приобрести входной билет на основную экспозицию";;https://sgm.ru/VISITORS/price.php;2026-10-09T19:36:02.773556+00:00
sgm.ru;Геологический Государственный музей им. В.И. Вернадского;tickets;Все категории граждан;Сборные экскурсии и программы;от 500 руб.;;;На 1 человека;;https://sgm.ru/VISITORS/price.php;2026-10-09T19:36:02.773556+00:00
sgm.ru;Геологический Государственный музей им. В.И. Вернадского;tickets;Все категории граждан;Выездные практические занятия, группа до 12 чел.;7000 руб.;7000;;"На группу до 12 чел.; дополнительно оплачиваются расходы на транспорт";;https://sgm.ru/VISITORS/price.php;2026-10-09T19:36:02.773556+00:00
sgm.ru;Геологический Государственный музей им. В.И. Вернадского;tickets;Все категории граждан;Интерактивная игровая, шлем виртуальной реальности (3-5 мин.);150 руб.;150;;"На 1 человека; дополнительно необходимо приобрести входной билет на основную экспозицию";;https://sgm.ru/VISITORS/price.php;2026-10-09T19:36:02.773556+00:00
sgm.ru;Геологический Государственный музей им. В.И. Вернадского;tickets;Все категории граждан;Интерактивная игровая, интерактивная песочница;200 руб.;200;;"На 1 человека; дополнительно необходимо приобрести входной билет на основную экспозицию";;https://sgm.ru/VISITORS/price.php;2026-10-09T19:36:02.773556+00:00
sgm.ru;Геологический Государственный музей им. В.И. Вернадского;tickets;Все категории граждан;Мастер-класс по созданию мозаики в технике «флорентийская мозаика»;6500 руб.;6500;;На 1 человека;;https://sgm.ru/VISITORS/price.php;2026-10-09T19:36:02.773556+00:00
sgm.ru;Геологический Государственный музей им. В.И. Вернадского;tickets;Профессиональная фотосъёмка;Территория музея, экспозиции и интерьеры музея;500 руб.;500;;С использованием фотокамеры, использование вспышки запрещено;;https://sgm.ru/VISITORS/price.php;2026-10-09T19:36:02.773556+00:00
sgm.ru;Геологический Государственный музей им. В.И. Вернадского;tickets;Профессиональная видеосъёмка;Территория музея, экспозиции и интерьеры музея;1000 руб.;1000;;С использованием видеокамеры;;https://sgm.ru/VISITORS/price.php;2026-10-09T19:36:02.773556+00:00
sgm.ru;Геологический Государственный музей им. В.И. Вернадского;tickets;Дети от 7 до 17 лет включительно;Основная экспозиция, льготный билет;250 руб.;250;;По предъявлению документа, удостоверяющего личность (свидетельство о рождении, паспорт);;https://sgm.ru/VISITORS/lgoti.php;2026-10-09T19:36:02.773556+00:00
sgm.ru;Геологический Государственный музей им. В.И. Вернадского;tickets;"Дети до 7 лет; Дети от 7 до 17 лет включительно; Студенты колледжей, техникумов, вузов очной формы обучения; Пенсионеры РФ; Инвалиды I, II, III группы; Многодетные родители";Шахта «Академическая», льготный билет;300 руб.;300;;"Дети до 7 лет (по предъявлению свидетельства о рождении или паспорта родителя, в который вписаны дети); Дети от 7 до 17 лет включительно (по предъявлению документа, удостоверяющего личность); Студенты (по предъявлению студенческого билета); Пенсионеры РФ (по предъявлению пенсионного удостоверения, справки о назначенных пенсиях и социальных выплатах или паспорта РФ); Инвалиды I, II, III группы (по предъявлению Медико-Социальной Экспертизы); Многодетные родители (по предъявлению удостоверения многодетной семьи)";;https://sgm.ru/VISITORS/lgoti.php;2026-10-09T19:36:02.773556+00:00
sgm.ru;Геологический Государственный музей им. В.И. Вернадского;free_rules;"Лица не достигшие 18 лет; лица, обучающиеся по основным профессиональным образовательным программам";Основная экспозиция музея;;;Каждый второй вторник месяца;При наличии подтверждающих документов;recurring_day;https://sgm.ru/VISITORS/lgoti.php;2026-10-09T19:36:02.773556+00:00
souzmultclub.ru;Союзмультфильм, музей;tickets;Дети до 3 лет;входной билет на посещение Клуба;Бесплатно;0;;Билет приобретается на каждого Посетителя, за исключением Детей до 3 лет, которые посещают Клуб бесплатно;;https://souzmultclub.ru/visiting-rules/;2026-10-09T19:36:09.282519+00:00
souzmultclub.ru;Союзмультфильм, музей;free_rules;Дети до 3-х лет;входной билет на посещение Клуба;;;при посещении Клуба;Билет приобретается на каждого Посетителя, за исключением Детей до 3 лет, которые посещают Клуб бесплатно;always;https://souzmultclub.ru/visiting-rules/;2026-10-09T19:36:09.282519+00:00
souzmultpark.ru;Музей Союзмультфильма;tickets;Детский билет (с 3 лет);мультимедийный центр, будни (Понедельник-пятница);1250 руб.;1250;;Будни (Понедельник-пятница);;https://souzmultpark.ru/;2026-10-09T19:36:09.720954+00:00
souzmultpark.ru;Музей Союзмультфильма;tickets;Подростковый билет (с 14 лет);мультимедийный центр, будни (Понедельник-пятница);800 руб.;800;;"Будни (Понедельник-пятница); после приобретения билета, при посещении парка, необходимо предоставить документ удостоверяющий личность и возраст";;https://souzmultpark.ru/;2026-10-09T19:36:09.720954+00:00
souzmultpark.ru;Музей Союзмультфильма;tickets;Взрослый билет (с 18 лет);мультимедийный центр, будни (Понедельник-пятница);800 руб.;800;;Будни (Понедельник-пятница);;https://souzmultpark.ru/;2026-10-09T19:36:09.720954+00:00
souzmultpark.ru;Музей Союзмультфильма;tickets;Семейный комбо-билет;мультимедийный центр, будни (Понедельник-пятница);3600 руб.;3600;;"Будни (Понедельник-пятница); по билету проходят родители и двое детей одной семьи";;https://souzmultpark.ru/;2026-10-09T19:36:09.720954+00:00
souzmultpark.ru;Музей Союзмультфильма;tickets;Детский билет (с 3 лет);мультимедийный центр, выходные, праздники и каникулы;1850 руб.;1850;;Выходные, праздники и каникулы;;https://souzmultpark.ru/;2026-10-09T19:36:09.720954+00:00
souzmultpark.ru;Музей Союзмультфильма;tickets;Подростковый билет (с 14 лет);мультимедийный центр, выходные, праздники и каникулы;1000 руб.;1000;;"Выходные, праздники и каникулы; после приобретения билета, при посещении парка, необходимо предоставить документ удостоверяющий личность и возраст";;https://souzmultpark.ru/;2026-10-09T19:36:09.720954+00:00
souzmultpark.ru;Музей Союзмультфильма;tickets;Взрослый билет (с 18 лет);мультимедийный центр, выходные, праздники и каникулы;1000 руб.;1000;;Выходные, праздники и каникулы;;https://souzmultpark.ru/;2026-10-09T19:36:09.720954+00:00
souzmultpark.ru;Музей Союзмультфильма;tickets;Семейный комбо-билет;мультимедийный центр, выходные, праздники и каникулы;5100 руб.;5100;;"Выходные, праздники и каникулы; по билету проходят родители и двое детей одной семьи";;https://souzmultpark.ru/;2026-10-09T19:36:09.720954+00:00
souzmultpark.ru;Музей Союзмультфильма;tickets;Именинники;билет в мультимедийный центр;скидка 20%;;;"в день рождения; нужно просто показать подтверждающий документ, на ресепшн парка";;https://souzmultpark.ru/;2026-10-09T19:36:09.720954+00:00
souzmultpark.ru;Музей Союзмультфильма;tickets;Туроператоры и групповые посещения (при оформлении по договору на 15 детей — 1 взрослый идёт бесплатно);групповое посещение мультимедийного центра;1 взрослый идёт бесплатно;;;"Договор на групповое посещение заключается только с туристическими агентствами; при оформлении по договору на 15 детей — 1 взрослый идёт бесплатно";;https://souzmultpark.ru/;2026-10-09T19:36:09.720954+00:00
souzmultpark.ru;Музей Союзмультфильма;free_rules;Дети от 0 до 3-х лет;мультимедийный центр;;;бесплатно;Для получения бесплатного билета для детей до 3х лет необходимо иметь подтверждающий документ;always;https://souzmultpark.ru/;2026-10-09T19:36:09.720954+00:00
stalinbunker.ru;Запасной командный пункт Верховного Главнокомандующего Красной Армии И.В. Сталина периода Великой Отечественной войны 1941-1945;tickets;группа 10 человек;посещение бункера, путевка на группу;10000 руб.;10000;;путевка на группу 10 человек;;https://stalinbunker.ru/;2026-10-09T19:36:11.660769+00:00
stalinbunker.ru;Запасной командный пункт Верховного Главнокомандующего Красной Армии И.В. Сталина периода Великой Отечественной войны 1941-1945;tickets;льготная категория, группа 12 человек;посещение бункера, льготная путевка на группу;6000 руб.;6000;;льготная путевка на ГРУППу 12 ЧЕЛОВЕК;;https://stalinbunker.ru/;2026-10-09T19:36:11.660769+00:00
stalinbunker.ru;Запасной командный пункт Верховного Главнокомандующего Красной Армии И.В. Сталина периода Великой Отечественной войны 1941-1945;tickets;иностранцы, при группе 2 человека;посещение бункера;5000 руб.;5000;;иностранцы ПРИ ГРУППЕ 2 ЧЕЛОВЕКа;;https://stalinbunker.ru/;2026-10-09T19:36:11.660769+00:00
statearchive.ru;Выставочный зал федеральных архивов;free_rules;любой посетитель;Выставочный зал федеральных государственных архивов;;;в часы работы: Среда, четверг, пятница, суббота, воскресенье – 12.00 – 18.00, вход до 17:15;по предъявлению паспорта или иного документа, удостоверяющего личность;always;https://statearchive.ru/395;2026-10-09T19:36:13.227901+00:00
slovo.vdnh.ru;Слово;tickets;Стандартный билет;Музей славянской письменности «Слово», входной билет;300 рублей;300;;"Вход в Музей осуществляется по электронным билетам, приобретённым на сайтах vdnh.ru и slovo.vdnh.ru; билет можно приобрести не позднее чем за час до начала сеанса";;https://vdnh.ru/places/tsentr-slavyanskoy-pismennosti-slovo/;2026-10-09T19:36:03.980926+00:00
slovo.vdnh.ru;Слово;tickets;"Льготный билет: дети до 16 лет включительно; пенсионеры Российской Федерации; инвалиды III группы; студенты дневных форм обучения российских и зарубежных учебных заведений";Музей славянской письменности «Слово», входной билет;100 рублей;100;;Льготы действуют только при предъявлении посетителем кассирам КП «ВДНХ» удостоверяющих документов при оформлении входного билета;;https://vdnh.ru/places/tsentr-slavyanskoy-pismennosti-slovo/;2026-10-09T19:36:03.980926+00:00
slovo.vdnh.ru;Слово;tickets;"Бесплатный билет: дети-сироты; дети, оставшиеся без попечения родителей; дети до 6 лет включительно; дети-инвалиды; инвалиды I и II групп; сопровождающий инвалидов I группы и детей-инвалидов; ветераны ВОВ; члены семей с тремя и более детьми до достижения младшим ребенком возраста 16 лет (многодетные); сотрудники АО «ВДНХ», КП «ВДНХ», ГУП МЦВДНТ «Москва», ООО «Торговый дом «Выставка достижений народного хозяйства», ЗАО «УТЭ»; сотрудники бюджетных учреждений культуры РФ, а также иных культурных институций РФ (государственных и частных); члены международного совета музеев ИКОМ; участники проекта «Олимпиада. Музеи. Усадьбы. Парки» — дошкольники (до 6 лет включительно), школьники при наличии карты «Москвенок»; члены семей участников СВО при предъявлении справки об участии в СВО и документа, удостоверяющего личность";Музей славянской письменности «Слово», входной билет;Бесплатно;0;;"Оформление бесплатных билетов по установленным категориям граждан осуществляется в кассах, расположенных внутри павильона №58 «Земледелие» на ВДНХ; при входе в павильон посетитель обязан предъявить контролеру оригиналы документов, подтверждающие право на приобретение льготного билета";;https://vdnh.ru/places/tsentr-slavyanskoy-pismennosti-slovo/;2026-10-09T19:36:03.980926+00:00
slovo.vdnh.ru;Слово;tickets;Экскурсия по расписанию в составе сборной экскурсии до 20 чел.;Экскурсия «Кириллица в пространстве и времени: от момента создания до наших дней»;300 руб./чел.;300;;"ВТОРНИК — ПЯТНИЦА: 11:30, 13:30, 17:30, 19:30. СУББОТА — ВОСКРЕСЕНЬЕ: 11:30, 13:30, 17:30, 19:30; без предварительной записи, для группы от 2-х человек, собравшейся из индивидуальных посетителей; продажа билетов заканчивается за пять минут до начала экскурсии";;https://vdnh.ru/places/tsentr-slavyanskoy-pismennosti-slovo/;2026-10-09T19:36:03.980926+00:00
slovo.vdnh.ru;Слово;tickets;Экскурсия по основной экспозиции по расписанию в составе сборной экскурсии до 20 чел. + стандартный входной билет;Экскурсия «Кириллица в пространстве и времени: от момента создания до наших дней»;600 руб./чел.;600;;"ВТОРНИК — ПЯТНИЦА: 11:30, 13:30, 17:30, 19:30. СУББОТА — ВОСКРЕСЕНЬЕ: 11:30, 13:30, 17:30, 19:30; без предварительной записи, для группы от 2-х человек, собравшейся из индивидуальных посетителей; продажа билетов заканчивается за пять минут до начала экскурсии";;https://vdnh.ru/places/tsentr-slavyanskoy-pismennosti-slovo/;2026-10-09T19:36:03.980926+00:00
slovo.vdnh.ru;Слово;tickets;Экскурсия по основной экспозиции по расписанию в составе сборной экскурсии до 20 чел. + льготный входной билет;Экскурсия «Кириллица в пространстве и времени: от момента создания до наших дней»;400 руб./чел.;400;;"ВТОРНИК — ПЯТНИЦА: 11:30, 13:30, 17:30, 19:30. СУББОТА — ВОСКРЕСЕНЬЕ: 11:30, 13:30, 17:30, 19:30; без предварительной записи, для группы от 2-х человек, собравшейся из индивидуальных посетителей; продажа билетов заканчивается за пять минут до начала экскурсии";;https://vdnh.ru/places/tsentr-slavyanskoy-pismennosti-slovo/;2026-10-09T19:36:03.980926+00:00
slovo.vdnh.ru;Слово;tickets;Тематическая экскурсия «В поисках вдохновения», возраст участников 16+;Тематическая экскурсия;400 рублей для участника + стоимость входного билета;400;;"по предварительной записи; запись осуществляется по телефону не позднее, чем за 7 дней до планируемой даты проведения; продолжительность 60 минут; до 15 человек";;https://vdnh.ru/places/tsentr-slavyanskoy-pismennosti-slovo/;2026-10-09T19:36:03.980926+00:00
slovo.vdnh.ru;Слово;tickets;Индивидуальное обслуживание на русском языке для группы до 5 человек;Индивидуальные и групповые обзорные экскурсии;3000 рублей;3000;;"СУББОТА — ВОСКРЕСЕНЬЕ. Сеансы: 14:30; 17:00, другое время предварительно оговаривается по телефону; проводятся только по предварительной записи не менее, чем за 10 дней";;https://vdnh.ru/places/tsentr-slavyanskoy-pismennosti-slovo/;2026-10-09T19:36:03.980926+00:00
slovo.vdnh.ru;Слово;tickets;Индивидуальное обслуживание на русском языке для группы от 6 до 10 человек;Индивидуальные и групповые обзорные экскурсии;4000 рублей;4000;;"СУББОТА — ВОСКРЕСЕНЬЕ. Сеансы: 14:30; 17:00, другое время предварительно оговаривается по телефону; проводятся только по предварительной записи не менее, чем за 10 дней";;https://vdnh.ru/places/tsentr-slavyanskoy-pismennosti-slovo/;2026-10-09T19:36:03.980926+00:00
slovo.vdnh.ru;Слово;tickets;Индивидуальное обслуживание на русском языке для группы от 11 до 20 человек;Индивидуальные и групповые обзорные экскурсии;6000 рублей;6000;;"СУББОТА — ВОСКРЕСЕНЬЕ. Сеансы: 14:30; 17:00, другое время предварительно оговаривается по телефону; проводятся только по предварительной записи не менее, чем за 10 дней";;https://vdnh.ru/places/tsentr-slavyanskoy-pismennosti-slovo/;2026-10-09T19:36:03.980926+00:00
slovo.vdnh.ru;Слово;tickets;Индивидуальное обслуживание на русском языке для группы от 21 до 30 человек;Индивидуальные и групповые обзорные экскурсии;8000 рублей;8000;;"СУББОТА — ВОСКРЕСЕНЬЕ. Сеансы: 14:30; 17:00, другое время предварительно оговаривается по телефону; проводятся только по предварительной записи не менее, чем за 10 дней";;https://vdnh.ru/places/tsentr-slavyanskoy-pismennosti-slovo/;2026-10-09T19:36:03.980926+00:00
slovo.vdnh.ru;Слово;tickets;Индивидуальное обслуживание на английском языке для группы до 5 человек;Индивидуальные и групповые обзорные экскурсии;4000 рублей;4000;;"СУББОТА — ВОСКРЕСЕНЬЕ. Сеансы: 14:30; 17:00, другое время предварительно оговаривается по телефону; проводятся только по предварительной записи не менее, чем за 10 дней";;https://vdnh.ru/places/tsentr-slavyanskoy-pismennosti-slovo/;2026-10-09T19:36:03.980926+00:00
slovo.vdnh.ru;Слово;tickets;Индивидуальное обслуживание на английском языке для группы от 6 до 10 человек;Индивидуальные и групповые обзорные экскурсии;6000 рублей;6000;;"СУББОТА — ВОСКРЕСЕНЬЕ. Сеансы: 14:30; 17:00, другое время предварительно оговаривается по телефону; проводятся только по предварительной записи не менее, чем за 10 дней";;https://vdnh.ru/places/tsentr-slavyanskoy-pismennosti-slovo/;2026-10-09T19:36:03.980926+00:00
slovo.vdnh.ru;Слово;tickets;Индивидуальное обслуживание на английском языке для группы от 11 до 20 человек;Индивидуальные и групповые обзорные экскурсии;8000 рублей;8000;;"СУББОТА — ВОСКРЕСЕНЬЕ. Сеансы: 14:30; 17:00, другое время предварительно оговаривается по телефону; проводятся только по предварительной записи не менее, чем за 10 дней";;https://vdnh.ru/places/tsentr-slavyanskoy-pismennosti-slovo/;2026-10-09T19:36:03.980926+00:00
slovo.vdnh.ru;Слово;tickets;Индивидуальное обслуживание на английском языке для группы от 21 до 30 человек;Индивидуальные и групповые обзорные экскурсии;10000 рублей;10000;;"СУББОТА — ВОСКРЕСЕНЬЕ. Сеансы: 14:30; 17:00, другое время предварительно оговаривается по телефону; проводятся только по предварительной записи не менее, чем за 10 дней";;https://vdnh.ru/places/tsentr-slavyanskoy-pismennosti-slovo/;2026-10-09T19:36:03.980926+00:00
slovo.vdnh.ru;Слово;tickets;Дополнительные взрослые сопровождающие организованной школьной группы;Экскурсия «Кириллица в пространстве и времени: от момента создания до наших дней» (Экскурсии для организованных школьных групп на бесплатной основе);300 руб. + стоимость входного билета;300;;Дополнительные взрослые сопровождающие оплачивают входной билет и билет на экскурсионное обслуживание;;https://vdnh.ru/places/tsentr-slavyanskoy-pismennosti-slovo/;2026-10-09T19:36:03.980926+00:00
slovo.vdnh.ru;Слово;tickets;Участник (ребенок) экскурсии-квеста «Кирилл и Мефодий: миссия выполнима»;Экскурсия-квест для детей «Кирилл и Мефодий: миссия выполнима»;450 руб. + входной (полный/льготный/бесплатный (по карте «Москвенок»);450;;"СУББОТА - 16:30; ВОСКРЕСЕНЬЕ - 12:30; проводится только по предварительной записи за 10 дней до мероприятия; до 15 детей (8-14 лет), каждый в сопровождении 1 родителя";;https://vdnh.ru/places/tsentr-slavyanskoy-pismennosti-slovo/;2026-10-09T19:36:03.980926+00:00
slovo.vdnh.ru;Слово;tickets;Участник (ребенок) интерактивной экскурсии «Удивительные буквы. Пишем без бумаги и чернил»;Интерактивная экскурсия «Удивительные буквы. Пишем без бумаги и чернил»;450 руб. + входной (полный/льготный/бесплатный (по карте «Москвенок»);450;;"по предварительной записи; проводится только по предварительной записи за 10 дней до мероприятия; до 15 детей (4-7 лет), каждый в сопровождении взрослого";;https://vdnh.ru/places/tsentr-slavyanskoy-pismennosti-slovo/;2026-10-09T19:36:03.980926+00:00
slovo.vdnh.ru;Слово;tickets;Участник (ребенок) интерактивной экскурсии «Птица Феникс, Единорожец и другие сказочные животные»;Интерактивная экскурсия «Птица Феникс, Единорожец и другие сказочные животные»;450 руб. + входной (полный/льготный/бесплатный (по карте «Москвенок»);450;;"по предварительной записи; проводится только по предварительной записи за 10 дней до мероприятия; до 15 детей (4-7 лет), каждый в сопровождении взрослого";;https://vdnh.ru/places/tsentr-slavyanskoy-pismennosti-slovo/;2026-10-09T19:36:03.980926+00:00
slovo.vdnh.ru;Слово;tickets;Комбо-программа «Как мы пишем. От кириллицы до эмодзи», группа до 10 чел.;Комбо-программа «Как мы пишем. От кириллицы до эмодзи»;8000 руб. за группу до 10 чел;8000;;"по запросу; не позднее трех дней до начала — по запросу; минимальная группа 10 чел.; от 10 до 15 детей (4–6-й класс)";;https://vdnh.ru/places/tsentr-slavyanskoy-pismennosti-slovo/;2026-10-09T19:36:03.980926+00:00
slovo.vdnh.ru;Слово;tickets;Комбо-программа «Как мы пишем. От кириллицы до эмодзи», группа от 11 до 15 чел.;Комбо-программа «Как мы пишем. От кириллицы до эмодзи»;9000 руб за группу от 11 до 15 чел.;;;"по запросу; не позднее трех дней до начала — по запросу; минимальная группа 10 чел.; от 10 до 15 детей (4–6-й класс)";;https://vdnh.ru/places/tsentr-slavyanskoy-pismennosti-slovo/;2026-10-09T19:36:03.980926+00:00
slovo.vdnh.ru;Слово;tickets;Участник (ребенок) экскурсии-квеста «Пропавшие буквы»;Экскурсия-квест для детей «Пропавшие буквы»;450 руб. + входной (полный/льготный/бесплатный (по карте «Москвенок»);450;;"по предварительной записи; проводится только по предварительной записи за 10 дней до мероприятия; до 15 детей (8-10 лет), каждый в сопровождении взрослого";;https://vdnh.ru/places/tsentr-slavyanskoy-pismennosti-slovo/;2026-10-09T19:36:03.980926+00:00
slovo.vdnh.ru;Слово;free_rules;"дети-сироты; дети, оставшиеся без попечения родителей; дети до 6 лет включительно; дети-инвалиды; инвалиды I и II групп; сопровождающий инвалидов I группы и детей-инвалидов; ветераны ВОВ; члены семей с тремя и более детьми до достижения младшим ребенком возраста 16 лет (многодетные); сотрудники АО «ВДНХ», КП «ВДНХ», ГУП МЦВДНТ «Москва», ООО «Торговый дом «Выставка достижений народного хозяйства», ЗАО «УТЭ»; сотрудники бюджетных учреждений культуры РФ, а также иных культурных институций РФ (государственных и частных); члены международного совета музеев ИКОМ; участники проекта «Олимпиада. Музеи. Усадьбы. Парки» — дошкольники (до 6 лет включительно), школьники при наличии карты «Москвенок»; члены семей участников СВО при предъявлении справки об участии в СВО и документа, удостоверяющего личность";Музей славянской письменности «Слово», входной билет;;;постоянно;"Оформление бесплатных билетов по установленным категориям граждан осуществляется в кассах, расположенных внутри павильона №58 «Земледелие» на ВДНХ; при входе в павильон посетитель обязан предъявить контролеру оригиналы документов, подтверждающие право на приобретение льготного билета";benefit;https://vdnh.ru/places/tsentr-slavyanskoy-pismennosti-slovo/;2026-10-09T19:36:03.980926+00:00
slovo.vdnh.ru;Слово;free_rules;Организованная школьная группа до 30 человек (по письму-заявке);Экскурсия «Кириллица в пространстве и времени: от момента создания до наших дней» (Экскурсии для организованных школьных групп на бесплатной основе);;;"ВТОРНИК — ПЯТНИЦА. Сеансы: 11:00; 12:30; 17:00";"проводятся только по предварительной записи не менее, чем за 10 дней; обсудить возможную дату и время экскурсии по указанному номеру телефона и не позднее, чем за 7 (семь) дней до экскурсии отправить на e-mail admin_museum@vdnh.ru отсканированное письмо-заявку от школы; оригинал письма-заявки необходимо иметь с собой в день экскурсии";benefit;https://vdnh.ru/places/tsentr-slavyanskoy-pismennosti-slovo/;2026-10-09T19:36:03.980926+00:00
slovo.vdnh.ru;Слово;free_rules;На каждых 10 школьников предусмотрен 1 взрослый сопровождающий;Экскурсия «Кириллица в пространстве и времени: от момента создания до наших дней» (Экскурсии для организованных школьных групп на бесплатной основе);;;"ВТОРНИК — ПЯТНИЦА. Сеансы: 11:00; 12:30; 17:00";"ФИО и контактный телефон которого указывается в заявке; проводятся только по предварительной записи не менее, чем за 10 дней";benefit;https://vdnh.ru/places/tsentr-slavyanskoy-pismennosti-slovo/;2026-10-09T19:36:03.980926+00:00
teapotland.ru;Чайникландия - Музей удивительных чайников мира;tickets;Благотворительный билет;входной билет (посещение без экскурсии);1000 рублей;1000;;"для тех, кто хочет поддержать и помочь музею; оплата в кассе музея карточкой или наличными; музей работает строго по предварительной записи";;https://www.teapotland.ru/tickets;2026-10-09T19:36:17.329602+00:00
teapotland.ru;Чайникландия - Музей удивительных чайников мира;tickets;Льготный билет (пенсионеры, инвалиды, ветераны боевых действий);входной билет (посещение без экскурсии);390 рублей;390;;"при предъявлении удостоверения; оплата в кассе музея карточкой или наличными; музей работает строго по предварительной записи";;https://www.teapotland.ru/tickets;2026-10-09T19:36:17.329602+00:00
teapotland.ru;Чайникландия - Музей удивительных чайников мира;tickets;Студенты ВУЗов (очная форма обучения);скидка 20% только на входной билет в музей;скидка 20%;;;"при предъявлении студенческого; на групповых мероприятиях данные скидки не действуют (школьные и дошкольные программы, специальные программы, экскурсии, дни рождения и юбилеи, дегустация чая)";;https://www.teapotland.ru/tickets;2026-10-09T19:36:17.329602+00:00
teapotland.ru;Чайникландия - Музей удивительных чайников мира;tickets;Многодетные семьи;скидка 20% только на входной билет в музей;скидка 20%;;;"при предъявлении удостоверения многодетной семьи; на групповых мероприятиях данные скидки не действуют (школьные и дошкольные программы, специальные программы, экскурсии, дни рождения и юбилеи, дегустация чая)";;https://www.teapotland.ru/tickets;2026-10-09T19:36:17.329602+00:00
teapotland.ru;Чайникландия - Музей удивительных чайников мира;tickets;"Групповая экскурсия ""Чай и чайники"" (от 2 до 6 чел, от 9 лет)";групповая экскурсия;500 рублей (на 1 человека);500;;"строго по предварительной записи; входные билеты в музей приобретаются отдельно";;https://www.teapotland.ru/tickets;2026-10-09T19:36:17.329602+00:00
teapotland.ru;Чайникландия - Музей удивительных чайников мира;tickets;Экскурсия для организованных групп (от 6 до 16 чел, от 9 лет);групповая экскурсия;500 рублей (на 1 человека);500;;"строго по предварительной записи; входные билеты в музей приобретаются отдельно";;https://www.teapotland.ru/tickets;2026-10-09T19:36:17.329602+00:00
teapotland.ru;Чайникландия - Музей удивительных чайников мира;tickets;Специальная экскурсия для групп от туристических агентств;экскурсия;стоимость уточняйте в своем агентстве;;;строго по предварительной записи;;https://www.teapotland.ru/tickets;2026-10-09T19:36:17.329602+00:00
teapotland.ru;Чайникландия - Музей удивительных чайников мира;tickets;Индивидуальная экскурсия;индивидуальная экскурсия;1000 рублей;1000;;"строго по предварительной записи; входные билеты в музей приобретаются отдельно";;https://www.teapotland.ru/tickets;2026-10-09T19:36:17.329602+00:00
teapotland.ru;Чайникландия - Музей удивительных чайников мира;tickets;"Групповой мастер-класс по завариванию чая ""Секреты заваривания светлых сортов чая"" (от 2 человек)";мастер-класс по завариванию чая с дегустацией;1900 рублей/чел.;1900;;"3 сорта чая. 1-1,5 часа. От 2 человек; входные билеты в музей приобретаются отдельно";;https://www.teapotland.ru/tickets;2026-10-09T19:36:17.329602+00:00
teapotland.ru;Чайникландия - Музей удивительных чайников мира;tickets;"Групповой мастер-класс по завариванию чая ""Элитная"" дегустация (от 2 человек)";мастер-класс по завариванию чая с дегустацией;3900 рублей/чел.;3900;;"6 сортов чая. 2 часа. От 2 человек; входные билеты в музей приобретаются отдельно";;https://www.teapotland.ru/tickets;2026-10-09T19:36:17.329602+00:00
teapotland.ru;Чайникландия - Музей удивительных чайников мира;tickets;Школьная дегустация для старшеклассников;дегустация (только в формате школьной программы);1990 рублей/чел.;1990;;только в формате школьной программы;;https://www.teapotland.ru/tickets;2026-10-09T19:36:17.329602+00:00
teapotland.ru;Чайникландия - Музей удивительных чайников мира;tickets;Чайный мастер-класс для взрослых с основателями музея;мастер-класс по завариванию чая с дегустацией;стоимость не указана;;;"запись обязательна; все мероприятия проводятся строго по предварительной записи";;https://www.teapotland.ru/;2026-10-09T19:36:17.329602+00:00
teapotland.ru;Чайникландия - Музей удивительных чайников мира;tickets;Чайный мастер-класс;мастер-класс по завариванию чая;стоимость не указана;;;"запись обязательна; все мероприятия проводятся строго по предварительной записи";;https://www.teapotland.ru/;2026-10-09T19:36:17.329602+00:00
teapotland.ru;Чайникландия - Музей удивительных чайников мира;tickets;Творческие обучающие мастер-классы;мастер-классы для детей и взрослых;стоимость не указана;;;"запись обязательна; все мероприятия проводятся строго по предварительной записи";;https://www.teapotland.ru/;2026-10-09T19:36:17.329602+00:00
teapotland.ru;Чайникландия - Музей удивительных чайников мира;tickets;Дни рождения и юбилеи;семейные программы для детей и взрослых;стоимость не указана;;;"запись обязательна; все мероприятия проводятся строго по предварительной записи";;https://www.teapotland.ru/;2026-10-09T19:36:17.329602+00:00
teapotland.ru;Чайникландия - Музей удивительных чайников мира;tickets;Школьные программы;развивающе-познавательные мероприятия для школьников любых классов;стоимость не указана;;;"запись обязательна; все мероприятия проводятся строго по предварительной записи";;https://www.teapotland.ru/;2026-10-09T19:36:17.329602+00:00
teapotland.ru;Чайникландия - Музей удивительных чайников мира;tickets;Корпоративные программы;тимбилдинги и специальные развлекательно-познавательные мероприятия;стоимость не указана;;;"запись обязательна; все мероприятия проводятся строго по предварительной записи";;https://www.teapotland.ru/;2026-10-09T19:36:17.329602+00:00
teapotland.ru;Чайникландия - Музей удивительных чайников мира;tickets;Дополнительно для большой организованной группы (10-16 человек);чаепитие со сладостями на групповой экскурсии;990 рублей (на 1 человека);990;;"количество порций чая - без ограничений; ориентировочное время на чаепитие - от 30 минут до 1 часа (сюда не входит время экскурсии)";;https://www.teapotland.ru/excursions;2026-10-09T19:36:17.329602+00:00
teapotland.ru;Чайникландия - Музей удивительных чайников мира;free_rules;деткам от 5 лет;бесплатный поисковый мини-квест (попроще или посложнее);;;при посещении музея;деткам от 5 лет;always;https://www.teapotland.ru/excursions;2026-10-09T19:36:17.329602+00:00
tsar-maket.ru;Царь-макет, музей;tickets;Взрослый входной билет (с 14 лет);входной билет;1000 ₽;1000;;Цены на билеты с 1 Января 2025 года;;https://tsar-maket.ru/biletyi/;2026-10-09T19:36:25.500931+00:00
tsar-maket.ru;Царь-макет, музей;tickets;Детский входной билет (с 4 до 13 лет);входной билет;800 ₽;800;;Цены на билеты с 1 Января 2025 года;;https://tsar-maket.ru/biletyi/;2026-10-09T19:36:25.500931+00:00
tsar-maket.ru;Царь-макет, музей;tickets;"Льготная категория взрослая: пенсионеры; лицо, сопровождающее ребенка-инвалида; взрослые члены многодетных семей; военнослужащие срочной службы и курсанты военных училищ; инвалиды I и II группы (от 14 лет); ветераны войны и участники боевых действий";входной билет;850 ₽;850;;"кроме праздничных и нерабочих дней; только в кассе музея, предъявив удостоверяющий документ";;https://tsar-maket.ru/biletyi/;2026-10-09T19:36:25.500931+00:00
tsar-maket.ru;Царь-макет, музей;tickets;"Льготная категория детская: дети-инвалиды; дети из многодетных семей";входной билет;700 ₽;700;;"кроме праздничных и нерабочих дней; только в кассе музея, предъявив удостоверяющий документ";;https://tsar-maket.ru/biletyi/;2026-10-09T19:36:25.500931+00:00
tsar-maket.ru;Царь-макет, музей;tickets;Детский (до 3 лет);входной билет;Бесплатно;0;;Цены на билеты с 1 Января 2025 года;;https://tsar-maket.ru/biletyi/;2026-10-09T19:36:25.500931+00:00
tsar-maket.ru;Царь-макет, музей;tickets;Взрослый подарочный сертификат (с 14 лет);подарочный сертификат;1000 ₽;1000;;действует в течение 6 месяцев с даты приобретения;;https://tsar-maket.ru/biletyi/;2026-10-09T19:36:25.500931+00:00
tsar-maket.ru;Царь-макет, музей;tickets;Детский подарочный сертификат (с 4 до 13 лет);подарочный сертификат;800 ₽;800;;действует в течение 6 месяцев с даты приобретения;;https://tsar-maket.ru/biletyi/;2026-10-09T19:36:25.500931+00:00
tsar-maket.ru;Царь-макет, музей;tickets;Фото- и видеосъемка;фото- и видеосъемка;Бесплатно;0;;Цены на билеты с 1 Января 2025 года;;https://tsar-maket.ru/biletyi/;2026-10-09T19:36:25.500931+00:00
tsar-maket.ru;Царь-макет, музей;tickets;КВЕСТ (группа от 4 человек);квест;4 800 ₽;4800;;Цена рассчитана для группы от 4 человек. Входные билеты оплачиваются отдельно;;https://tsar-maket.ru/biletyi/;2026-10-09T19:36:25.500931+00:00
tsar-maket.ru;Царь-макет, музей;tickets;Царь-тур (до 5 человек);экскурсия;30000 руб.;30000;;до 5 человек;;https://tsar-maket.ru/biletyi/;2026-10-09T19:36:25.500931+00:00
tsar-maket.ru;Царь-макет, музей;tickets;Индивидуальная экскурсия только по второму залу 45 мин.;экскурсия;3000 руб.;3000;;только по второму залу 45 мин.;;https://tsar-maket.ru/biletyi/;2026-10-09T19:36:25.500931+00:00
tsar-maket.ru;Царь-макет, музей;tickets;Сборная экскурсия по второму залу 45 мин.;экскурсия;3000 руб.;3000;;по второму залу 45 мин.;;https://tsar-maket.ru/biletyi/;2026-10-09T19:36:25.500931+00:00
tsar-maket.ru;Царь-макет, музей;tickets;Сборная экскурсия по двум залам 90 мин. (группа до 12 человек);экскурсия;6000 ₽;6000;;"без учета стоимости входных билетов; группа до 12 человек";;https://tsar-maket.ru/biletyi/;2026-10-09T19:36:25.500931+00:00
tsar-maket.ru;Царь-макет, музей;tickets;Сборная экскурсия по двум залам 90 мин.;экскурсия;6000 руб;6000;;по двум залам 90 мин.;;https://tsar-maket.ru/biletyi/;2026-10-09T19:36:25.500931+00:00
tsar-maket.ru;Царь-макет, музей;tickets;Индивидуальная экскурсия только по первому залу 60 мин.;экскурсия;4000 руб;4000;;только по первому залу 60 мин.;;https://tsar-maket.ru/biletyi/;2026-10-09T19:36:25.500931+00:00
tsar-maket.ru;Царь-макет, музей;tickets;Сборная экскурсия только по первому залу 60 мин.;экскурсия;4000 руб;4000;;только по первому залу 60 мин.;;https://tsar-maket.ru/biletyi/;2026-10-09T19:36:25.500931+00:00
tsar-maket.ru;Царь-макет, музей;tickets;Экспресс-экскурсия по двум залам 60 мин.;экскурсия;4500 руб.;4500;;по двум залам 60 мин.;;https://tsar-maket.ru/biletyi/;2026-10-09T19:36:25.500931+00:00
tsar-maket.ru;Царь-макет, музей;tickets;Сборная экспресс-экскурсия по двум залам 60 мин.;экскурсия;4500 руб.;4500;;по двум залам 60 мин.;;https://tsar-maket.ru/biletyi/;2026-10-09T19:36:25.500931+00:00
tsar-maket.ru;Царь-макет, музей;tickets;Экскурсия на иностранном языке: английском, немецком, французском, итальянском, греческом (группа до 12 человек);экскурсия;8000 ₽;8000;;"без учета стоимости входных билетов; группа до 12 человек";;https://tsar-maket.ru/biletyi/;2026-10-09T19:36:25.500931+00:00
tsar-maket.ru;Царь-макет, музей;free_rules;Детский (до 3 лет);входной билет;;;Цены на билеты с 1 Января 2025 года;Бесплатно;always;https://tsar-maket.ru/biletyi/;2026-10-09T19:36:25.500931+00:00
tsar-maket.ru;Царь-макет, музей;free_rules;Фото- и видеосъемка;фото- и видеосъемка;;;Цены на билеты с 1 Января 2025 года;Бесплатно;always;https://tsar-maket.ru/biletyi/;2026-10-09T19:36:25.500931+00:00
tutanhamon.msk.ru;Сокровища гробницы Тутанхамона;tickets;Взрослый билет;выставка;1000 руб.;1000;;Билеты на выставку приобретаются для всех взрослых посетителей и детей начиная с 7 лет. Билет действует на дату, указанную в билете и только для однократного посещения.;;https://tutanhamon.msk.ru/informacziya-dlya-posetitelej/;2026-10-09T19:36:29.127885+00:00
tutanhamon.msk.ru;Сокровища гробницы Тутанхамона;tickets;Детский билет (с 7 лет);выставка;800 руб.;800;;Билеты на выставку приобретаются для всех взрослых посетителей и детей начиная с 7 лет. Билет действует на дату, указанную в билете и только для однократного посещения.;;https://tutanhamon.msk.ru/informacziya-dlya-posetitelej/;2026-10-09T19:36:29.127885+00:00
tutanhamon.msk.ru;Сокровища гробницы Тутанхамона;tickets;Студенты (дневной формы обучения);выставка;800 руб.;800;;Льготные билеты приобретаются в кассе выставки в день посещения при предъявлении документов, подтверждающих льготу.;;https://tutanhamon.msk.ru/informacziya-dlya-posetitelej/;2026-10-09T19:36:29.127885+00:00
tutanhamon.msk.ru;Сокровища гробницы Тутанхамона;tickets;Льготный билет;выставка;600 руб.;600;;Льготные билеты приобретаются в кассе выставки в день посещения при предъявлении документов, подтверждающих льготу.;;https://tutanhamon.msk.ru/informacziya-dlya-posetitelej/;2026-10-09T19:36:29.127885+00:00
tutanhamon.msk.ru;Сокровища гробницы Тутанхамона;tickets;2 взрослых, 1 ребенок (2 взрослых + 1 ребенок с 7 до 16 лет);выставка, семейный билет;2400 руб.;2400;;Билет действует на дату, указанную в билете и только для однократного посещения.;;https://tutanhamon.msk.ru/informacziya-dlya-posetitelej/;2026-10-09T19:36:29.127885+00:00
tutanhamon.msk.ru;Сокровища гробницы Тутанхамона;tickets;2 взрослых, 2 ребенка (2 взрослых + 2 ребенка с 7 до 16 лет);выставка, семейный билет;3000 руб.;3000;;Билет действует на дату, указанную в билете и только для однократного посещения.;;https://tutanhamon.msk.ru/informacziya-dlya-posetitelej/;2026-10-09T19:36:29.127885+00:00
tutanhamon.msk.ru;Сокровища гробницы Тутанхамона;free_rules;Дети до 7 лет, дети-сироты, дети, оставшиеся без попечения родителей, дети-инвалиды, инвалиды I и II групп, сопровождающий инвалидов I группы и детей-инвалидов, ветераны ВОВ, герои Советского Союза и РФ;выставка;;;Бесплатно посетить выставку имеют право следующие категории граждан;Контролеры вправе потребовать документы, подтверждающие возраст посетителя до 7 лет с бесплатным билетом.;benefit;https://tutanhamon.msk.ru/informacziya-dlya-posetitelej/;2026-10-09T19:36:29.127885+00:00
tvartsmuseum.ru;Музей телевизионного искусства;tickets;организованные группы до 25 человек;экскурсия по экспозиции музея;500 руб./чел.;500;;Посещение музея возможно только по предварительной записи для организованных групп до 25 человек. Стоимость экскурсии рассчитывается исходя из количества человек. Записаться можно по телефону: +7 978 598 26 79;;https://tvartsmuseum.ru/;2026-10-09T19:36:30.865703+00:00
ugolokdurova.ru;Музей династии Дурова;free_rules;Инвалиды и ветераны Великой Отечественной войны, Герои Советского Союза, Герои Российской Федерации и полные кавалеры ордена Славы, дети-инвалиды, дети с ограниченными физическими возможностями и дети — круглые сироты;мероприятие Учреждения;;;в будние дни;"при предъявлении документов, подтверждающих льготу; выделяются 2 (два) места; пригласительные выдаются администрацией Учреждения; одновременно предоставляется право на приобретение билета для одного сопровождающего лица по полной стоимости билета; при выявлении факта передачи пригласительных другим лицам администрация вправе отказать в посещении; в премьерные дни и в праздничные дни, официально установленные в соответствии со статьёй 112 Трудового кодекса Российской Федерации, льготы и пригласительные не применяются";benefit;https://www.ugolokdurova.ru/visitors/voprosy-i-otvety/;2026-10-09T19:36:32.268666+00:00
voznesenskycenter.ru;Центр Вознесенского;tickets;Взрослые (основной билет);выставки;700 рублей;700;;Основной билет;;https://www.voznesenskycenter.ru/visit/;2026-10-09T19:36:41.282605+00:00
voznesenskycenter.ru;Центр Вознесенского;tickets;"школьники; студенты очной формы обучения ВУЗов и СУЗов; пенсионеры; инвалиды III группы; многодетные семьи";выставки (льготное посещение);350 рублей;350;;Льготное посещение выставок предусмотрено для:;;https://www.voznesenskycenter.ru/visit/;2026-10-09T19:36:41.282605+00:00
voznesenskycenter.ru;Центр Вознесенского;tickets;все посетители;выставка «Трава по пояс. Природа и искусство Егора Летова» (специальная цена до открытия выставки);500 рублей;500;;До открытия выставки действует специальная цена на билеты;;https://www.voznesenskycenter.ru/exhibitions/trava-po-poyas-priroda-i-iskusstvo-egora-letova/;2026-10-09T19:36:41.282605+00:00
voznesenskycenter.ru;Центр Вознесенского;free_rules;"дети младше 7 лет; инвалиды I и II групп; инвалиды детства, в том числе вместе с сопровождающим; ветераны боевых действий и военнослужащие срочной службы; дети-сироты; граждане, проживающие в домах-интернатах для инвалидов и престарелых; работники музеев РФ и члены ИКОМ";выставки;;;постоянно;Бесплатное посещение выставок предусмотрено для:;always;https://www.voznesenskycenter.ru/visit/;2026-10-09T19:36:41.282605+00:00
voznesenskycenter.ru;Центр Вознесенского;free_rules;все посетители;выставка «Трава по пояс. Природа и искусство Егора Летова»;;;18 сентября, 16 октября, 20 ноября и 18 декабря, каждую третью пятницу месяца;вход на выставку — бесплатный;recurring_day;https://www.voznesenskycenter.ru/exhibitions/trava-po-poyas-priroda-i-iskusstvo-egora-letova/;2026-10-09T19:36:41.282605+00:00
vykhino.vzmoscow.ru;Галерея Выхино;tickets;взрослые;Выставка;300 р.;300;;"Вторник – воскресенье с 11:00 до 20:00; Понедельник: выходной";;https://vykhino.vzmoscow.ru/contacts;2026-10-09T19:36:42.847989+00:00
vykhino.vzmoscow.ru;Галерея Выхино;tickets;льготные категории посетителей;Выставка;150 р. (льготный);150;;Перечень льгот для отдельных категорий посетителей;;https://vykhino.vzmoscow.ru/contacts;2026-10-09T19:36:42.847989+00:00
vykhino.vzmoscow.ru;Галерея Выхино;tickets;взрослые;Протомузей;300 р.;300;;"Вторник – воскресенье с 11:00 до 20:00; Понедельник: выходной";;https://vykhino.vzmoscow.ru/contacts;2026-10-09T19:36:42.847989+00:00
vykhino.vzmoscow.ru;Галерея Выхино;tickets;льготные категории посетителей;Протомузей;150 р. (льготный);150;;Перечень льгот для отдельных категорий посетителей;;https://vykhino.vzmoscow.ru/contacts;2026-10-09T19:36:42.847989+00:00
vykhino.vzmoscow.ru;Галерея Выхино;tickets;взрослые;Выставка+Протомузей (комплексный билет);400 р.;400;;"Вторник – воскресенье с 11:00 до 20:00; Понедельник: выходной";;https://vykhino.vzmoscow.ru/contacts;2026-10-09T19:36:42.847989+00:00
vykhino.vzmoscow.ru;Галерея Выхино;tickets;льготные категории посетителей;Выставка+Протомузей (комплексный билет);200 р. (льготный);200;;Перечень льгот для отдельных категорий посетителей;;https://vykhino.vzmoscow.ru/contacts;2026-10-09T19:36:42.847989+00:00
vykhino.vzmoscow.ru;Галерея Выхино;free_rules;школьники;галерея Выхино;;;проходят бесплатно;по карте «Москвенок»;benefit;https://vykhino.vzmoscow.ru/contacts;2026-10-09T19:36:42.847989+00:00
sovrhistory.ru;Государственный центральный музей современной истории России;tickets;полный;Единый входной билет без экскурсионного обслуживания (ГЦМСИР, ЭМО «Пресня», «Квартира Г.М. Кржижановского», «Подпольная типография 1905-1906 гг.», ЭВО «Музей-галерея Е. Евтушенко» (срок действия - 10 дней);800;800;;без экскурсионного обслуживания, срок действия - 10 дней;;https://www.sovrhistory.ru/visitors/tickets/index.php;2026-10-09T19:36:10.832077+00:00
sovrhistory.ru;Государственный центральный музей современной истории России;tickets;льготный;Единый входной билет без экскурсионного обслуживания (ГЦМСИР, ЭМО «Пресня», «Квартира Г.М. Кржижановского», «Подпольная типография 1905-1906 гг.», ЭВО «Музей-галерея Е. Евтушенко» (срок действия - 10 дней);400;400;;без экскурсионного обслуживания, срок действия - 10 дней;;https://www.sovrhistory.ru/visitors/tickets/index.php;2026-10-09T19:36:10.832077+00:00
sovrhistory.ru;Государственный центральный музей современной истории России;tickets;7-17 лет;Единый входной билет без экскурсионного обслуживания (ГЦМСИР, ЭМО «Пресня», «Квартира Г.М. Кржижановского», «Подпольная типография 1905-1906 гг.», ЭВО «Музей-галерея Е. Евтушенко» (срок действия - 10 дней);300;300;;без экскурсионного обслуживания, срок действия - 10 дней;;https://www.sovrhistory.ru/visitors/tickets/index.php;2026-10-09T19:36:10.832077+00:00
sovrhistory.ru;Государственный центральный музей современной истории России;tickets;полный;Единый входной билет с посещением экспозиции «Калейдоскоп коллекций. Раритеты музейного собрания» без экскурсионного обслуживания (ГЦМСИР, ЭМО «Пресня», «Квартира Г.М. Кржижановского», «Подпольная типография 1905-1906 гг.», ЭВО «Музей-галерея Е. Евтушенко» (срок действия - 10 дней);1000;1000;;без экскурсионного обслуживания, срок действия - 10 дней;;https://www.sovrhistory.ru/visitors/tickets/index.php;2026-10-09T19:36:10.832077+00:00
sovrhistory.ru;Государственный центральный музей современной истории России;tickets;льготный;Единый входной билет с посещением экспозиции «Калейдоскоп коллекций. Раритеты музейного собрания» без экскурсионного обслуживания (ГЦМСИР, ЭМО «Пресня», «Квартира Г.М. Кржижановского», «Подпольная типография 1905-1906 гг.», ЭВО «Музей-галерея Е. Евтушенко» (срок действия - 10 дней);500;500;;без экскурсионного обслуживания, срок действия - 10 дней;;https://www.sovrhistory.ru/visitors/tickets/index.php;2026-10-09T19:36:10.832077+00:00
sovrhistory.ru;Государственный центральный музей современной истории России;tickets;7-17 лет;Единый входной билет с посещением экспозиции «Калейдоскоп коллекций. Раритеты музейного собрания» без экскурсионного обслуживания (ГЦМСИР, ЭМО «Пресня», «Квартира Г.М. Кржижановского», «Подпольная типография 1905-1906 гг.», ЭВО «Музей-галерея Е. Евтушенко» (срок действия - 10 дней);400;400;;без экскурсионного обслуживания, срок действия - 10 дней;;https://www.sovrhistory.ru/visitors/tickets/index.php;2026-10-09T19:36:10.832077+00:00
sovrhistory.ru;Государственный центральный музей современной истории России;tickets;полный;Главное здание Музея современной истории России, Индивидуальный входной билет на основную экспозицию (без экскурсионного обслуживания);500;500;;без экскурсионного обслуживания;;https://www.sovrhistory.ru/visitors/tickets/index.php;2026-10-09T19:36:10.832077+00:00
sovrhistory.ru;Государственный центральный музей современной истории России;tickets;льготный;Главное здание Музея современной истории России, Индивидуальный входной билет на основную экспозицию (без экскурсионного обслуживания);250;250;;без экскурсионного обслуживания;;https://www.sovrhistory.ru/visitors/tickets/index.php;2026-10-09T19:36:10.832077+00:00
sovrhistory.ru;Государственный центральный музей современной истории России;tickets;7-17 лет;Главное здание Музея современной истории России, Индивидуальный входной билет на основную экспозицию (без экскурсионного обслуживания);150;150;;без экскурсионного обслуживания;;https://www.sovrhistory.ru/visitors/tickets/index.php;2026-10-09T19:36:10.832077+00:00
sovrhistory.ru;Государственный центральный музей современной истории России;tickets;полный;Главное здание Музея современной истории России, Индивидуальный входной билет на экспозицию «Калейдоскоп коллекций. Раритеты музейного собрания» с посещением основной экспозиции (без экскурсионного обслуживания);600;600;;без экскурсионного обслуживания;;https://www.sovrhistory.ru/visitors/tickets/index.php;2026-10-09T19:36:10.832077+00:00
sovrhistory.ru;Государственный центральный музей современной истории России;tickets;льготный;Главное здание Музея современной истории России, Индивидуальный входной билет на экспозицию «Калейдоскоп коллекций. Раритеты музейного собрания» с посещением основной экспозиции (без экскурсионного обслуживания);300;300;;без экскурсионного обслуживания;;https://www.sovrhistory.ru/visitors/tickets/index.php;2026-10-09T19:36:10.832077+00:00
sovrhistory.ru;Государственный центральный музей современной истории России;tickets;7-17 лет;Главное здание Музея современной истории России, Индивидуальный входной билет на экспозицию «Калейдоскоп коллекций. Раритеты музейного собрания» с посещением основной экспозиции (без экскурсионного обслуживания);200;200;;без экскурсионного обслуживания;;https://www.sovrhistory.ru/visitors/tickets/index.php;2026-10-09T19:36:10.832077+00:00
sovrhistory.ru;Государственный центральный музей современной истории России;tickets;полный;Главное здание Музея современной истории России, Индивидуальный входной билет на экспозицию «Калейдоскоп коллекций. Раритеты музейного собрания» без посещения основной экспозиции (для сборных групп, при наличии индивидуального экскурсионного билета);100;100;;для сборных групп, при наличии индивидуального экскурсионного билета;;https://www.sovrhistory.ru/visitors/tickets/index.php;2026-10-09T19:36:10.832077+00:00
sovrhistory.ru;Государственный центральный музей современной истории России;tickets;льготный;Главное здание Музея современной истории России, Индивидуальный входной билет на экспозицию «Калейдоскоп коллекций. Раритеты музейного собрания» без посещения основной экспозиции (для сборных групп, при наличии индивидуального экскурсионного билета);50;50;;для сборных групп, при наличии индивидуального экскурсионного билета;;https://www.sovrhistory.ru/visitors/tickets/index.php;2026-10-09T19:36:10.832077+00:00
sovrhistory.ru;Государственный центральный музей современной истории России;tickets;7-17 лет;Главное здание Музея современной истории России, Индивидуальный входной билет на экспозицию «Калейдоскоп коллекций. Раритеты музейного собрания» без посещения основной экспозиции (для сборных групп, при наличии индивидуального экскурсионного билета);40;40;;для сборных групп, при наличии индивидуального экскурсионного билета;;https://www.sovrhistory.ru/visitors/tickets/index.php;2026-10-09T19:36:10.832077+00:00
sovrhistory.ru;Государственный центральный музей современной истории России;tickets;полный;Музей «Пресня», Индивидуальный входной билет без экскурсионного обслуживания;260;260;;без экскурсионного обслуживания;;https://www.sovrhistory.ru/visitors/tickets/index.php;2026-10-09T19:36:10.832077+00:00
sovrhistory.ru;Государственный центральный музей современной истории России;tickets;льготный;Музей «Пресня», Индивидуальный входной билет без экскурсионного обслуживания;130;130;;без экскурсионного обслуживания;;https://www.sovrhistory.ru/visitors/tickets/index.php;2026-10-09T19:36:10.832077+00:00
sovrhistory.ru;Государственный центральный музей современной истории России;tickets;7-17 лет;Музей «Пресня», Индивидуальный входной билет без экскурсионного обслуживания;100;100;;без экскурсионного обслуживания;;https://www.sovrhistory.ru/visitors/tickets/index.php;2026-10-09T19:36:10.832077+00:00
sovrhistory.ru;Государственный центральный музей современной истории России;tickets;полный;Музей «Пресня», Индивидуальный входной билет на экспозицию с посещением диорамы «Героическая Пресня.1905 год»;200;200;;;;https://www.sovrhistory.ru/visitors/tickets/index.php;2026-10-09T19:36:10.832077+00:00
sovrhistory.ru;Государственный центральный музей современной истории России;tickets;льготный;Музей «Пресня», Индивидуальный входной билет на экспозицию с посещением диорамы «Героическая Пресня.1905 год»;100;100;;;;https://www.sovrhistory.ru/visitors/tickets/index.php;2026-10-09T19:36:10.832077+00:00
sovrhistory.ru;Государственный центральный музей современной истории России;tickets;7-17 лет;Музей «Пресня», Индивидуальный входной билет на экспозицию с посещением диорамы «Героическая Пресня.1905 год»;100;100;;;;https://www.sovrhistory.ru/visitors/tickets/index.php;2026-10-09T19:36:10.832077+00:00
sovrhistory.ru;Государственный центральный музей современной истории России;tickets;полный;Музей «Пресня», Индивидуальный входной билет на экспозицию с посещением диорамы «Героическая Пресня.1905 год» (без экскурсионного обслуживания);360;360;;без экскурсионного обслуживания;;https://www.sovrhistory.ru/visitors/tickets/index.php;2026-10-09T19:36:10.832077+00:00
sovrhistory.ru;Государственный центральный музей современной истории России;tickets;льготный;Музей «Пресня», Индивидуальный входной билет на экспозицию с посещением диорамы «Героическая Пресня.1905 год» (без экскурсионного обслуживания);180;180;;без экскурсионного обслуживания;;https://www.sovrhistory.ru/visitors/tickets/index.php;2026-10-09T19:36:10.832077+00:00
sovrhistory.ru;Государственный центральный музей современной истории России;tickets;7-17 лет;Музей «Пресня», Индивидуальный входной билет на экспозицию с посещением диорамы «Героическая Пресня.1905 год» (без экскурсионного обслуживания);150;150;;без экскурсионного обслуживания;;https://www.sovrhistory.ru/visitors/tickets/index.php;2026-10-09T19:36:10.832077+00:00
sovrhistory.ru;Государственный центральный музей современной истории России;tickets;полный;"Музей «Пресня», Единый входной билет с посещением постоянной экспозиции, диорамы «Героическая Пресня. 1905 год"" и временных выставок";460;460;;;;https://www.sovrhistory.ru/visitors/tickets/index.php;2026-10-09T19:36:10.832077+00:00
sovrhistory.ru;Государственный центральный музей современной истории России;tickets;льготный;"Музей «Пресня», Единый входной билет с посещением постоянной экспозиции, диорамы «Героическая Пресня. 1905 год"" и временных выставок";230;230;;;;https://www.sovrhistory.ru/visitors/tickets/index.php;2026-10-09T19:36:10.832077+00:00
sovrhistory.ru;Государственный центральный музей современной истории России;tickets;7-17 лет;"Музей «Пресня», Единый входной билет с посещением постоянной экспозиции, диорамы «Героическая Пресня. 1905 год"" и временных выставок";190;190;;;;https://www.sovrhistory.ru/visitors/tickets/index.php;2026-10-09T19:36:10.832077+00:00
sovrhistory.ru;Государственный центральный музей современной истории России;tickets;полный;Музей «Подпольная типография 1905–1906 гг.», Индивидуальный входной билет без экскурсионного обслуживания;260;260;;без экскурсионного обслуживания;;https://www.sovrhistory.ru/visitors/tickets/index.php;2026-10-09T19:36:10.832077+00:00
sovrhistory.ru;Государственный центральный музей современной истории России;tickets;льготный;Музей «Подпольная типография 1905–1906 гг.», Индивидуальный входной билет без экскурсионного обслуживания;130;130;;без экскурсионного обслуживания;;https://www.sovrhistory.ru/visitors/tickets/index.php;2026-10-09T19:36:10.832077+00:00
sovrhistory.ru;Государственный центральный музей современной истории России;tickets;7-17 лет;Музей «Подпольная типография 1905–1906 гг.», Индивидуальный входной билет без экскурсионного обслуживания;100;100;;без экскурсионного обслуживания;;https://www.sovrhistory.ru/visitors/tickets/index.php;2026-10-09T19:36:10.832077+00:00
sovrhistory.ru;Государственный центральный музей современной истории России;tickets;полный;Музей «Подпольная типография 1905–1906 гг.», Индивидуальный входной билет с путеводителем по музею;360;360;;с путеводителем по музею;;https://www.sovrhistory.ru/visitors/tickets/index.php;2026-10-09T19:36:10.832077+00:00
sovrhistory.ru;Государственный центральный музей современной истории России;tickets;полный;Квартира Г. М. Кржижановского, Мемориальная квартира Г.М. Кржижановского (посещение возможно только в сопровождении экскурсовода, необходимо приобрести входной билет и экскурсионный билет). Индивидуальный входной билет без экскурсионного обслуживания;200;200;;посещение возможно только в сопровождении экскурсовода, необходимо приобрести входной билет и экскурсионный билет, без экскурсионного обслуживания;;https://www.sovrhistory.ru/visitors/tickets/index.php;2026-10-09T19:36:10.832077+00:00
sovrhistory.ru;Государственный центральный музей современной истории России;tickets;льготный;Квартира Г. М. Кржижановского, Мемориальная квартира Г.М. Кржижановского (посещение возможно только в сопровождении экскурсовода, необходимо приобрести входной билет и экскурсионный билет). Индивидуальный входной билет без экскурсионного обслуживания;100;100;;посещение возможно только в сопровождении экскурсовода, необходимо приобрести входной билет и экскурсионный билет, без экскурсионного обслуживания;;https://www.sovrhistory.ru/visitors/tickets/index.php;2026-10-09T19:36:10.832077+00:00
sovrhistory.ru;Государственный центральный музей современной истории России;tickets;7-17 лет;Квартира Г. М. Кржижановского, Мемориальная квартира Г.М. Кржижановского (посещение возможно только в сопровождении экскурсовода, необходимо приобрести входной билет и экскурсионный билет). Индивидуальный входной билет без экскурсионного обслуживания;100;100;;посещение возможно только в сопровождении экскурсовода, необходимо приобрести входной билет и экскурсионный билет, без экскурсионного обслуживания;;https://www.sovrhistory.ru/visitors/tickets/index.php;2026-10-09T19:36:10.832077+00:00
sovrhistory.ru;Государственный центральный музей современной истории России;tickets;полный;Квартира Г. М. Кржижановского, Экспозиции «Из истории Замоскворечья», «Говорит и показывает Москва», Индивидуальный входной билет;260;260;;;;https://www.sovrhistory.ru/visitors/tickets/index.php;2026-10-09T19:36:10.832077+00:00
sovrhistory.ru;Государственный центральный музей современной истории России;tickets;льготный;Квартира Г. М. Кржижановского, Экспозиции «Из истории Замоскворечья», «Говорит и показывает Москва», Индивидуальный входной билет;130;130;;;;https://www.sovrhistory.ru/visitors/tickets/index.php;2026-10-09T19:36:10.832077+00:00
sovrhistory.ru;Государственный центральный музей современной истории России;tickets;7-17 лет;Квартира Г. М. Кржижановского, Экспозиции «Из истории Замоскворечья», «Говорит и показывает Москва», Индивидуальный входной билет;100;100;;;;https://www.sovrhistory.ru/visitors/tickets/index.php;2026-10-09T19:36:10.832077+00:00
sovrhistory.ru;Государственный центральный музей современной истории России;tickets;полный;Музей-галерея Е. Евтушенко, Индивидуальный входной билет без экскурсионного обслуживания;260;260;;без экскурсионного обслуживания;;https://www.sovrhistory.ru/visitors/tickets/index.php;2026-10-09T19:36:10.832077+00:00
sovrhistory.ru;Государственный центральный музей современной истории России;tickets;льготный;Музей-галерея Е. Евтушенко, Индивидуальный входной билет без экскурсионного обслуживания;130;130;;без экскурсионного обслуживания;;https://www.sovrhistory.ru/visitors/tickets/index.php;2026-10-09T19:36:10.832077+00:00
sovrhistory.ru;Государственный центральный музей современной истории России;tickets;7-17 лет;Музей-галерея Е. Евтушенко, Индивидуальный входной билет без экскурсионного обслуживания;100;100;;без экскурсионного обслуживания;;https://www.sovrhistory.ru/visitors/tickets/index.php;2026-10-09T19:36:10.832077+00:00
sovrhistory.ru;Государственный центральный музей современной истории России;tickets;полный;Мемориальный комплекс «Катынь», Экспозиция «Россия и Польша. XX век. Страницы истории»;200;200;;;;https://www.sovrhistory.ru/visitors/tickets/index.php;2026-10-09T19:36:10.832077+00:00
sovrhistory.ru;Государственный центральный музей современной истории России;tickets;льготный;Мемориальный комплекс «Катынь», Экспозиция «Россия и Польша. XX век. Страницы истории»;100;100;;;;https://www.sovrhistory.ru/visitors/tickets/index.php;2026-10-09T19:36:10.832077+00:00
sovrhistory.ru;Государственный центральный музей современной истории России;tickets;полный;Мемориальный комплекс «Катынь», Экспозиция «Сохранённая память» (павильон главного входа);100;100;;;;https://www.sovrhistory.ru/visitors/tickets/index.php;2026-10-09T19:36:10.832077+00:00
sovrhistory.ru;Государственный центральный музей современной истории России;tickets;льготный;Мемориальный комплекс «Катынь», Экспозиция «Сохранённая память» (павильон главного входа);60;60;;;;https://www.sovrhistory.ru/visitors/tickets/index.php;2026-10-09T19:36:10.832077+00:00
sovrhistory.ru;Государственный центральный музей современной истории России;tickets;полный;Мемориальный комплекс «Катынь», Выставочный зал (Музейно-выставочный центр);90;90;;;;https://www.sovrhistory.ru/visitors/tickets/index.php;2026-10-09T19:36:10.832077+00:00
sovrhistory.ru;Государственный центральный музей современной истории России;tickets;льготный;Мемориальный комплекс «Катынь», Выставочный зал (Музейно-выставочный центр);50;50;;;;https://www.sovrhistory.ru/visitors/tickets/index.php;2026-10-09T19:36:10.832077+00:00
sovrhistory.ru;Государственный центральный музей современной истории России;tickets;полный;Мемориальный комплекс «Катынь», Единый билет (Музейно-выставочный центр и павильон главного входа);250;250;;;;https://www.sovrhistory.ru/visitors/tickets/index.php;2026-10-09T19:36:10.832077+00:00
sovrhistory.ru;Государственный центральный музей современной истории России;tickets;льготный;Мемориальный комплекс «Катынь», Единый билет (Музейно-выставочный центр и павильон главного входа);140;140;;;;https://www.sovrhistory.ru/visitors/tickets/index.php;2026-10-09T19:36:10.832077+00:00
sovrhistory.ru;Государственный центральный музей современной истории России;tickets;полный;Мемориальный комплекс «Медное», Индивидуальный входной билет в Музейно-информационный центр МК «Медное»;100;100;;;;https://www.sovrhistory.ru/visitors/tickets/index.php;2026-10-09T19:36:10.832077+00:00
sovrhistory.ru;Государственный центральный музей современной истории России;tickets;льготный;Мемориальный комплекс «Медное», Индивидуальный входной билет в Музейно-информационный центр МК «Медное»;50;50;;;;https://www.sovrhistory.ru/visitors/tickets/index.php;2026-10-09T19:36:10.832077+00:00
sovrhistory.ru;Государственный центральный музей современной истории России;tickets;полный;Мемориальный комплекс «Медное», Индивидуальный входной билет в Выставочный зал (приобретается дополнительно к билету в Музейно-информационный центр);100;100;;приобретается дополнительно к билету в Музейно-информационный центр;;https://www.sovrhistory.ru/visitors/tickets/index.php;2026-10-09T19:36:10.832077+00:00
sovrhistory.ru;Государственный центральный музей современной истории России;tickets;льготный;Мемориальный комплекс «Медное», Индивидуальный входной билет в Выставочный зал (приобретается дополнительно к билету в Музейно-информационный центр);50;50;;приобретается дополнительно к билету в Музейно-информационный центр;;https://www.sovrhistory.ru/visitors/tickets/index.php;2026-10-09T19:36:10.832077+00:00
sovrhistory.ru;Государственный центральный музей современной истории России;free_rules;члены многодетных семей (при предъявлении удостоверения, подтверждающего статус многодетной семьи, или двухмерного штрихового QR-кода, содержащегося в электронном удостоверении многодетной семьи);Главное здание Музея современной истории России, Музей «Пресня», Музей «Подпольная типография 1905–1906 гг.», Квартира Г. М. Кржижановского, Музей-галерея Е. Евтушенко;;;Постоянно;По предоставлению соответствующего документа;always;https://www.sovrhistory.ru/visitors/tickets/index.php;2026-10-09T19:36:10.832077+00:00
sovrhistory.ru;Государственный центральный музей современной истории России;free_rules;дети до 7 лет;Главное здание Музея современной истории России, Музей «Пресня», Музей «Подпольная типография 1905–1906 гг.», Квартира Г. М. Кржижановского, Музей-галерея Е. Евтушенко;;;Постоянно;По предоставлению соответствующего документа;always;https://www.sovrhistory.ru/visitors/tickets/index.php;2026-10-09T19:36:10.832077+00:00
sovrhistory.ru;Государственный центральный музей современной истории России;free_rules;дети 7-17 лет включительно при наличии экскурсионной путёвки;Главное здание Музея современной истории России, Музей «Пресня», Музей «Подпольная типография 1905–1906 гг.», Квартира Г. М. Кржижановского, Музей-галерея Е. Евтушенко;;;Постоянно;при наличии экскурсионной путёвки, По предоставлению соответствующего документа;always;https://www.sovrhistory.ru/visitors/tickets/index.php;2026-10-09T19:36:10.832077+00:00
sovrhistory.ru;Государственный центральный музей современной истории России;free_rules;сопровождающий экскурсионной группы детей (не более двух человек);Главное здание Музея современной истории России, Музей «Пресня», Музей «Подпольная типография 1905–1906 гг.», Квартира Г. М. Кржижановского, Музей-галерея Е. Евтушенко;;;Постоянно;не более двух человек, По предоставлению соответствующего документа;always;https://www.sovrhistory.ru/visitors/tickets/index.php;2026-10-09T19:36:10.832077+00:00
sovrhistory.ru;Государственный центральный музей современной истории России;free_rules;инвалиды I, II групп и сопровождающие их лица (не более одного человека);Главное здание Музея современной истории России, Музей «Пресня», Музей «Подпольная типография 1905–1906 гг.», Квартира Г. М. Кржижановского, Музей-галерея Е. Евтушенко;;;Постоянно;не более одного человека, По предоставлению соответствующего документа;always;https://www.sovrhistory.ru/visitors/tickets/index.php;2026-10-09T19:36:10.832077+00:00
sovrhistory.ru;Государственный центральный музей современной истории России;free_rules;герои Советского Союза;Главное здание Музея современной истории России, Музей «Пресня», Музей «Подпольная типография 1905–1906 гг.», Квартира Г. М. Кржижановского, Музей-галерея Е. Евтушенко;;;Постоянно;По предоставлению соответствующего документа;always;https://www.sovrhistory.ru/visitors/tickets/index.php;2026-10-09T19:36:10.832077+00:00
sovrhistory.ru;Государственный центральный музей современной истории России;free_rules;герои Российской Федерации;Главное здание Музея современной истории России, Музей «Пресня», Музей «Подпольная типография 1905–1906 гг.», Квартира Г. М. Кржижановского, Музей-галерея Е. Евтушенко;;;Постоянно;По предоставлению соответствующего документа;always;https://www.sovrhistory.ru/visitors/tickets/index.php;2026-10-09T19:36:10.832077+00:00
sovrhistory.ru;Государственный центральный музей современной истории России;free_rules;полные кавалеры ордена Славы;Главное здание Музея современной истории России, Музей «Пресня», Музей «Подпольная типография 1905–1906 гг.», Квартира Г. М. Кржижановского, Музей-галерея Е. Евтушенко;;;Постоянно;По предоставлению соответствующего документа;always;https://www.sovrhistory.ru/visitors/tickets/index.php;2026-10-09T19:36:10.832077+00:00
sovrhistory.ru;Государственный центральный музей современной истории России;free_rules;сотрудники музеев Российской Федерации;Главное здание Музея современной истории России, Музей «Пресня», Музей «Подпольная типография 1905–1906 гг.», Квартира Г. М. Кржижановского, Музей-галерея Е. Евтушенко;;;Постоянно;По предоставлению соответствующего документа;always;https://www.sovrhistory.ru/visitors/tickets/index.php;2026-10-09T19:36:10.832077+00:00
sovrhistory.ru;Государственный центральный музей современной истории России;free_rules;члены ИКОМ;Главное здание Музея современной истории России, Музей «Пресня», Музей «Подпольная типография 1905–1906 гг.», Квартира Г. М. Кржижановского, Музей-галерея Е. Евтушенко;;;Постоянно;По предоставлению соответствующего документа;always;https://www.sovrhistory.ru/visitors/tickets/index.php;2026-10-09T19:36:10.832077+00:00
sovrhistory.ru;Государственный центральный музей современной истории России;free_rules;ветераны Великой Отечественной войны;Главное здание Музея современной истории России, Музей «Пресня», Музей «Подпольная типография 1905–1906 гг.», Квартира Г. М. Кржижановского, Музей-галерея Е. Евтушенко;;;Постоянно;По предоставлению соответствующего документа;always;https://www.sovrhistory.ru/visitors/tickets/index.php;2026-10-09T19:36:10.832077+00:00
sovrhistory.ru;Государственный центральный музей современной истории России;free_rules;ветераны боевых действий;Главное здание Музея современной истории России, Музей «Пресня», Музей «Подпольная типография 1905–1906 гг.», Квартира Г. М. Кржижановского, Музей-галерея Е. Евтушенко;;;Постоянно;По предоставлению соответствующего документа;always;https://www.sovrhistory.ru/visitors/tickets/index.php;2026-10-09T19:36:10.832077+00:00
sovrhistory.ru;Государственный центральный музей современной истории России;free_rules;учащиеся средних и средних специальных учебных заведений (от 18 лет) РФ по продлённому на текущий учебный год студенческому билету;Главное здание Музея современной истории России, Музей «Пресня», Музей «Подпольная типография 1905–1906 гг.», Квартира Г. М. Кржижановского, Музей-галерея Е. Евтушенко;;;Первый четверг каждого месяца;по продлённому на текущий учебный год студенческому билету, По предоставлению соответствующего документа;recurring_day;https://www.sovrhistory.ru/visitors/tickets/index.php;2026-10-09T19:36:10.832077+00:00
sovrhistory.ru;Государственный центральный музей современной истории России;free_rules;студенты очной формы обучения вузов Российской Федерации;Главное здание Музея современной истории России, Музей «Пресня», Музей «Подпольная типография 1905–1906 гг.», Квартира Г. М. Кржижановского, Музей-галерея Е. Евтушенко;;;Первый четверг каждого месяца;По предоставлению соответствующего документа;recurring_day;https://www.sovrhistory.ru/visitors/tickets/index.php;2026-10-09T19:36:10.832077+00:00
sovrhistory.ru;Государственный центральный музей современной истории России;free_rules;военнослужащие, проходящие военную службу по призыву;Главное здание Музея современной истории России, Музей «Пресня», Музей «Подпольная типография 1905–1906 гг.», Квартира Г. М. Кржижановского, Музей-галерея Е. Евтушенко;;;Каждый вторник месяца;По предоставлению соответствующего документа;recurring_day;https://www.sovrhistory.ru/visitors/tickets/index.php;2026-10-09T19:36:10.832077+00:00
sovrhistory.ru;Государственный центральный музей современной истории России;free_rules;Индивидуальное посещение территории МК «Медное»;Мемориальный комплекс «Медное», территория;;;с 09:00 до 21:00 ежедневно;;always;https://www.sovrhistory.ru/visitors/tickets/index.php;2026-10-09T19:36:10.832077+00:00
sovrhistory.ru;Государственный центральный музей современной истории России;free_rules;Лица, сопровождающие детскую экскурсионную группу;Музей;;;Постоянно;не более двух человек;always;https://www.sovrhistory.ru/visitors/tickets/index.php;2026-10-09T19:36:10.832077+00:00
watchmuseum.ru;Музей времени и часов;free_rules;все категории посетителей как индивидуальных, так и в составе организованных групп;посещение Музея;;;ежедневно с 10-00 до 21- 00 без выходных;Посещение Музея осуществляется бесплатно;always;https://www.watchmuseum.ru/posetitelyam;2026-10-09T19:36:43.950702+00:00
watchmuseum.ru;Музей времени и часов;free_rules;организованные группы (от 7-ми до 20-и человек);бесплатная экскурсия по музею;;;при условии, что руководитель группы заранее по телефону музея согласует время и дату её проведения с экскурсоводом;руководитель группы заранее по телефону музея согласует время и дату её проведения с экскурсоводом;benefit;https://www.watchmuseum.ru/posetitelyam;2026-10-09T19:36:43.950702+00:00
warmotors.ru;Моторы войны;tickets;Взрослый;обзорная экскурсия для сборных групп по сеансам;450 руб. за одного человека;450;;Начало: в 12.00 (кроме субботы), в 14.00, в 16.00 и в 18.00;;https://warmotors.ru/;2026-10-09T19:36:43.478020+00:00
warmotors.ru;Моторы войны;tickets;Льготный;обзорная экскурсия для сборных групп по сеансам;250 руб. за одного человека;250;;Начало: в 12.00 (кроме субботы), в 14.00, в 16.00 и в 18.00;;https://warmotors.ru/;2026-10-09T19:36:43.478020+00:00
warmotors.ru;Моторы войны;free_rules;Дети до 7 лет;входной билет на выставку «Моторы войны»;;;по карте Москвенок;по карте Москвенок;benefit;https://warmotors.ru/;2026-10-09T19:36:43.478020+00:00
warmotors.ru;Моторы войны;free_rules;школьники и учащиеся колледжей Москвы;посещение выставки;;;при наличии действующей карты «Москвёнок» (в виде карты, браслета или брелока);"сопровождающему или учащемуся нужно подойти к администратору с картой; администратор приложит карту к считывателю; если карта действительна, администратор выдаст бесплатный билет";benefit;https://warmotors.ru/;2026-10-09T19:36:43.478020+00:00
warmotors.ru;Моторы войны;free_rules;школьники и учащиеся колледжей Москвы;посещение выставки;;;если карты «Москвёнок» нет;"нужно предоставить администратору справку из образовательной организации Москвы (в печатном виде); администратор сделает скан-копию справки в обмен на бесплатный билет";benefit;https://warmotors.ru/;2026-10-09T19:36:43.478020+00:00
xn----7sbbdcuwkodph3b5esd.xn--p1ai;Особняк-Небылица;tickets;Взрослый;Музей;1500 ₽;1500;;Будние дни;;https://xn----7sbbdcuwkodph3b5esd.xn--p1ai/tickets.html;2026-10-09T19:36:47.119180+00:00
xn----7sbbdcuwkodph3b5esd.xn--p1ai;Особняк-Небылица;tickets;Взрослый;Музей;1800 ₽;1800;;Выходные;;https://xn----7sbbdcuwkodph3b5esd.xn--p1ai/tickets.html;2026-10-09T19:36:47.119180+00:00
xn----7sbbdcuwkodph3b5esd.xn--p1ai;Особняк-Небылица;tickets;Детский;Музей;1200 ₽;1200;;Будние дни;;https://xn----7sbbdcuwkodph3b5esd.xn--p1ai/tickets.html;2026-10-09T19:36:47.119180+00:00
xn----7sbbdcuwkodph3b5esd.xn--p1ai;Особняк-Небылица;tickets;Детский;Музей;1500 ₽;1500;;Выходные;;https://xn----7sbbdcuwkodph3b5esd.xn--p1ai/tickets.html;2026-10-09T19:36:47.119180+00:00
winzavod.ru;Бродильный цех;tickets;все посетители;Специальное событие XIII ярмарка новых имен ВИН-ВИН, Цех Красного, Цех Белого;650 ₽;650;;Начало в 13:00;;https://winzavod.ru/calendar/?is_pay=N;2026-10-09T19:36:46.013215+00:00
winzavod.ru;Бродильный цех;tickets;все посетители;Экскурсия «Как понять современное искусство»;12000 ₽;12000;;"12+; 01 января — 31 декабря 2026";;https://winzavod.ru/calendar/exhibitions/c-est-trop/;2026-10-09T19:36:46.013215+00:00
winzavod.ru;Бродильный цех;free_rules;все посетители;Выставка «Ирония киборгов: коллективная выставка», Акцизный зал;;;в часы работы выставки;Начало в 10:00;always;https://winzavod.ru/calendar/?is_pay=N;2026-10-09T19:36:46.013215+00:00
winzavod.ru;Бродильный цех;free_rules;все посетители;Выставка «14 сезон Открытых студий Винзавода», Открытые студии;;;в часы работы выставки;Начало в 12:00;always;https://winzavod.ru/calendar/?is_pay=N;2026-10-09T19:36:46.013215+00:00
winzavod.ru;Бродильный цех;free_rules;все посетители;Выставка Павел Гришин «C’est Trop», H8, БУДУЩЕЕ/FUTURO;;;в часы работы выставки;Режим работы: 12:00 — 20:00;always;https://winzavod.ru/calendar/exhibitions/c-est-trop/;2026-10-09T19:36:46.013215+00:00
winzavod.ru;Бродильный цех;free_rules;все посетители;Выставка Георгий Тотибадзе «Лесополоса», H8, Галерея Тотибадзе;;;в часы работы выставки;Режим работы: 12:00 — 20:00;always;https://winzavod.ru/calendar/exhibitions/lesopolosa/;2026-10-09T19:36:46.013215+00:00
winzavod.ru;Бродильный цех;free_rules;все посетители;Выставка Михаил Доляновский «Релапс», H8, Галерея Ovcharenko;;;в часы работы выставки;Режим работы: 11:00 — 20:00;always;https://winzavod.ru/calendar/exhibitions/relaps/;2026-10-09T19:36:46.013215+00:00
xn--80abwtcbllj6b9f.xn--p1ai;Робостанция, научно-развлекательная выставка;tickets;Детский (до 14 лет);Выставка Робостанция, входной билет;1090 / 1290;;;Рублей, в будни / выходные;;https://xn--80abwtcbllj6b9f.xn--p1ai/;2026-10-09T19:36:49.069828+00:00
xn--80abwtcbllj6b9f.xn--p1ai;Робостанция, научно-развлекательная выставка;tickets;Детский с мастер-классом;Выставка Робостанция, входной билет;2190 / 2190;;;Рублей, в будни / выходные;;https://xn--80abwtcbllj6b9f.xn--p1ai/;2026-10-09T19:36:49.069828+00:00
xn--80abwtcbllj6b9f.xn--p1ai;Робостанция, научно-развлекательная выставка;tickets;Взрослый*;Выставка Робостанция, входной билет;1190 / 1390;;;"Рублей, в будни / выходные; * Скидка 50% для участников СВО и членов их семей при предъявлении соответствующих документов";;https://xn--80abwtcbllj6b9f.xn--p1ai/;2026-10-09T19:36:49.069828+00:00
xn--80abwtcbllj6b9f.xn--p1ai;Робостанция, научно-развлекательная выставка;tickets;Семейный (2+2);Выставка Робостанция, входной билет;3890 / 4390;;;Рублей, в будни / выходные;;https://xn--80abwtcbllj6b9f.xn--p1ai/;2026-10-09T19:36:49.069828+00:00
xn--80abwtcbllj6b9f.xn--p1ai;Робостанция, научно-развлекательная выставка;tickets;Льготные билеты** (студенты, пенсионеры, члены многодетных семей);Выставка Робостанция, входной билет;690 / 790;;;"Рублей, в будни / выходные; ** Льготные билеты для студентов, пенсионеров, членов многодетных семей";;https://xn--80abwtcbllj6b9f.xn--p1ai/;2026-10-09T19:36:49.069828+00:00
visotsky.ru;Государственный музей Владимира Высоцкого;tickets;все категории посетителей;мультимедийная экспозиция (6 залов), входной билет;450 руб.;450;;Для граждан РФ и иностранных граждан;;https://visotsky.ru/o-muzee/stoimost-biletov/;2026-10-09T19:36:35.761094+00:00
visotsky.ru;Государственный музей Владимира Высоцкого;tickets;все категории посетителей;зал экспозиции «Мемориальный кабинет Владимира Высоцкого», входной билет, самостоятельный осмотр;250 руб.;250;;Для граждан РФ и иностранных граждан;;https://visotsky.ru/o-muzee/stoimost-biletov/;2026-10-09T19:36:35.761094+00:00
visotsky.ru;Государственный музей Владимира Высоцкого;tickets;все категории посетителей;единый билет для посещения всех экспозиционных залов (7 залов);650 руб.;650;;Для граждан РФ и иностранных граждан;;https://visotsky.ru/o-muzee/stoimost-biletov/;2026-10-09T19:36:35.761094+00:00
visotsky.ru;Государственный музей Владимира Высоцкого;tickets;иностранные граждане;мультимедийная экспозиция (6 залов), входной билет на одно лицо;450 руб.;450;;на одно лицо;;https://visotsky.ru/o-muzee/stoimost-biletov/;2026-10-09T19:36:35.761094+00:00
visotsky.ru;Государственный музей Владимира Высоцкого;tickets;все категории посетителей;обзорная экскурсия по мультимедийной экспозиции с использованием аудиогида, на одно лицо;300 руб.;300;;при наличии входного билета;;https://visotsky.ru/o-muzee/stoimost-biletov/;2026-10-09T19:36:35.761094+00:00
visotsky.ru;Государственный музей Владимира Высоцкого;tickets;все категории посетителей;билет на экскурсионное обслуживание, с человека;450 руб.;450;;в случае присоединения к группе;;https://visotsky.ru/o-muzee/stoimost-biletov/;2026-10-09T19:36:35.761094+00:00
visotsky.ru;Государственный музей Владимира Высоцкого;tickets;иностранные граждане;билеты на экскурсионное обслуживание иностранных граждан с человека;450 руб.;450;;в случае присоединения к группе;;https://visotsky.ru/o-muzee/stoimost-biletov/;2026-10-09T19:36:35.761094+00:00
visotsky.ru;Государственный музей Владимира Высоцкого;tickets;"Дети в возрасте от 7 до 18 лет включительно; учащиеся очной формы обучения образовательных учреждений начального общего, среднего полного общего и студенты очной формы обучения по программам среднего и высшего профессионального образования; пенсионеры; инвалиды III группы; семьи с тремя и более детьми до достижения младшим ребенком возраста 16 лет (учащегося в образовательных учреждениях, реализующих общеобразовательные программы до 18 лет); члены семей участников СВО";входной билет на постоянно действующую экспозицию;225 руб.;225;;льготная категория граждан;;https://visotsky.ru/o-muzee/stoimost-biletov/;2026-10-09T19:36:35.761094+00:00
visotsky.ru;Государственный музей Владимира Высоцкого;tickets;"Дети в возрасте от 7 до 18 лет включительно; учащиеся очной формы обучения образовательных учреждений начального общего, среднего полного общего и студенты очной формы обучения по программам среднего и высшего профессионального образования; пенсионеры; инвалиды III группы; семьи с тремя и более детьми до достижения младшим ребенком возраста 16 лет (учащегося в образовательных учреждениях, реализующих общеобразовательные программы до 18 лет); члены семей участников СВО";единый билет для посещения всех экспозиционных залов;400 руб.;400;;льготная категория граждан;;https://visotsky.ru/o-muzee/stoimost-biletov/;2026-10-09T19:36:35.761094+00:00
visotsky.ru;Государственный музей Владимира Высоцкого;tickets;"Дети в возрасте от 7 до 18 лет включительно; учащиеся очной формы обучения образовательных учреждений начального общего, среднего полного общего и студенты очной формы обучения по программам среднего и высшего профессионального образования; пенсионеры; инвалиды III группы; семьи с тремя и более детьми до достижения младшим ребенком возраста 16 лет (учащегося в образовательных учреждениях, реализующих общеобразовательные программы до 18 лет); члены семей участников СВО";билет на экскурсионное обслуживание (за один билет);225 руб.;225;;в случае присоединения к группе;;https://visotsky.ru/o-muzee/stoimost-biletov/;2026-10-09T19:36:35.761094+00:00
visotsky.ru;Государственный музей Владимира Высоцкого;tickets;группы не более 10, 20 человек;обзорная экскурсия по постоянной экспозиции;5 500, 10 000;;;Для групп не более 10, 20 человек;;https://visotsky.ru/o-muzee/stoimost-biletov/;2026-10-09T19:36:35.761094+00:00
visotsky.ru;Государственный музей Владимира Высоцкого;tickets;все категории;тематические экскурсии по залам постоянной экспозиции;5500 – 10000;;;;;https://visotsky.ru/o-muzee/stoimost-biletov/;2026-10-09T19:36:35.761094+00:00
visotsky.ru;Государственный музей Владимира Высоцкого;tickets;все категории;экскурсия по мемориальному кабинету В.С.Высоцкого;3000;3000;;При наличии входного билета. Не более 7 человек;;https://visotsky.ru/o-muzee/stoimost-biletov/;2026-10-09T19:36:35.761094+00:00
visotsky.ru;Государственный музей Владимира Высоцкого;tickets;семейная путевка;экскурсионная семейная путевка без посещения зала экспозиции «Мемориальный кабинет Владимира Высоцкого»;2800;2800;;Не более 5 человек;;https://visotsky.ru/o-muzee/stoimost-biletov/;2026-10-09T19:36:35.761094+00:00
visotsky.ru;Государственный музей Владимира Высоцкого;tickets;все категории;автобусная тематическая экскурсия по Москве продолжительностью 3 часа;5000;5000;;Не более 40 человек. Цена не включает стоимость транспорта;;https://visotsky.ru/o-muzee/stoimost-biletov/;2026-10-09T19:36:35.761094+00:00
visotsky.ru;Государственный музей Владимира Высоцкого;tickets;участники проекта мэра Москвы «МУЗЕИ-ДЕТЯМ»;экскурсии в рамках проекта мэра Москвы «МУЗЕИ-ДЕТЯМ» (не более 10, 20 чел.);2 200, 4 000;;;при наличии карт «Москвёнок»;;https://visotsky.ru/o-muzee/stoimost-biletov/;2026-10-09T19:36:35.761094+00:00
visotsky.ru;Государственный музей Владимира Высоцкого;tickets;сопровождающие лица организованных групп;входной билет для сопровождающих лиц организованных групп;225;225;;"До 10 чел. – 1 сопровождающий; До 20 чел. – 2 сопровождающих";;https://visotsky.ru/o-muzee/stoimost-biletov/;2026-10-09T19:36:35.761094+00:00
visotsky.ru;Государственный музей Владимира Высоцкого;tickets;все категории;фотосъемка на экспозиции: видеосъемка либо фотосъемка (любительская) профессиональным (зеркальным) оборудованием на постоянно действующей экспозиции;800 рублей;800;;;;https://visotsky.ru/o-muzee/stoimost-biletov/;2026-10-09T19:36:35.761094+00:00
visotsky.ru;Государственный музей Владимира Высоцкого;tickets;все категории;фотосъемка в экспозиционных залах музея (профессиональная);2500 рублей (один съемочный час);2500;;один съемочный час;;https://visotsky.ru/o-muzee/stoimost-biletov/;2026-10-09T19:36:35.761094+00:00
visotsky.ru;Государственный музей Владимира Высоцкого;tickets;все категории;видеосъемка либо фотосъемка с использованием мобильного телефона (панорамная съемка);Бесплатно;0;;разрешена бесплатно;;https://visotsky.ru/o-muzee/stoimost-biletov/;2026-10-09T19:36:35.761094+00:00
visotsky.ru;Государственный музей Владимира Высоцкого;free_rules;все посетители;музей;;;Бесплатный билет акции Московская Музейная неделя;В 2026 году акция проходит по следующим числам – 15 января, 12 февраля, 12 марта, 16 апреля, 14 мая, 18 июня, 16 июля, 13 августа, 17 сентября, 15 октября, 12 ноября, 17 декабря;recurring_day;https://visotsky.ru/tickets/;2026-10-09T19:36:35.761094+00:00
xn--c1adffbadreybi0ax0b.xn--p1ai;Музей психологии, дефектологии и логопедии;tickets;Индивидуальная экскурсия;экскурсия по музею;7000 ₽;7000;;"Продолжительность 1 час; нужно предварительно записаться по телефону, электронной почте или любым другим доступным способом";;https://xn--c1adffbadreybi0ax0b.xn--p1ai/;2026-10-09T19:36:52.388851+00:00
xn--c1adffbadreybi0ax0b.xn--p1ai;Музей психологии, дефектологии и логопедии;tickets;Групповая экскурсия;экскурсия по музею;1000 ₽;1000;;"Продолжительность 1 час; нужно предварительно записаться по телефону, электронной почте или любым другим доступным способом";;https://xn--c1adffbadreybi0ax0b.xn--p1ai/;2026-10-09T19:36:52.388851+00:00
zagorje.vzmoscow.ru;Галерея Загорье;tickets;Стандартный билет;Галерея Загорье, входной билет;300 рублей;300;;"Вторник – воскресенье с 11:00 до 20:00; Понедельник: выходной";;https://zagorje.vzmoscow.ru/contacts;2026-10-09T19:36:54.537186+00:00
zagorje.vzmoscow.ru;Галерея Загорье;tickets;Льготный билет;Галерея Загорье, входной билет;150 рублей;150;;Перечень льгот для отдельных категорий посетителей;;https://zagorje.vzmoscow.ru/contacts;2026-10-09T19:36:54.537186+00:00
zagorje.vzmoscow.ru;Галерея Загорье;tickets;Комплексный билет;посещение двух параллельно идущих выставок;450 рублей;450;;посещение двух параллельно идущих выставок;;https://zagorje.vzmoscow.ru/contacts;2026-10-09T19:36:54.537186+00:00
zagorje.vzmoscow.ru;Галерея Загорье;tickets;Комплексный билет для льготных категорий;посещение двух параллельно идущих выставок;225 рублей;225;;льготные категории;;https://zagorje.vzmoscow.ru/contacts;2026-10-09T19:36:54.537186+00:00
zagorje.vzmoscow.ru;Галерея Загорье;free_rules;школьники;Галерея Загорье;;;Бесплатный вход;"по карте «Москвёнок», или социальной карте учащегося; льгота предоставляется при предъявлении соответствующих документов";benefit;https://zagorje.vzmoscow.ru/contacts;2026-10-09T19:36:54.537186+00:00
xn--80aedfjnibldycb2bv1r.xn--p1ai;Государственный музей В.В. Маяковского;tickets;полный билет;"посещение площадок музея ""Квартира на Большой Пресне"" и ""Квартира в Студенецком переулке""";400 руб.;400;;Для посещения билет можно купить только на сайте mos.ru или в кассе музея. При покупке электронного билета, нужно показать его сотруднику музея (в распечатанном виде или в электронном виде с экрана мобильного устройства). Доступна покупка билетов по Пушкинской карте.;;https://xn--80aedfjnibldycb2bv1r.xn--p1ai/museum/tickets-and-services/;2026-10-09T19:36:49.515552+00:00
xn--80aedfjnibldycb2bv1r.xn--p1ai;Государственный музей В.В. Маяковского;tickets;льготный билет;"посещение площадок музея ""Квартира на Большой Пресне"" и ""Квартира в Студенецком переулке""";200 руб.;200;;"Льготные категории: Студенты, обучающиеся по очной форме обучения в образовательных учреждениях РФ и СНГ по программам среднего и высшего профессионального образования; Дети в возрасте от 7 до 18 лет; Многодетные семьи (в том числе при предъявлении QR-цифрового удостоверения, подтверждающего статус многодетной семьи) - семьи с тремя и более детьми до достижения старшим ребенком возраста 18 лет или возраста 23 лет при условии его обучения в организации, осуществляющей образовательную деятельность; Пенсионеры РФ. Льгота предоставляется при предъявлении в кассах площадок музея документа, подтверждающего льготу, а также при оформлении билета через АИС ""Мосбилет"" с авторизацией на портале Mos.ru.";;https://xn--80aedfjnibldycb2bv1r.xn--p1ai/museum/tickets-and-services/;2026-10-09T19:36:49.515552+00:00
xn--80aedfjnibldycb2bv1r.xn--p1ai;Государственный музей В.В. Маяковского;tickets;полный билет;сборная экскурсия;700 р. / 1 билет;700;;Индивидуальные билеты;;https://xn--80aedfjnibldycb2bv1r.xn--p1ai/museum/tickets-and-services/;2026-10-09T19:36:49.515552+00:00
xn--80aedfjnibldycb2bv1r.xn--p1ai;Государственный музей В.В. Маяковского;tickets;льготный билет;сборная экскурсия;500 р. или 300 р. / 1 билет;;;Индивидуальные билеты;;https://xn--80aedfjnibldycb2bv1r.xn--p1ai/museum/tickets-and-services/;2026-10-09T19:36:49.515552+00:00
xn--80aedfjnibldycb2bv1r.xn--p1ai;Государственный музей В.В. Маяковского;tickets;индивидуальные билеты;лекция;400 р.;400;;Индивидуальные билеты;;https://xn--80aedfjnibldycb2bv1r.xn--p1ai/museum/tickets-and-services/;2026-10-09T19:36:49.515552+00:00
xn--80aedfjnibldycb2bv1r.xn--p1ai;Государственный музей В.В. Маяковского;tickets;индивидуальные билеты;мастер-класс;500 р.;500;;Индивидуальные билеты;;https://xn--80aedfjnibldycb2bv1r.xn--p1ai/museum/tickets-and-services/;2026-10-09T19:36:49.515552+00:00
xn--80aedfjnibldycb2bv1r.xn--p1ai;Государственный музей В.В. Маяковского;tickets;индивидуальные билеты;интерактивная программа;от 400 до 600 р.;;;Индивидуальные билеты;;https://xn--80aedfjnibldycb2bv1r.xn--p1ai/museum/tickets-and-services/;2026-10-09T19:36:49.515552+00:00
xn--80aedfjnibldycb2bv1r.xn--p1ai;Государственный музей В.В. Маяковского;tickets;индивидуальные билеты;пешеходная экскурсия;500 р.;500;;Индивидуальные билеты;;https://xn--80aedfjnibldycb2bv1r.xn--p1ai/museum/tickets-and-services/;2026-10-09T19:36:49.515552+00:00
xn--80aedfjnibldycb2bv1r.xn--p1ai;Государственный музей В.В. Маяковского;tickets;группа от 1 до 5 чел.;"экскурсия по площадке музея (""Квартира на Большой Пресне"" или ""Квартира в Студенецком переулке"")";2500 р.;2500;;Цена билета на мероприятие и экскурсию для групп;;https://xn--80aedfjnibldycb2bv1r.xn--p1ai/museum/tickets-and-services/;2026-10-09T19:36:49.515552+00:00
xn--80aedfjnibldycb2bv1r.xn--p1ai;Государственный музей В.В. Маяковского;tickets;группа от 6 до 12 чел.;"экскурсия по площадке музея (""Квартира на Большой Пресне"" или ""Квартира в Студенецком переулке"")";6000 р.;6000;;Цена билета на мероприятие и экскурсию для групп;;https://xn--80aedfjnibldycb2bv1r.xn--p1ai/museum/tickets-and-services/;2026-10-09T19:36:49.515552+00:00
xn--80aedfjnibldycb2bv1r.xn--p1ai;Государственный музей В.В. Маяковского;tickets;льготная группа;"экскурсия по площадке музея (""Квартира на Большой Пресне"" или ""Квартира в Студенецком переулке"")";4800 или 3000 р.;;;Цена билета на мероприятие и экскурсию для групп;;https://xn--80aedfjnibldycb2bv1r.xn--p1ai/museum/tickets-and-services/;2026-10-09T19:36:49.515552+00:00
xn--80aedfjnibldycb2bv1r.xn--p1ai;Государственный музей В.В. Маяковского;tickets;группа от 1 до 5 чел.;пешеходная экскурсия;3500 р.;3500;;Цена билета на мероприятие и экскурсию для групп;;https://xn--80aedfjnibldycb2bv1r.xn--p1ai/museum/tickets-and-services/;2026-10-09T19:36:49.515552+00:00
xn--80aedfjnibldycb2bv1r.xn--p1ai;Государственный музей В.В. Маяковского;tickets;группа от 6 до 15 чел.;пешеходная экскурсия;9000 р.;9000;;Цена билета на мероприятие и экскурсию для групп;;https://xn--80aedfjnibldycb2bv1r.xn--p1ai/museum/tickets-and-services/;2026-10-09T19:36:49.515552+00:00
xn--80aedfjnibldycb2bv1r.xn--p1ai;Государственный музей В.В. Маяковского;tickets;группа от 1 до 12 чел.;интерактивная программа (без использования дополнительных расходных материалов);4800 р.;4800;;Цена билета на мероприятие и экскурсию для групп;;https://xn--80aedfjnibldycb2bv1r.xn--p1ai/museum/tickets-and-services/;2026-10-09T19:36:49.515552+00:00
xn--80aedfjnibldycb2bv1r.xn--p1ai;Государственный музей В.В. Маяковского;tickets;группа от 1 до 12 чел.;интерактивная программа (музей предоставляет необходимые расходные материалы.);7200 р.;7200;;Цена билета на мероприятие и экскурсию для групп;;https://xn--80aedfjnibldycb2bv1r.xn--p1ai/museum/tickets-and-services/;2026-10-09T19:36:49.515552+00:00
xn--80aedfjnibldycb2bv1r.xn--p1ai;Государственный музей В.В. Маяковского;tickets;заказная лекция;заказная лекция;6000 р.;6000;;Цена билета на мероприятие и экскурсию для групп;;https://xn--80aedfjnibldycb2bv1r.xn--p1ai/museum/tickets-and-services/;2026-10-09T19:36:49.515552+00:00
xn--80aedfjnibldycb2bv1r.xn--p1ai;Государственный музей В.В. Маяковского;tickets;льготная группа;заказная лекция;4800 или 3000 р.;;;Цена билета на мероприятие и экскурсию для групп;;https://xn--80aedfjnibldycb2bv1r.xn--p1ai/museum/tickets-and-services/;2026-10-09T19:36:49.515552+00:00
xn--80aedfjnibldycb2bv1r.xn--p1ai;Государственный музей В.В. Маяковского;free_rules;"Герои СССР, Герои РФ, Полные кавалеры Ордена Славы; Дети до 7 лет (не достигшие семилетнего возраста); Дети-инвалиды; Участники Великой Отечественной войны и приравненные к ним категории, ветераны боевых действий; Лица, награжденные знаком ""Жителю блокадного Ленинграда""; Неработающие инвалиды I, II групп; Сотрудники музеев РФ и Международного совета музеев (ICOM); Дети-сироты и дети, оставшиеся без попечения родителей, обучающиеся и студенты из числа детей-сирот и детей, оставшихся без попечения родителей; Лица, не достигшие 18 лет, а также лица, обучающиеся по основным профессиональным образовательным программам (один раз в месяц, в день, установленный НПА учреждения); Многодетные семьи - семьи с тремя и более детьми до достижения старшим ребенком возраста 18 лет или возраста 23 лет при условии его обучения в организации, осуществляющей образовательную деятельность (один раз в месяц, в день, установленный НПА учреждения); Сопровождающие организованных групп обучающихся, получающие среднее общее образование или среднее профессиональное образование по очной форме обучения в государственных образовательных организациях, подведомственных органам исполнительной власти города Москвы, муниципальных образовательных организациях, осуществляющих образовательную деятельность на территории города Москвы, в лице работников образовательной организации либо родителей (иных законных представителей); Участники проекта Мэра Москвы ""МУЗЕИ-ДЕТЯМ"" (лица, указанные в п.1 Постановления Правительст";посещение площадок музея;;;Бесплатно;"Льгота на посещение предоставляется при предъявлении в кассах площадок музея документа, подтверждающего льготу, а также при оформлении билета через автоматизированную информационную систему ""Московская билетная система в сфере культуры"" (АИС ""Мосбилет"") с авторизацией на портале Mos.ru, где система автоматически проверяет право гражданина на льготу по данным Общегородского регистра получателей мер социальной поддержки (ИС ""Социум""). В случае успешной проверки формируется льготный электронный билет с QR-кодом, который предъявляется при посещении музея.";benefit;https://xn--80aedfjnibldycb2bv1r.xn--p1ai/museum/tickets-and-services/;2026-10-09T19:36:49.515552+00:00
xn--80aedfjnibldycb2bv1r.xn--p1ai;Государственный музей В.В. Маяковского;free_rules;все посетители;площадки «Квартира на Большой Пресне» и «Квартира в Студенецком переулке»;;;среда третьей недели каждого месяца;Акция «Московская музейная неделя» проводится третью неделю каждого месяца. Бесплатный день Государственного музея В.В.Маяковского на такой неделе – среда.;recurring_day;https://xn--80aedfjnibldycb2bv1r.xn--p1ai/museum/tickets-and-services/;2026-10-09T19:36:49.515552+00:00
zelmuseum.ru;Музей Зеленограда;free_rules;Все посетители;Экспозиции Музея Москвы и филиалов;;;"13 января, вторник; 10 февраля, вторник; 10 марта, вторник; 14 апреля, вторник; 12 мая, вторник; 16 июня, вторник; 14 июля, вторник; 11 августа, вторник; 15 сентября, вторник; 13 октября, вторник; 10 ноября, вторник; 15 декабря, вторник";Бесплатные билеты можно оформить только онлайн на портале mos.ru, для регистрации у вас должен быть стандартный или полный доступ к Личному кабинету;recurring_day;https://mosmuseum.ru/visitors/tikets/;2026-10-09T19:36:54.792770+00:00
zelmuseum.ru;Музей Зеленограда;free_rules;Учащиеся школ, подведомственных Департаменту образования города Москвы;Вход в музей;;;При предъявлении идентификатора информационной системы «Москвенок» или социальной карты москвича для учащихся;При предъявлении идентификатора информационной системы «Москвенок» или социальной карты москвича для учащихся;benefit;https://mosmuseum.ru/visitors/tikets/;2026-10-09T19:36:54.792770+00:00
zelmuseum.ru;Музей Зеленограда;free_rules;"Ветераны и инвалиды Великой Отечественной войны; ветераны боевых действий; лица, награжденные знаком «Жителю блокадного Ленинграда»; Герои Российской Федерации, герои СССР и полные кавалеры Ордена Славы; военнослужащие, проходящие военную службу по призыву; граждане, пребывающие в добровольческих формированиях, принимавших участие в специальной военной операции (в том числе призванные по мобилизации) и члены их семей; дети, не достигшие 7 лет; дети с инвалидностью; дети-сироты и дети, оставшиеся без попечения родителей; многодетные семьи до достижения младшим ребенком 16 лет; лица с инвалидностью I и II группы; сопровождающие инвалида I группы или ребенка-инвалида; обучающиеся, получающие среднее общее или среднее профессиональное образование по очной форме обучения в государственных и частных образовательных организациях в городе Москве (по Социальной карте москвича или карте «Москвенок»); сопровождающие лица организованных групп обучающихся в образовательных организациях среднего общего или среднего профессионального образования города Москвы; обучающиеся и студенты из числа детей-сирот и детей, оставшихся без попечения родителей; сотрудники музеев РФ; члены Международного комитета музеев ICOM; члены Союза журналистов Москвы в ходе выполнения ими профессиональной деятельности; держатели карты музейного волонтера «Спутник»";Выставки и лекции;;;Постоянно;Право бесплатного посещения выставок и лекций;benefit;https://mosmuseum.ru/visitors/tikets/;2026-10-09T19:36:54.792770+00:00
xn--80afcsrlra.xn--p1ai;Музей Гарри Поттера, интерактивная выставка;tickets;Детский (4-14 лет);Музей Гарри Поттера, билет в музей, будни;990 р.;990;;"Будни; дети до 14 лет — в сопровождении взрослого; дети до 3 лет бесплатно";;https://xn--80afcsrlra.xn--p1ai/museum;2026-10-09T19:36:49.761054+00:00
xn--80afcsrlra.xn--p1ai;Музей Гарри Поттера, интерактивная выставка;tickets;Взрослый (14+);Музей Гарри Поттера, билет в музей, будни;790 р.;790;;"Будни; дети до 14 лет — в сопровождении взрослого";;https://xn--80afcsrlra.xn--p1ai/museum;2026-10-09T19:36:49.761054+00:00
xn--80afcsrlra.xn--p1ai;Музей Гарри Поттера, интерактивная выставка;tickets;Детский (4-14 лет);Музей Гарри Поттера, билет в музей, выходные;1190 р.;1190;;"Выходные; дети до 14 лет — в сопровождении взрослого; дети до 3 лет бесплатно";;https://xn--80afcsrlra.xn--p1ai/museum;2026-10-09T19:36:49.761054+00:00
xn--80afcsrlra.xn--p1ai;Музей Гарри Поттера, интерактивная выставка;tickets;Взрослый (14+);Музей Гарри Поттера, билет в музей, выходные;990 р.;990;;"Выходные; дети до 14 лет — в сопровождении взрослого";;https://xn--80afcsrlra.xn--p1ai/museum;2026-10-09T19:36:49.761054+00:00
xn--80afcsrlra.xn--p1ai;Музей Гарри Поттера, интерактивная выставка;tickets;Групповая экскурсия (от 10 до 45 человек);Музей Гарри Поттера, экскурсии для групп, выходные;1690 р.;1690;;"Выходные; от 10 до 45 человек; покупка на кассе музея; включает персональную групповую экскурсию, магические уроки, аренду мантий и палочек";;https://xn--80afcsrlra.xn--p1ai/museum;2026-10-09T19:36:49.761054+00:00
xn--80afcsrlra.xn--p1ai;Музей Гарри Поттера, интерактивная выставка;tickets;Посетители (общий);Музей Гарри Поттера, билеты;от 990 руб.;;;Цены действуют до 31 августа 2026 года;;https://xn--80afcsrlra.xn--p1ai/museum;2026-10-09T19:36:49.761054+00:00
xn--80afcsrlra.xn--p1ai;Музей Гарри Поттера, интерактивная выставка;tickets;Посетители (общий);Тесла шоу, выходные;2390 р./ чел;2390;;"Выходные; в стоимость входит шоу с катушкой Теслы на 25-30 мин.";;https://xn--80afcsrlra.xn--p1ai/museum;2026-10-09T19:36:49.761054+00:00
xn--80afcsrlra.xn--p1ai;Музей Гарри Поттера, интерактивная выставка;tickets;Посетители (общий);Мастер-классы на выбор, будни;от 500 р.;;;"Каждый день; будни";;https://xn--80afcsrlra.xn--p1ai/museum;2026-10-09T19:36:49.761054+00:00
xn--80afcsrlra.xn--p1ai;Музей Гарри Поттера, интерактивная выставка;tickets;Посетители (общий);Стоимость праздника;от 9 900 рублей;;;в зависимости от выбранной программы;;https://xn--80afcsrlra.xn--p1ai/museum;2026-10-09T19:36:49.761054+00:00
xn--80afcsrlra.xn--p1ai;Музей Гарри Поттера, интерактивная выставка;tickets;Посетители (общий);Квест;от 3900р;;;Квест от 3900р;;https://xn--80afcsrlra.xn--p1ai/museum;2026-10-09T19:36:49.761054+00:00
xn--80afcsrlra.xn--p1ai;Музей Гарри Поттера, интерактивная выставка;tickets;Посетители (общий);Праздник;от 9800р;;;Праздник от 9800р;;https://xn--80afcsrlra.xn--p1ai/museum;2026-10-09T19:36:49.761054+00:00
xn--80afcsrlra.xn--p1ai;Музей Гарри Поттера, интерактивная выставка;tickets;Посетители (общий);"Кофейня ""Три Метлы"", напитки";от 149 руб.;;;Адрес: м. ЗИЛ/м. Автозаводская, Автозаводская улица, 23Бк2;;https://xn--80afcsrlra.xn--p1ai/museum;2026-10-09T19:36:49.761054+00:00
xn--80afcsrlra.xn--p1ai;Музей Гарри Поттера, интерактивная выставка;tickets;Посетители (общий);Билеты в Подземелье Слизерин;от 590 руб.;;;Атмосфера духа сильнейших магов, Кабинет зельеварения Снейпа;;https://xn--80afcsrlra.xn--p1ai/museum;2026-10-09T19:36:49.761054+00:00
xn--80afcsrlra.xn--p1ai;Музей Гарри Поттера, интерактивная выставка;tickets;Посетители (общий);Праздник в подземелье Слизерина, будни/выходные;19 900 / 29 900 ₽;;;"Будни / Выходные; квест + Аренда";;https://xn--80afcsrlra.xn--p1ai/event;2026-10-09T19:36:49.761054+00:00
xn--80afcsrlra.xn--p1ai;Музей Гарри Поттера, интерактивная выставка;tickets;Посетители (общий);Праздник в Музее Гарри Поттера, будни/выходные;44 900 / 59 900 ₽;;;"Будни / Выходные; квест + Аренда";;https://xn--80afcsrlra.xn--p1ai/event;2026-10-09T19:36:49.761054+00:00
xn--80afcsrlra.xn--p1ai;Музей Гарри Поттера, интерактивная выставка;tickets;Посетители (общий);Праздник на 2 часа, выходные;33 000 ₽;33000;;"Выходные; квест + Мастер-класс + Аренда";;https://xn--80afcsrlra.xn--p1ai/event;2026-10-09T19:36:49.761054+00:00
xn--80afcsrlra.xn--p1ai;Музей Гарри Поттера, интерактивная выставка;tickets;Посетители (общий);Праздник на 2 часа, выходные;14 900 ₽;14900;;Выходные;;https://xn--80afcsrlra.xn--p1ai/event;2026-10-09T19:36:49.761054+00:00
xn--80afcsrlra.xn--p1ai;Музей Гарри Поттера, интерактивная выставка;tickets;Посетители (общий);Праздник на 2 часа, выходные;24 900 ₽;24900;;Выходные;;https://xn--80afcsrlra.xn--p1ai/event;2026-10-09T19:36:49.761054+00:00
xn--80afcsrlra.xn--p1ai;Музей Гарри Поттера, интерактивная выставка;tickets;Посетители (общий);Праздник на 2 часа;от 35 000 ₽;;;Будни / Выходные;;https://xn--80afcsrlra.xn--p1ai/event;2026-10-09T19:36:49.761054+00:00
xn--80afcsrlra.xn--p1ai;Музей Гарри Поттера, интерактивная выставка;tickets;Посетители (общий);Праздник на 2 часа;от 19 900 ₽;;;Будни / Выходные;;https://xn--80afcsrlra.xn--p1ai/event;2026-10-09T19:36:49.761054+00:00
xn--80afcsrlra.xn--p1ai;Музей Гарри Поттера, интерактивная выставка;tickets;Посетители (общий);Люмос Максима в подземелье, будни;64 000 ₽;64000;;"Будни; аренда всей площадки на 4 часа (+1 час в подарок), большой квест с 4 героями, мастер-класс, фотограф, живая сова, шоу фокусника/Тесла шоу, подарки";;https://xn--80afcsrlra.xn--p1ai/event;2026-10-09T19:36:49.761054+00:00
xn--80afcsrlra.xn--p1ai;Музей Гарри Поттера, интерактивная выставка;tickets;Посетители (общий);Люмос Максима, программа + угощения + торт + напитки;от 64 900 ₽;;;"Включает всё из основного пакета ""Люмос максима"", торт по индивидуальному дизайну, кейтеринг с десертами, напитки, секретный подарок";;https://xn--80afcsrlra.xn--p1ai/event;2026-10-09T19:36:49.761054+00:00
xn--80afcsrlra.xn--p1ai;Музей Гарри Поттера, интерактивная выставка;tickets;Посетители (общий);Люмос Максима, программа + угощения + торт + напитки, выходные;99 900 ₽;99900;;Выходные;;https://xn--80afcsrlra.xn--p1ai/event;2026-10-09T19:36:49.761054+00:00
xn--80afcsrlra.xn--p1ai;Музей Гарри Поттера, интерактивная выставка;tickets;Посетители (общий);Все включено, квест с 3 героями + площадка + дискотека;от 165 000 ₽;;;Аренда любой площадки на 2 часа (+1 час в подарок), большой квест с 3 героями, дискотека;;https://xn--80afcsrlra.xn--p1ai/event;2026-10-09T19:36:49.761054+00:00
xn--80afcsrlra.xn--p1ai;Музей Гарри Поттера, интерактивная выставка;tickets;Посетители (общий);Все включено, выходные;169 900 ₽;169900;;Выходные;;https://xn--80afcsrlra.xn--p1ai/event;2026-10-09T19:36:49.761054+00:00
xn--80afcsrlra.xn--p1ai;Музей Гарри Поттера, интерактивная выставка;tickets;Посетители (общий);Супер ДР, выходные;64 900 ₽;64900;;"Выходные; квест с 3 героями + площадка + дискотека";;https://xn--80afcsrlra.xn--p1ai/event;2026-10-09T19:36:49.761054+00:00
xn--80afcsrlra.xn--p1ai;Музей Гарри Поттера, интерактивная выставка;tickets;Посетители (общий);Супер ДР;от 54 900 ₽;;;Аренда любой площадки на 2 часа (+1 час в подарок), большой квест с 3 героями, дискотека;;https://xn--80afcsrlra.xn--p1ai/event;2026-10-09T19:36:49.761054+00:00
xn--80afcsrlra.xn--p1ai;Музей Гарри Поттера, интерактивная выставка;tickets;Посетители (общий);Фотосессия с сипухой;12 000 ₽;12000;;Фотосессия с магическими животными;;https://xn--80afcsrlra.xn--p1ai/event;2026-10-09T19:36:49.761054+00:00
xn--80afcsrlra.xn--p1ai;Музей Гарри Поттера, интерактивная выставка;tickets;Посетители (общий);Фотосессия с полярной совой;25 000 ₽;25000;;Фотосессия с магическими животными;;https://xn--80afcsrlra.xn--p1ai/event;2026-10-09T19:36:49.761054+00:00
xn--80afcsrlra.xn--p1ai;Музей Гарри Поттера, интерактивная выставка;tickets;Посетители (общий);Шоу ученика Теслы;от 14 000 ₽;;;Продолжительность: 40 минут;;https://xn--80afcsrlra.xn--p1ai/event;2026-10-09T19:36:49.761054+00:00
xn--80afcsrlra.xn--p1ai;Музей Гарри Поттера, интерактивная выставка;tickets;Посетители (общий);Шоу ученика Теслы, выходные;12 000 ₽;12000;;"Выходные; продолжительность: 40 минут";;https://xn--80afcsrlra.xn--p1ai/event;2026-10-09T19:36:49.761054+00:00
xn--80afcsrlra.xn--p1ai;Музей Гарри Поттера, интерактивная выставка;tickets;Посетители (общий);Мистери-бокс;5 000 ₽;5000;;от 9 000 ₽;;https://xn--80afcsrlra.xn--p1ai/event;2026-10-09T19:36:49.761054+00:00
xn--80afcsrlra.xn--p1ai;Музей Гарри Поттера, интерактивная выставка;tickets;Посетители (общий);Дискотека с любимым героем, выходные;7 000 ₽;7000;;"Выходные; продолжительность: 1 час";;https://xn--80afcsrlra.xn--p1ai/event;2026-10-09T19:36:49.761054+00:00
xn--80afcsrlra.xn--p1ai;Музей Гарри Поттера, интерактивная выставка;tickets;Посетители (общий);Супер-квест с 4 героями;от 44 900 ₽;;;Сразу 4 любимых героя на ваш выбор;;https://xn--80afcsrlra.xn--p1ai/event;2026-10-09T19:36:49.761054+00:00
xn--80afcsrlra.xn--p1ai;Музей Гарри Поттера, интерактивная выставка;tickets;Посетители (общий);Муссовый торт;от 4700 ₽/кг;;;мин.вес - 1 кг;;https://xn--80afcsrlra.xn--p1ai/event;2026-10-09T19:36:49.761054+00:00
xn--80afcsrlra.xn--p1ai;Музей Гарри Поттера, интерактивная выставка;tickets;Посетители (общий);Бисквитный торт;от 6500 ₽/кг;;;мин.вес - 2 кг;;https://xn--80afcsrlra.xn--p1ai/event;2026-10-09T19:36:49.761054+00:00
xn--80afcsrlra.xn--p1ai;Музей Гарри Поттера, интерактивная выставка;tickets;Посетители (общий);Авторская Мафия с ведущим;от 7 000 ₽;;;"Продолжительность: 1.5 часа; виды мафии: классическая, по Гарри Поттеру";;https://xn--80afcsrlra.xn--p1ai/event;2026-10-09T19:36:49.761054+00:00
xn--80afcsrlra.xn--p1ai;Музей Гарри Поттера, интерактивная выставка;tickets;Посетители (общий);Выездной Хогвартс;от 4 900 ₽/час;;;Любой квест и мастер-класс можем провести в удобном для Вас месте;;https://xn--80afcsrlra.xn--p1ai/event;2026-10-09T19:36:49.761054+00:00
xn--80afcsrlra.xn--p1ai;Музей Гарри Поттера, интерактивная выставка;tickets;Посетители (общий);Квест с 1 актером;от 22 900 ₽;;;Выездной;;https://xn--80afcsrlra.xn--p1ai/event;2026-10-09T19:36:49.761054+00:00
xn--80afcsrlra.xn--p1ai;Музей Гарри Поттера, интерактивная выставка;tickets;Посетители (общий);Квест с 1 актером + Мастер-класс на выбор;от 31 900 ₽;;;Выездной;;https://xn--80afcsrlra.xn--p1ai/event;2026-10-09T19:36:49.761054+00:00
xn--80afcsrlra.xn--p1ai;Музей Гарри Поттера, интерактивная выставка;tickets;Посетители (общий);Дед Мороз на праздник;9 000 ₽;9000;;"Будни и выходные; приезжает на наши площадки и к Вам домой";;https://xn--80afcsrlra.xn--p1ai/event;2026-10-09T19:36:49.761054+00:00
xn--80afcsrlra.xn--p1ai;Музей Гарри Поттера, интерактивная выставка;tickets;Посетители (общий);Новогодний Бал в Доме Гарри;от 77 000 р.;;;"До 30 детей; продолжительность 2 часа";;https://xn--80afcsrlra.xn--p1ai/event;2026-10-09T19:36:49.761054+00:00
xn--80afcsrlra.xn--p1ai;Музей Гарри Поттера, интерактивная выставка;tickets;Посетители (общий);Новогодняя программа в Подземелье Слизерина;от 68 000 р.;;;"До 10 детей + сопровождающие; продолжительность 2,5–3 часа";;https://xn--80afcsrlra.xn--p1ai/event;2026-10-09T19:36:49.761054+00:00
xn--80afcsrlra.xn--p1ai;Музей Гарри Поттера, интерактивная выставка;tickets;Посетители (общий);Новогодняя программа в Музее Гарри;от 73 000 р.;;;"До 15 детей + сопровождающие; продолжительность: 2,5–3 часа";;https://xn--80afcsrlra.xn--p1ai/event;2026-10-09T19:36:49.761054+00:00
xn--80afcsrlra.xn--p1ai;Музей Гарри Поттера, интерактивная выставка;tickets;Посетители (общий);Праздник в подземелье Слизерина;от 19 900 руб.;;;Вместимость: 15 чел.;;https://xn--80afcsrlra.xn--p1ai/event;2026-10-09T19:36:49.761054+00:00
xn--80afcsrlra.xn--p1ai;Музей Гарри Поттера, интерактивная выставка;tickets;Посетители (общий);"Праздник в Кофейне ""Три Метлы""";от 19 900 руб.;;;Вместимость: 15 чел.;;https://xn--80afcsrlra.xn--p1ai/event;2026-10-09T19:36:49.761054+00:00
xn--80afcsrlra.xn--p1ai;Музей Гарри Поттера, интерактивная выставка;free_rules;Дети до 3 лет;Музей Гарри Поттера, интерактивная экскурсия;;;Всегда;Дети до 14 лет — в сопровождении взрослого;always;https://xn--80afcsrlra.xn--p1ai/museum;2026-10-09T19:36:49.761054+00:00
xn--80afcsrlra.xn--p1ai;Музей Гарри Поттера, интерактивная выставка;free_rules;Посетители, пригласившие 6 и больше друзей;Бесплатный квест в Подземельях;;;При участии в акции РЕВЕЛИО;"Акция действует во всех локациях Мира Гарри; скидки не суммируются с другими предложениями";benefit;https://xn--80afcsrlra.xn--p1ai/museum;2026-10-09T19:36:49.761054+00:00
zhukovskymuseum.ru;Научно-мемориальный музей Н.Е. Жуковского;tickets;Полный билет;входной билет в музей;200,00 руб.;200;;;;https://zhukovskymuseum.ru/stoimost-uslug/;2026-10-09T19:36:56.836037+00:00
zhukovskymuseum.ru;Научно-мемориальный музей Н.Е. Жуковского;tickets;Льготный билет;входной билет в музей;100,00 руб;100;;;;https://zhukovskymuseum.ru/stoimost-uslug/;2026-10-09T19:36:56.836037+00:00
zhukovskymuseum.ru;Научно-мемориальный музей Н.Е. Жуковского;tickets;Бесплатный билет;входной билет в музей;0,00 руб.;0;;;;https://zhukovskymuseum.ru/stoimost-uslug/;2026-10-09T19:36:56.836037+00:00
zhukovskymuseum.ru;Научно-мемориальный музей Н.Е. Жуковского;tickets;Индивидуальная экскурсия на русском языке (за группу от 1 до 6 человек);Интерактивная экскурсия «Как человек научился летать» (45 минут) Категория 6+;1 200,00 руб.;1200;;без учета входных билетов;;https://zhukovskymuseum.ru/stoimost-uslug/;2026-10-09T19:36:56.836037+00:00
zhukovskymuseum.ru;Научно-мемориальный музей Н.Е. Жуковского;tickets;Полный;Экскурсионное обслуживание на русском языке в составе организованной группы от 7 до 20 (на 1 человека) — Интерактивная экскурсия «Как человек научился летать» (45 минут) Категория 6+;200,00 руб.;200;;без учета входных билетов;;https://zhukovskymuseum.ru/stoimost-uslug/;2026-10-09T19:36:56.836037+00:00
zhukovskymuseum.ru;Научно-мемориальный музей Н.Е. Жуковского;tickets;Льготный;Экскурсионное обслуживание на русском языке в составе организованной группы от 7 до 20 (на 1 человека) — Интерактивная экскурсия «Как человек научился летать» (45 минут) Категория 6+;100,00 руб.;100;;без учета входных билетов;;https://zhukovskymuseum.ru/stoimost-uslug/;2026-10-09T19:36:56.836037+00:00
zhukovskymuseum.ru;Научно-мемориальный музей Н.Е. Жуковского;tickets;Полный;Экскурсионное обслуживание на русском языке в составе сборной группы до 20 человек (на 1 человека) — Интерактивная экскурсия «Как человек научился летать» (45 минут) Категория 6+;200,00 руб.;200;;без учета входных билетов;;https://zhukovskymuseum.ru/stoimost-uslug/;2026-10-09T19:36:56.836037+00:00
zhukovskymuseum.ru;Научно-мемориальный музей Н.Е. Жуковского;tickets;Льготный;Экскурсионное обслуживание на русском языке в составе сборной группы до 20 человек (на 1 человека) — Интерактивная экскурсия «Как человек научился летать» (45 минут) Категория 6+;100,00 руб.;100;;без учета входных билетов;;https://zhukovskymuseum.ru/stoimost-uslug/;2026-10-09T19:36:56.836037+00:00
zhukovskymuseum.ru;Научно-мемориальный музей Н.Е. Жуковского;tickets;Бесплатный;Экскурсионное обслуживание на русском языке в составе сборной группы до 20 человек (на 1 человека) — Интерактивная экскурсия «Как человек научился летать» (45 минут) Категория 6+;0,00 руб.;0;;без учета входных билетов;;https://zhukovskymuseum.ru/stoimost-uslug/;2026-10-09T19:36:56.836037+00:00
zhukovskymuseum.ru;Научно-мемориальный музей Н.Е. Жуковского;tickets;Индивидуальная экскурсия на русском языке (за группу от 1 до 6 человек);Тематическая экскурсия «Рекордные перелеты Страны Советов» (45 минут) Категория 6+;1 200,00 руб.;1200;;без учета входных билетов;;https://zhukovskymuseum.ru/stoimost-uslug/;2026-10-09T19:36:56.836037+00:00
zhukovskymuseum.ru;Научно-мемориальный музей Н.Е. Жуковского;tickets;Полный;Экскурсионное обслуживание на русском языке в составе организованной группы от 7 до 20 (на 1 человека) — Тематическая экскурсия «Рекордные перелеты Страны Советов» (45 минут) Категория 6+;200,00 руб.;200;;без учета входных билетов;;https://zhukovskymuseum.ru/stoimost-uslug/;2026-10-09T19:36:56.836037+00:00
zhukovskymuseum.ru;Научно-мемориальный музей Н.Е. Жуковского;tickets;Льготный;Экскурсионное обслуживание на русском языке в составе организованной группы от 7 до 20 (на 1 человека) — Тематическая экскурсия «Рекордные перелеты Страны Советов» (45 минут) Категория 6+;100,00 руб.;100;;без учета входных билетов;;https://zhukovskymuseum.ru/stoimost-uslug/;2026-10-09T19:36:56.836037+00:00
zhukovskymuseum.ru;Научно-мемориальный музей Н.Е. Жуковского;tickets;Полный;Экскурсионное обслуживание на русском языке в составе сборной группы до 20 человек (на 1 человека) — Тематическая экскурсия «Рекордные перелеты Страны Советов» (45 минут) Категория 6+;200,00 руб.;200;;без учета входных билетов;;https://zhukovskymuseum.ru/stoimost-uslug/;2026-10-09T19:36:56.836037+00:00
zhukovskymuseum.ru;Научно-мемориальный музей Н.Е. Жуковского;tickets;Льготный;Экскурсионное обслуживание на русском языке в составе сборной группы до 20 человек (на 1 человека) — Тематическая экскурсия «Рекордные перелеты Страны Советов» (45 минут) Категория 6+;100,00 руб.;100;;без учета входных билетов;;https://zhukovskymuseum.ru/stoimost-uslug/;2026-10-09T19:36:56.836037+00:00
zhukovskymuseum.ru;Научно-мемориальный музей Н.Е. Жуковского;tickets;Бесплатный;Экскурсионное обслуживание на русском языке в составе сборной группы до 20 человек (на 1 человека) — Тематическая экскурсия «Рекордные перелеты Страны Советов» (45 минут) Категория 6+;0,00 руб.;0;;без учета входных билетов;;https://zhukovskymuseum.ru/stoimost-uslug/;2026-10-09T19:36:56.836037+00:00
zhukovskymuseum.ru;Научно-мемориальный музей Н.Е. Жуковского;tickets;Индивидуальная экскурсия на русском языке (за группу от 1 до 6 человек);Тематическая экскурсия «Авиация в кино» (60 минут) Категория 6+;1 800,00 руб.;1800;;без учета входных билетов;;https://zhukovskymuseum.ru/stoimost-uslug/;2026-10-09T19:36:56.836037+00:00
zhukovskymuseum.ru;Научно-мемориальный музей Н.Е. Жуковского;tickets;Полный;Экскурсионное обслуживание на русском языке в составе организованной группы от 7 до 20 (на 1 человека) — Тематическая экскурсия «Авиация в кино» (60 минут) Категория 6+;300,00 руб.;300;;без учета входных билетов;;https://zhukovskymuseum.ru/stoimost-uslug/;2026-10-09T19:36:56.836037+00:00
zhukovskymuseum.ru;Научно-мемориальный музей Н.Е. Жуковского;tickets;Льготный;Экскурсионное обслуживание на русском языке в составе организованной группы от 7 до 20 (на 1 человека) — Тематическая экскурсия «Авиация в кино» (60 минут) Категория 6+;200,00 руб.;200;;без учета входных билетов;;https://zhukovskymuseum.ru/stoimost-uslug/;2026-10-09T19:36:56.836037+00:00
zhukovskymuseum.ru;Научно-мемориальный музей Н.Е. Жуковского;tickets;Полный;Экскурсионное обслуживание на русском языке в составе сборной группы до 20 человек (на 1 человека) — Тематическая экскурсия «Авиация в кино» (60 минут) Категория 6+;300,00 руб.;300;;без учета входных билетов;;https://zhukovskymuseum.ru/stoimost-uslug/;2026-10-09T19:36:56.836037+00:00
zhukovskymuseum.ru;Научно-мемориальный музей Н.Е. Жуковского;tickets;Льготный;Экскурсионное обслуживание на русском языке в составе сборной группы до 20 человек (на 1 человека) — Тематическая экскурсия «Авиация в кино» (60 минут) Категория 6+;200,00 руб.;200;;без учета входных билетов;;https://zhukovskymuseum.ru/stoimost-uslug/;2026-10-09T19:36:56.836037+00:00
zhukovskymuseum.ru;Научно-мемориальный музей Н.Е. Жуковского;tickets;Бесплатный;Экскурсионное обслуживание на русском языке в составе сборной группы до 20 человек (на 1 человека) — Тематическая экскурсия «Авиация в кино» (60 минут) Категория 6+;0,00 руб.;0;;без учета входных билетов;;https://zhukovskymuseum.ru/stoimost-uslug/;2026-10-09T19:36:56.836037+00:00
zhukovskymuseum.ru;Научно-мемориальный музей Н.Е. Жуковского;tickets;Индивидуальная экскурсия на русском языке (за группу от 1 до 6 человек);Тематическая экскурсия «Художники и модели» (60 минут) Категория 12+;1 800,00 руб.;1800;;без учета входных билетов;;https://zhukovskymuseum.ru/stoimost-uslug/;2026-10-09T19:36:56.836037+00:00
zhukovskymuseum.ru;Научно-мемориальный музей Н.Е. Жуковского;tickets;Полный;Экскурсионное обслуживание на русском языке в составе организованной группы от 7 до 20 человек (на 1 человека) — Тематическая экскурсия «Художники и модели» (60 минут) Категория 12+;300,00 руб.;300;;без учета входных билетов;;https://zhukovskymuseum.ru/stoimost-uslug/;2026-10-09T19:36:56.836037+00:00
zhukovskymuseum.ru;Научно-мемориальный музей Н.Е. Жуковского;tickets;Льготный;Экскурсионное обслуживание на русском языке в составе организованной группы от 7 до 20 человек (на 1 человека) — Тематическая экскурсия «Художники и модели» (60 минут) Категория 12+;200,00 руб.;200;;без учета входных билетов;;https://zhukovskymuseum.ru/stoimost-uslug/;2026-10-09T19:36:56.836037+00:00
zhukovskymuseum.ru;Научно-мемориальный музей Н.Е. Жуковского;tickets;Полный;Экскурсионное обслуживание на русском языке в составе сборной группы до 20 человек (на 1 человека) — Тематическая экскурсия «Художники и модели» (60 минут) Категория 12+;300,00 руб.;300;;без учета входных билетов;;https://zhukovskymuseum.ru/stoimost-uslug/;2026-10-09T19:36:56.836037+00:00
zhukovskymuseum.ru;Научно-мемориальный музей Н.Е. Жуковского;tickets;Льготный;Экскурсионное обслуживание на русском языке в составе сборной группы до 20 человек (на 1 человека) — Тематическая экскурсия «Художники и модели» (60 минут) Категория 12+;200,00 руб.;200;;без учета входных билетов;;https://zhukovskymuseum.ru/stoimost-uslug/;2026-10-09T19:36:56.836037+00:00
zhukovskymuseum.ru;Научно-мемориальный музей Н.Е. Жуковского;tickets;Индивидуальная экскурсия на русском языке (за группу от 1 до 6 человек);Экскурсия «От рождения авиации до прорыва в космос» (90 минут) Категория 12+;2 000,00 руб.;2000;;без учета входных билетов;;https://zhukovskymuseum.ru/stoimost-uslug/;2026-10-09T19:36:56.836037+00:00
zhukovskymuseum.ru;Научно-мемориальный музей Н.Е. Жуковского;tickets;Полный;Экскурсионное обслуживание на русском языке в составе организованной группы от 7 до 20 человек (на 1 человека) — Экскурсия «От рождения авиации до прорыва в космос» (90 минут) Категория 12+;350,00 руб.;350;;без учета входных билетов;;https://zhukovskymuseum.ru/stoimost-uslug/;2026-10-09T19:36:56.836037+00:00
zhukovskymuseum.ru;Научно-мемориальный музей Н.Е. Жуковского;tickets;Льготный;Экскурсионное обслуживание на русском языке в составе организованной группы от 7 до 20 человек (на 1 человека) — Экскурсия «От рождения авиации до прорыва в космос» (90 минут) Категория 12+;250,00 руб.;250;;без учета входных билетов;;https://zhukovskymuseum.ru/stoimost-uslug/;2026-10-09T19:36:56.836037+00:00
zhukovskymuseum.ru;Научно-мемориальный музей Н.Е. Жуковского;tickets;Полный;Экскурсионное обслуживание на русском языке в составе сборной группы до 20 человек (на 1 человека) — Экскурсия «От рождения авиации до прорыва в космос» (90 минут) Категория 12+;350,00 руб.;350;;без учета входных билетов;;https://zhukovskymuseum.ru/stoimost-uslug/;2026-10-09T19:36:56.836037+00:00
zhukovskymuseum.ru;Научно-мемориальный музей Н.Е. Жуковского;tickets;Льготный;Экскурсионное обслуживание на русском языке в составе сборной группы до 20 человек (на 1 человека) — Экскурсия «От рождения авиации до прорыва в космос» (90 минут) Категория 12+;250,00 руб.;250;;без учета входных билетов;;https://zhukovskymuseum.ru/stoimost-uslug/;2026-10-09T19:36:56.836037+00:00
zhukovskymuseum.ru;Научно-мемориальный музей Н.Е. Жуковского;tickets;Индивидуальная экскурсия на русском языке (за группу от 1 до 6 человек);Обзорная экскурсия по экспозиции Научно-мемориального музея профессора Н.Е. Жуковского (90 минут) Категория 6+;2 000,00 руб.;2000;;без учета входных билетов;;https://zhukovskymuseum.ru/stoimost-uslug/;2026-10-09T19:36:56.836037+00:00
zhukovskymuseum.ru;Научно-мемориальный музей Н.Е. Жуковского;tickets;Полный;Экскурсионное обслуживание на русском языке в составе организованной группы от 7 до 20 человек (на 1 человека) — Обзорная экскурсия по экспозиции Научно-мемориального музея профессора Н.Е. Жуковского (90 минут) Категория 6+;350,00 руб.;350;;без учета входных билетов;;https://zhukovskymuseum.ru/stoimost-uslug/;2026-10-09T19:36:56.836037+00:00
zhukovskymuseum.ru;Научно-мемориальный музей Н.Е. Жуковского;tickets;Льготный;Экскурсионное обслуживание на русском языке в составе организованной группы от 7 до 20 человек (на 1 человека) — Обзорная экскурсия по экспозиции Научно-мемориального музея профессора Н.Е. Жуковского (90 минут) Категория 6+;250,00 руб.;250;;без учета входных билетов;;https://zhukovskymuseum.ru/stoimost-uslug/;2026-10-09T19:36:56.836037+00:00
zhukovskymuseum.ru;Научно-мемориальный музей Н.Е. Жуковского;tickets;Полный;Экскурсионное обслуживание на русском языке в составе сборной группы до 20 человек (на 1 человека) — Обзорная экскурсия по экспозиции Научно-мемориального музея профессора Н.Е. Жуковского (90 минут) Категория 6+;350,00 руб.;350;;без учета входных билетов;;https://zhukovskymuseum.ru/stoimost-uslug/;2026-10-09T19:36:56.836037+00:00
zhukovskymuseum.ru;Научно-мемориальный музей Н.Е. Жуковского;tickets;Льготный;Экскурсионное обслуживание на русском языке в составе сборной группы до 20 человек (на 1 человека) — Обзорная экскурсия по экспозиции Научно-мемориального музея профессора Н.Е. Жуковского (90 минут) Категория 6+;250,00 руб.;250;;без учета входных билетов;;https://zhukovskymuseum.ru/stoimost-uslug/;2026-10-09T19:36:56.836037+00:00
zhukovskymuseum.ru;Научно-мемориальный музей Н.Е. Жуковского;tickets;Индивидуальная программа на русском языке (за группу от 1 до 6 человек);Интерактивная экскурсия-викторина «От винта!» (90 минут) Категория 6+;2 000,00 руб.;2000;;без учета входных билетов;;https://zhukovskymuseum.ru/stoimost-uslug/;2026-10-09T19:36:56.836037+00:00
zhukovskymuseum.ru;Научно-мемориальный музей Н.Е. Жуковского;tickets;Полный;Программа на русском языке в составе организованной группы от 7 до 20 человек (на 1 человека) — Интерактивная экскурсия-викторина «От винта!» (90 минут) Категория 6+;350,00 руб.;350;;без учета входных билетов;;https://zhukovskymuseum.ru/stoimost-uslug/;2026-10-09T19:36:56.836037+00:00
zhukovskymuseum.ru;Научно-мемориальный музей Н.Е. Жуковского;tickets;Льготный;Программа на русском языке в составе организованной группы от 7 до 20 человек (на 1 человека) — Интерактивная экскурсия-викторина «От винта!» (90 минут) Категория 6+;250,00 руб.;250;;без учета входных билетов;;https://zhukovskymuseum.ru/stoimost-uslug/;2026-10-09T19:36:56.836037+00:00
zhukovskymuseum.ru;Научно-мемориальный музей Н.Е. Жуковского;tickets;Полный;Экскурсионное обслуживание на русском языке в составе сборной группы до 20 человек (на 1 человека) — Интерактивная экскурсия-викторина «От винта!» (90 минут) Категория 6+;350,00 руб.;350;;без учета входных билетов;;https://zhukovskymuseum.ru/stoimost-uslug/;2026-10-09T19:36:56.836037+00:00
zhukovskymuseum.ru;Научно-мемориальный музей Н.Е. Жуковского;tickets;Льготный;Экскурсионное обслуживание на русском языке в составе сборной группы до 20 человек (на 1 человека) — Интерактивная экскурсия-викторина «От винта!» (90 минут) Категория 6+;250,00 руб.;250;;без учета входных билетов;;https://zhukovskymuseum.ru/stoimost-uslug/;2026-10-09T19:36:56.836037+00:00
zhukovskymuseum.ru;Научно-мемориальный музей Н.Е. Жуковского;tickets;Профессиональная фотосъемка и видеосъемка;за 1 час;3 000,00 руб.;3000;;С применением специального/дополнительного оборудования, в том числе фотовспышек и штативов. Без права публикации и тиражирования отснятого материала в коммерческих целях.;;https://zhukovskymuseum.ru/stoimost-uslug/;2026-10-09T19:36:56.836037+00:00
zhukovskymuseum.ru;Научно-мемориальный музей Н.Е. Жуковского;tickets;Фотосъемка и видеосъемка с целью коммерческого использования;;по договору;;;по предварительному согласованию с администрацией Музея и в соответствии с утвержденным ею порядком;;https://zhukovskymuseum.ru/stoimost-uslug/;2026-10-09T19:36:56.836037+00:00
zhukovskymuseum.ru;Научно-мемориальный музей Н.Е. Жуковского;free_rules;ветераны и участники Великой Отечественной войны, участники боевых действий (граждане России и стран СНГ), участники СВО и члены их семей, Герои Советского Союза, Герои РФ, Полные кавалеры «Ордена Славы», инвалиды I и II группы (граждане России и стран СНГ), ликвидаторы аварии на Чернобыльской АС, дети-сироты из детских домов, приютов, приемников-распределителей, интернатов, дети-инвалиды, одному сопровождающему инвалида I группы или ребёнка-инвалида, одному сопровождающему группу учащихся средних и средних специальных учебных заведений (один сопровождающий на 10 детей), военнослужащие срочной службы (за исключением служащих по контракту), сотрудники музеев системы Министерства культуры России и соответствующих органов исполнительной власти субъектов Российской Федерации, члены Международного Совета музеев (ICOM), гости музея;"посещение музея без экскурсионного обслуживания с посещением временных выставок; посещение музея с экскурсионным обслуживанием в составе сборных групп; посещение музейных занятий, мероприятий";;;;Бесплатный и льготный билеты выдаются посетителям при предъявлении соответствующих документов, подтверждающих право на льготы. В случае приобретения бесплатных и льготных билетов на сайте музея посетителю необходимо предъявить документы, подтверждающие право на льготы в кассе или на линии контроля прохода в музей. Приобретение данного билета возможно однократно в день посещения.;benefit;https://zhukovskymuseum.ru/lgotnoe-poseshhenie/;2026-10-09T19:36:56.836037+00:00
zhukovskymuseum.ru;Научно-мемориальный музей Н.Е. Жуковского;free_rules;Многодетные семьи;"посещение музея без экскурсионного обслуживания с посещением выставок; посещение музейных занятий и мероприятий";;;;Бесплатный и льготный билеты выдаются посетителям при предъявлении соответствующих документов, подтверждающих право на льготы.;benefit;https://zhukovskymuseum.ru/lgotnoe-poseshhenie/;2026-10-09T19:36:56.836037+00:00
zhukovskymuseum.ru;Научно-мемориальный музей Н.Е. Жуковского;free_rules;Дети, не достигшие возраста 7 лет;посещение музея без экскурсионного обслуживания с посещением временных выставок;;;;Детям дошкольного возраста (не достигшим 7 лет) бесплатный билет выдается без предъявления документов.;benefit;https://zhukovskymuseum.ru/lgotnoe-poseshhenie/;2026-10-09T19:36:56.836037+00:00
zhukovskymuseum.ru;Научно-мемориальный музей Н.Е. Жуковского;free_rules;Воспитанники Суворовских военных училищ и Нахимовских военно-морских училищ;"посещение музея без экскурсионного обслуживания с посещением выставок; посещение музейных занятий и мероприятий";;;;Бесплатный и льготный билеты выдаются посетителям при предъявлении соответствующих документов, подтверждающих право на льготы.;benefit;https://zhukovskymuseum.ru/lgotnoe-poseshhenie/;2026-10-09T19:36:56.836037+00:00
zhukovskymuseum.ru;Научно-мемориальный музей Н.Е. Жуковского;free_rules;"студенты (курсанты) высших учебных заведений РФ (в том числе иностранные граждане-студенты российских вузов); учащиеся очной формы обучения общеобразовательных и профессиональных учреждений; лица, не достигшие возраста 18 лет";посещение музея без экскурсионного обслуживания с посещением временных выставок;;;Второй четверг каждого месяца;при предъявлении студенческого билета (не распространяется на лиц, предъявляющих студенческие билеты «студент-стажер»);recurring_day;https://zhukovskymuseum.ru/lgotnoe-poseshhenie/;2026-10-09T19:36:56.836037+00:00
zhukovskymuseum.ru;Научно-мемориальный музей Н.Е. Жуковского;free_rules;многодетные семьи;посещение музея с экскурсионным обслуживанием в составе сборных групп;;;Второй четверг каждого месяца;;recurring_day;https://zhukovskymuseum.ru/lgotnoe-poseshhenie/;2026-10-09T19:36:56.836037+00:00
zmmu.msu.ru;Зоологический музей МГУ;tickets;взрослые;входной билет в музей;500 руб.;500;;Входные билеты можно купить в кассе музея или онлайн;;http://zmmu.org/tickets;2026-10-09T19:37:00.002417+00:00
zmmu.msu.ru;Зоологический музей МГУ;tickets;школьники и студенты;льготный входной билет в музей;200 руб.;200;;"при предъявлении подтверждающих документов; Входные билеты можно купить в кассе музея или онлайн";;http://zmmu.org/tickets;2026-10-09T19:37:00.002417+00:00
zmmu.msu.ru;Зоологический музей МГУ;tickets;пенсионеры и многодетные родители;льготный входной билет в музей;300 руб.;300;;"при предъявлении подтверждающих документов; Входные билеты можно купить в кассе музея или онлайн";;http://zmmu.org/tickets;2026-10-09T19:37:00.002417+00:00
zmmu.msu.ru;Зоологический музей МГУ;tickets;все посетители;сборная экскурсия, экскурсионный билет;300 руб./чел.;300;;"без учета стоимости входного билета; Билеты на сборные экскурсиии необходимо приобрести заранее на сайте музея онлайн, стоимость входного билета будет уже учтена";;http://zmmu.org/tickets;2026-10-09T19:37:00.002417+00:00
zmmu.msu.ru;Зоологический музей МГУ;tickets;все посетители;интерактивное занятие 45 минут;700 руб./чел.;700;;"без учета стоимости входного билета; Входной билет оплачивается отдельно";;http://zmmu.org/tickets;2026-10-09T19:37:00.002417+00:00
zmmu.msu.ru;Зоологический музей МГУ;tickets;дети от 4 лет;интерактивное занятие продолжительностью 30 минут;500 руб.;500;;обязательное присутствие взрослых, сопровождающих ребёнка по входному билету в музей;;http://zmmu.org/tickets;2026-10-09T19:37:00.002417+00:00
zmmu.msu.ru;Зоологический музей МГУ;tickets;школьники, студенты;экскурсионная льготная путёвка, группа до 20 участников;10 000 руб.;10000;;"стоимость входных билетов включена; Максимальное количество взрослых, сопровождающих группу по льготной путёвке, не может превышать 5 человек, двое из которых проходят с группой бесплатно, а остальные трое взрослых покупают входные билеты";;http://zmmu.org/tickets;2026-10-09T19:37:00.002417+00:00
zmmu.msu.ru;Зоологический музей МГУ;tickets;взрослые;экскурсионная путёвка для взрослых;16 000 руб.;16000;;"стоимость входных билетов включена; Для сопровождающих группу бесплатные билеты не предусмотрены";;http://zmmu.org/tickets;2026-10-09T19:37:00.002417+00:00
zmmu.msu.ru;Зоологический музей МГУ;tickets;пенсионеры и многодетные родители;экскурсионная путёвка;12 000 руб.;12000;;стоимость входных билетов включена;;http://zmmu.org/tickets;2026-10-09T19:37:00.002417+00:00
zmmu.msu.ru;Зоологический музей МГУ;tickets;школьники и дошкольники;льготная путёвка на интерактивное занятие, группа до 10 человек;10 000 руб;10000;;"стоимость входных билетов участников включена; На занятиях для детей возрастом с 4+ до 6+ присутствуют взрослые, сопровождающие ребёнка по входному билету в музей";;http://zmmu.org/tickets;2026-10-09T19:37:00.002417+00:00
zmmu.msu.ru;Зоологический музей МГУ;tickets;группа 10 человек;Научный террариум, индивидуальная путевка;10 000 руб.;10000;;в любом возрастном составе, стоимость входных билетов включена;;http://zmmu.org/tickets;2026-10-09T19:37:00.002417+00:00
zmmu.msu.ru;Зоологический музей МГУ;tickets;семья;Научный террариум, семейная путёвка для группы 5 человек;5 000 руб.;5000;;"в любом возрастном составе; входной билет приобретается дополнительно";;http://zmmu.org/tickets;2026-10-09T19:37:00.002417+00:00
zmmu.msu.ru;Зоологический музей МГУ;tickets;все посетители;Лекция Биолектория в музее;300 руб.;300;;"без стоимости входного билета в музей; стоимость входного билета на лекцию в музее НЕ ВКЛЮЧЕНА";;http://zmmu.org/tickets;2026-10-09T19:37:00.002417+00:00
zmmu.msu.ru;Зоологический музей МГУ;tickets;все посетители;вечерняя лекция;600 руб.;600;;стоимость входного билета на лекцию в музее НЕ ВКЛЮЧЕНА;;http://zmmu.org/tickets;2026-10-09T19:37:00.002417+00:00
zmmu.msu.ru;Зоологический музей МГУ;tickets;все посетители;онлайн-лекция;300 руб.;300;;Входной билет в музей не требуется;;http://zmmu.org/tickets;2026-10-09T19:37:00.002417+00:00
zmmu.msu.ru;Зоологический музей МГУ;tickets;все посетители;дневная лекция (в музее), групповые от 10 человек;300 руб./чел.;300;;На лекции, проводимые в музее, входной билет приобретается отдельно;;http://zmmu.org/;2026-10-09T19:37:00.002417+00:00
zmmu.msu.ru;Зоологический музей МГУ;tickets;все посетители;вечерняя лекция (в музее), групповые от 10 человек;600 руб./чел.;600;;На лекции, проводимые в музее, входной билет приобретается отдельно;;http://zmmu.org/;2026-10-09T19:37:00.002417+00:00
zmmu.msu.ru;Зоологический музей МГУ;tickets;все посетители;онлайн-лекция, групповые от 10 человек;300 руб./чел.;300;;Входной билет в музей не требуется;;http://zmmu.org/;2026-10-09T19:37:00.002417+00:00
zmmu.msu.ru;Зоологический музей МГУ;tickets;группы от 5 человек;персональные интерактивные занятия;700 руб./чел.;700;;Входной билет в музей: приобретается отдельно для каждого посетителя;;http://zmmu.org/;2026-10-09T19:37:00.002417+00:00
zmmu.msu.ru;Зоологический музей МГУ;tickets;семья;семейная экскурсионная путёвка, до 5 человек;3 000 руб./группа;3000;;Входные билеты: приобретаются дополнительно;;http://zmmu.org/;2026-10-09T19:37:00.002417+00:00
zmmu.msu.ru;Зоологический музей МГУ;tickets;взрослые;экскурсионная путёвка для взрослых, до 20 человек;16 000 руб./группа;16000;;"Входные билеты: включены в стоимость; Для сопровождающих группу бесплатные билеты не предусмотрены";;http://zmmu.org/;2026-10-09T19:37:00.002417+00:00
zmmu.msu.ru;Зоологический музей МГУ;tickets;пенсионеры и многодетные родители;экскурсионная путёвка, до 20 человек;12 000 руб./группа;12000;;Входные билеты: включены в стоимость;;http://zmmu.org/;2026-10-09T19:37:00.002417+00:00
zmmu.msu.ru;Зоологический музей МГУ;tickets;школьники/студенты;льготная путёвка, до 20 человек;10 000 руб./группа;10000;;"Входные билеты: включены в стоимость для всех учащихся; Сопровождающие взрослые: не более 5 человек. 2 сопровождающих проходят бесплатно. Остальные 3 сопровождающих (если есть) оплачивают входной билет";;http://zmmu.org/;2026-10-09T19:37:00.002417+00:00
zmmu.msu.ru;Зоологический музей МГУ;tickets;группа до 15 человек (рекомендуемый состав: не более 10 детей и 5 взрослых);День рождения в музее;16 000 руб./группа;16000;;На каждого ребёнка сверх лимита (с 11-го по 15-го) необходимо приобрести билет на интерактивное занятие (700 руб./чел.) и входной билет в музей;;http://zmmu.org/;2026-10-09T19:37:00.002417+00:00
zmmu.msu.ru;Зоологический музей МГУ;free_rules;участники Олимпиады «Музеи. Парки. Усадьбы»;посещение музея;;;6 октября, 3 ноября, 8 декабря, 5 января, 2 февраля и 2 марта;Заявка на бесплатное посещение осуществляется по электронной почте olimp.zmmu@org.msu.ru. Запись на день бесплатного посещения в следующем месяце открывается за две недели до бесплатного посещения;dated_event;http://zmmu.org/;2026-10-09T19:37:00.002417+00:00
zmmu.msu.ru;Зоологический музей МГУ;free_rules;сопровождающие (не более двух человек на группу);экскурсионное обслуживание;;;при посещении экскурсий для организованных групп;В группе несовершеннолетних учащихся и дошкольников обязательно присутствие двух взрослых сопровождающих, один из них – педагог;benefit;http://zmmu.org/tickets;2026-10-09T19:37:00.002417+00:00
zmmu.msu.ru;Зоологический музей МГУ;free_rules;2 сопровождающих взрослых;экскурсионная льготная путёвка;;;при льготной путёвке для школьников и студентов;Максимальное количество взрослых, сопровождающих группу по льготной путёвке, не может превышать 5 человек, двое из которых проходят с группой бесплатно, а остальные трое взрослых покупают входные билеты;benefit;http://zmmu.org/tickets;2026-10-09T19:37:00.002417+00:00
zmmu.msu.ru;Зоологический музей МГУ;free_rules;"детям до 7 лет (не достигшим семилетнего возраста); детям из многодетных семей; Героям СССР, Героям РФ, полным кавалерам Ордена Славы; детям-инвалидам; детям-сиротам, детям, оставшимся без попечения родителей, воспитанникам интернатов, а также одному сопровождающему; инвалидам 1-й и 2-й групп; участникам и ветеранам ВОВ из РФ и стран СНГ; участникам СВО, членам семей участников СВО, членам семей погибших участников СВО; участникам ликвидации аварии на Чернобыльской АЭС; бывшим несовершеннолетним узникам концлагерей, гетто и других мест принудительного содержания, созданных фашистами и их союзниками в период Второй мировой войны; лицам, награждённым медалью «За оборону Ленинграда» или «Житель блокадного Ленинграда», труженикам тыла; незаконно репрессированным и реабилитированным гражданам; участникам боевых действий, приравненных к ветеранам ВОВ РФ; военнослужащим срочной службы РФ; воспитанникам суворовских военных, нахимовских военно-морских училищ, кадетских корпусов, курсантам высших военных училищ; сотрудникам музеев РФ и Международного совета музеев (ICOM); студентам и сотрудникам МГУ имени М.В. Ломоносова; лицу, сопровождающему посетителя с ограниченными физическими возможностями";экспозиция музея;;;постоянно;"при предъявлении подтверждающих документов; Льготы распространяются на жителей Российской Федерации, а также стран СНГ – Беларуси, Молдовы, Армении, Азербайджана, Казахстана, Узбекистана, Таджикистана и Киргизии";always;http://zmmu.org/tickets;2026-10-09T19:37:00.002417+00:00
zmmu.org;Зоологический музей МГУ;tickets;взрослые;входной билет в музей;500 руб.;500;;Входные билеты можно купить в кассе музея или онлайн;;http://zmmu.org/tickets;2026-10-09T19:37:00.481716+00:00
zmmu.org;Зоологический музей МГУ;tickets;школьники и студенты;льготный входной билет в музей;200 руб.;200;;"при предъявлении подтверждающих документов; входные билеты можно купить в кассе музея или онлайн";;http://zmmu.org/tickets;2026-10-09T19:37:00.481716+00:00
zmmu.org;Зоологический музей МГУ;tickets;пенсионеры и многодетные родители;льготный входной билет в музей;300 руб.;300;;"при предъявлении подтверждающих документов; входные билеты можно купить в кассе музея или онлайн";;http://zmmu.org/tickets;2026-10-09T19:37:00.481716+00:00
zmmu.org;Зоологический музей МГУ;tickets;сборные экскурсии;экскурсионное обслуживание, без учета стоимости входного билета;300 руб.;300;;"Билеты на сборные экскурсии необходимо приобрести заранее на сайте музея онлайн, стоимость входного билета будет уже учтена; длительность 45 минут";;http://zmmu.org/tickets;2026-10-09T19:37:00.481716+00:00
zmmu.org;Зоологический музей МГУ;tickets;интерактивные занятия;интерактивное занятие, без учета стоимости входного билета;700 руб.;700;;"Билеты необходимо приобрести заранее на сайте музея; входной билет оплачивается отдельно; длительность 45 минут";;http://zmmu.org/tickets;2026-10-09T19:37:00.481716+00:00
zmmu.org;Зоологический музей МГУ;tickets;дети от 4 лет;интерактивное занятие продолжительностью 30 минут;500 руб.;500;;обязательное присутствие взрослых, сопровождающих ребёнка по входному билету в музей;;http://zmmu.org/tickets;2026-10-09T19:37:00.481716+00:00
zmmu.org;Зоологический музей МГУ;tickets;школьники, студенты;экскурсионная льготная путёвка, стоимость входных билетов включена;10 000 руб.;10000;;"Группа до 20 участников; максимальное количество взрослых сопровождающих не более 5 человек, двое проходят бесплатно, остальные трое покупают входные билеты; если учащихся менее 20, взрослыми не заменяются; длительность 45 минут";;http://zmmu.org/tickets;2026-10-09T19:37:00.481716+00:00
zmmu.org;Зоологический музей МГУ;tickets;взрослые;экскурсионная путёвка для взрослых, стоимость входных билетов включена;16 000 руб.;16000;;Для сопровождающих группу бесплатные билеты не предусмотрены;;http://zmmu.org/tickets;2026-10-09T19:37:00.481716+00:00
zmmu.org;Зоологический музей МГУ;tickets;пенсионеры и многодетные родители;экскурсионная путёвка, стоимость входных билетов включена;12 000 руб.;12000;;стоимость входных билетов включена;;http://zmmu.org/tickets;2026-10-09T19:37:00.481716+00:00
zmmu.org;Зоологический музей МГУ;tickets;школьники и дошкольники;льготная путёвка на интерактивное занятие, стоимость входных билетов участников включена;10 000 руб;10000;;"Группа до 10 человек; на занятиях для детей с 4+ до 6+ присутствуют взрослые по входному билету; на занятиях для детей 7+ взрослые по желанию по входному билету";;http://zmmu.org/tickets;2026-10-09T19:37:00.481716+00:00
zmmu.org;Зоологический музей МГУ;tickets;группа 10 человек (в любом возрастном составе);Научный террариум, индивидуальная путевка, стоимость входных билетов включена;10 000 руб.;10000;;"в любом возрастном составе; стоимость входных билетов включена";;http://zmmu.org/tickets;2026-10-09T19:37:00.481716+00:00
zmmu.org;Зоологический музей МГУ;tickets;семейная (группа 5 человек);Научный террариум, семейная путёвка, входной билет приобретается дополнительно;5 000 руб.;5000;;"в любом возрастном составе; входной билет приобретается дополнительно";;http://zmmu.org/tickets;2026-10-09T19:37:00.481716+00:00
zmmu.org;Зоологический музей МГУ;tickets;лекция Биолектория в музее;дневная лекция, без стоимости входного билета в музей;300 руб.;300;;"стоимость входного билета на лекцию в музее НЕ ВКЛЮЧЕНА; длительность 45 минут";;http://zmmu.org/tickets;2026-10-09T19:37:00.481716+00:00
zmmu.org;Зоологический музей МГУ;tickets;вечерняя лекция;лекция Биолектория в музее, без стоимости входного билета;600 руб.;600;;стоимость входного билета на лекцию в музее НЕ ВКЛЮЧЕНА;;http://zmmu.org/tickets;2026-10-09T19:37:00.481716+00:00
zmmu.org;Зоологический музей МГУ;tickets;онлайн-лекция;лекция Биолектория онлайн;300 руб.;300;;Входной билет в музей не требуется;;http://zmmu.org/tickets;2026-10-09T19:37:00.481716+00:00
zmmu.org;Зоологический музей МГУ;free_rules;участники Олимпиады «Музеи. Парки. Усадьбы»;посещение музея;;;6 октября, 3 ноября, 8 декабря, 5 января, 2 февраля и 2 марта;"Заявка на бесплатное посещение осуществляется по электронной почте olimp.zmmu@org.msu.ru; запись на день бесплатного посещения в следующем месяце открывается за две недели до бесплатного посещения";dated_event;http://zmmu.org/;2026-10-09T19:37:00.481716+00:00
zmmu.org;Зоологический музей МГУ;free_rules;сопровождающие (не более двух человек на группу);экскурсионное обслуживание;;;при посещении экскурсий для организованных групп;В группе несовершеннолетних учащихся и дошкольников обязательно присутствие двух взрослых сопровождающих, один из них – педагог;benefit;http://zmmu.org/tickets;2026-10-09T19:37:00.481716+00:00
zmmu.org;Зоологический музей МГУ;free_rules;двое взрослых сопровождающих по льготной путёвке для школьников, студентов;экскурсионное обслуживание;;;при приобретении экскурсионной льготной путёвки для школьников, студентов;Максимальное количество взрослых, сопровождающих группу по льготной путёвке, не может превышать 5 человек, двое из которых проходят с группой бесплатно, а остальные трое взрослых покупают входные билеты;benefit;http://zmmu.org/tickets;2026-10-09T19:37:00.481716+00:00
zmmu.org;Зоологический музей МГУ;free_rules;"дети до 7 лет (не достигшие семилетнего возраста); дети из многодетных семей; Герои СССР, Герои РФ, полные кавалеры Ордена Славы; дети-инвалиды; дети-сироты, дети, оставшиеся без попечения родителей, воспитанники интернатов, а также один сопровождающий; инвалиды 1-й и 2-й групп; участники и ветераны ВОВ из РФ и стран СНГ; участники СВО, члены семей участников СВО, члены семей погибших участников СВО; участники ликвидации аварии на Чернобыльской АЭС; бывшие несовершеннолетние узники концлагерей, гетто и других мест принудительного содержания; лица, награждённые медалью «За оборону Ленинграда» или «Житель блокадного Ленинграда», труженики тыла; незаконно репрессированные и реабилитированные граждане; участники боевых действий, приравненные к ветеранам ВОВ РФ; военнослужащие срочной службы РФ; воспитанники суворовских военных, нахимовских военно-морских училищ, кадетских корпусов, курсанты высших военных училищ; сотрудники музеев РФ и Международного совета музеев (ICOM); студенты и сотрудники МГУ имени М.В. Ломоносова; лицо, сопровождающее посетителя с ограниченными физическими возможностями";экспозиция музея;;;при предъявлении подтверждающих документов;"при предъявлении подтверждающих документов; льготы распространяются на жителей Российской Федерации, а также стран СНГ – Беларуси, Молдовы, Армении, Азербайджана, Казахстана, Узбекистана, Таджикистана и Киргизии";always;http://zmmu.org/tickets;2026-10-09T19:37:00.481716+00:00
музейпсихологии.рф;Музей психологии, дефектологии и логопедии;tickets;Индивидуальная экскурсия;экскурсия;7000 ₽;7000;;Чтобы попасть на экскурсию, нужно предварительно записаться по телефону, электронной почте или любым другим доступным способом.;;https://музейпсихологии.рф/;2026-10-09T19:37:06.528863+00:00
музейпсихологии.рф;Музей психологии, дефектологии и логопедии;tickets;Групповая экскурсия;экскурсия;1000 ₽;1000;;Чтобы попасть на экскурсию, нужно предварительно записаться по телефону, электронной почте или любым другим доступным способом.;;https://музейпсихологии.рф/;2026-10-09T19:37:06.528863+00:00
робостанция.рф;Робостанция;tickets;Детский (до 14 лет);Выставка Робостанция, входной билет;1090 / 1290;;;Рублей, в будни / выходные;;https://робостанция.рф/;2026-10-09T19:37:06.721482+00:00
робостанция.рф;Робостанция;tickets;Детский с мастер-классом;Выставка Робостанция, входной билет с мастер-классом;2190 / 2190;;;Рублей, в будни / выходные;;https://робостанция.рф/;2026-10-09T19:37:06.721482+00:00
робостанция.рф;Робостанция;tickets;Взрослый*;Выставка Робостанция, входной билет;1190 / 1390;;;"Рублей, в будни / выходные; * Скидка 50% для участников СВО и членов их семей при предъявлении соответствующих документов";;https://робостанция.рф/;2026-10-09T19:37:06.721482+00:00
робостанция.рф;Робостанция;tickets;Семейный (2+2);Выставка Робостанция, входной билет;3890 / 4390;;;Рублей, в будни / выходные;;https://робостанция.рф/;2026-10-09T19:37:06.721482+00:00
робостанция.рф;Робостанция;tickets;Льготные билеты** (студенты, пенсионеры, члены многодетных семей);Выставка Робостанция, входной билет;690 / 790;;;"Рублей, в будни / выходные; ** Льготные билеты для студентов, пенсионеров, членов многодетных семей";;https://робостанция.рф/;2026-10-09T19:37:06.721482+00:00
музеймаяковского.рф;Государственный музей В.В. Маяковского;tickets;полный билет;"посещение площадок музея ""Квартира на Большой Пресне"" и ""Квартира в Студенецком переулке""";400 руб.;400;;Для посещения билет можно купить только на сайте mos.ru или в кассе музея. При покупке электронного билета, нужно показать его сотруднику музея (в распечатанном виде или в электронном виде с экрана мобильного устройства). Доступна покупка билетов по Пушкинской карте.;;https://xn--80aedfjnibldycb2bv1r.xn--p1ai/museum/tickets-and-services/;2026-10-09T19:37:05.799072+00:00
музеймаяковского.рф;Государственный музей В.В. Маяковского;tickets;льготный билет;"посещение площадок музея ""Квартира на Большой Пресне"" и ""Квартира в Студенецком переулке""";200 руб.;200;;"Льготные категории: Студенты, обучающиеся по очной форме обучения в образовательных учреждениях РФ и СНГ по программам среднего и высшего профессионального образования; Дети в возрасте от 7 до 18 лет; Многодетные семьи (в том числе при предъявлении QR-цифрового удостоверения, подтверждающего статус многодетной семьи) - семьи с тремя и более детьми до достижения старшим ребенком возраста 18 лет или возраста 23 лет при условии его обучения в организации, осуществляющей образовательную деятельность; Пенсионеры РФ. Льгота на посещение предоставляется при предъявлении в кассах площадок музея документа, подтверждающего льготу, а также при оформлении билета через автоматизированную информационную систему ""Московская билетная система в сфере культуры"" (АИС ""Мосбилет"") с авторизацией на портале Mos.ru.";;https://xn--80aedfjnibldycb2bv1r.xn--p1ai/museum/tickets-and-services/;2026-10-09T19:37:05.799072+00:00
музеймаяковского.рф;Государственный музей В.В. Маяковского;tickets;полный билет;Сборная экскурсия;700 р. / 1 билет;700;;Индивидуальные билеты;;https://xn--80aedfjnibldycb2bv1r.xn--p1ai/museum/tickets-and-services/;2026-10-09T19:37:05.799072+00:00
музеймаяковского.рф;Государственный музей В.В. Маяковского;tickets;льготный билет;Сборная экскурсия;500 р. или 300 р. / 1 билет;;;Индивидуальные билеты;;https://xn--80aedfjnibldycb2bv1r.xn--p1ai/museum/tickets-and-services/;2026-10-09T19:37:05.799072+00:00
музеймаяковского.рф;Государственный музей В.В. Маяковского;tickets;Лекция;Индивидуальные билеты;400 р.;400;;Индивидуальные билеты;;https://xn--80aedfjnibldycb2bv1r.xn--p1ai/museum/tickets-and-services/;2026-10-09T19:37:05.799072+00:00
музеймаяковского.рф;Государственный музей В.В. Маяковского;tickets;Мастер-класс;Индивидуальные билеты;500 р.;500;;Индивидуальные билеты;;https://xn--80aedfjnibldycb2bv1r.xn--p1ai/museum/tickets-and-services/;2026-10-09T19:37:05.799072+00:00
музеймаяковского.рф;Государственный музей В.В. Маяковского;tickets;Интерактивная программа;Индивидуальные билеты;от 400 до 600 р.;;;Индивидуальные билеты;;https://xn--80aedfjnibldycb2bv1r.xn--p1ai/museum/tickets-and-services/;2026-10-09T19:37:05.799072+00:00
музеймаяковского.рф;Государственный музей В.В. Маяковского;tickets;Пешеходная экскурсия;Индивидуальные билеты;500 р.;500;;Индивидуальные билеты;;https://xn--80aedfjnibldycb2bv1r.xn--p1ai/museum/tickets-and-services/;2026-10-09T19:37:05.799072+00:00
музеймаяковского.рф;Государственный музей В.В. Маяковского;tickets;группа от 1 до 5 чел.;"Экскурсия по площадке музея (""Квартира на Большой Пресне"" или ""Квартира в Студенецком переулке"")";2500 р.;2500;;ЦЕНА БИЛЕТА НА МЕРОПРИЯТИЕ И ЭКСКУРСИЮ ДЛЯ ГРУПП;;https://xn--80aedfjnibldycb2bv1r.xn--p1ai/museum/tickets-and-services/;2026-10-09T19:37:05.799072+00:00
музеймаяковского.рф;Государственный музей В.В. Маяковского;tickets;группа от 6 до 12 чел.;"Экскурсия по площадке музея (""Квартира на Большой Пресне"" или ""Квартира в Студенецком переулке"")";6000 р.;6000;;ЦЕНА БИЛЕТА НА МЕРОПРИЯТИЕ И ЭКСКУРСИЮ ДЛЯ ГРУПП;;https://xn--80aedfjnibldycb2bv1r.xn--p1ai/museum/tickets-and-services/;2026-10-09T19:37:05.799072+00:00
музеймаяковского.рф;Государственный музей В.В. Маяковского;tickets;льготная группа;"Экскурсия по площадке музея (""Квартира на Большой Пресне"" или ""Квартира в Студенецком переулке"")";4800 или 3000 р.;;;ЦЕНА БИЛЕТА НА МЕРОПРИЯТИЕ И ЭКСКУРСИЮ ДЛЯ ГРУПП;;https://xn--80aedfjnibldycb2bv1r.xn--p1ai/museum/tickets-and-services/;2026-10-09T19:37:05.799072+00:00
музеймаяковского.рф;Государственный музей В.В. Маяковского;tickets;группа от 1 до 5 чел.;Пешеходная экскурсия;3500 р.;3500;;ЦЕНА БИЛЕТА НА МЕРОПРИЯТИЕ И ЭКСКУРСИЮ ДЛЯ ГРУПП;;https://xn--80aedfjnibldycb2bv1r.xn--p1ai/museum/tickets-and-services/;2026-10-09T19:37:05.799072+00:00
музеймаяковского.рф;Государственный музей В.В. Маяковского;tickets;группа от 6 до 15 чел.;Пешеходная экскурсия;9000 р.;9000;;ЦЕНА БИЛЕТА НА МЕРОПРИЯТИЕ И ЭКСКУРСИЮ ДЛЯ ГРУПП;;https://xn--80aedfjnibldycb2bv1r.xn--p1ai/museum/tickets-and-services/;2026-10-09T19:37:05.799072+00:00
музеймаяковского.рф;Государственный музей В.В. Маяковского;tickets;группа от 1 до 12 чел.;Интерактивная программа (без использования дополнительных расходных материалов);4800 р.;4800;;ЦЕНА БИЛЕТА НА МЕРОПРИЯТИЕ И ЭКСКУРСИЮ ДЛЯ ГРУПП;;https://xn--80aedfjnibldycb2bv1r.xn--p1ai/museum/tickets-and-services/;2026-10-09T19:37:05.799072+00:00
музеймаяковского.рф;Государственный музей В.В. Маяковского;tickets;группа от 1 до 12 чел.;Интерактивная программа (музей предоставляет необходимые расходные материалы.);7200 р.;7200;;ЦЕНА БИЛЕТА НА МЕРОПРИЯТИЕ И ЭКСКУРСИЮ ДЛЯ ГРУПП;;https://xn--80aedfjnibldycb2bv1r.xn--p1ai/museum/tickets-and-services/;2026-10-09T19:37:05.799072+00:00
музеймаяковского.рф;Государственный музей В.В. Маяковского;tickets;Заказная лекция;ЦЕНА БИЛЕТА НА МЕРОПРИЯТИЕ И ЭКСКУРСИЮ ДЛЯ ГРУПП;6000 р.;6000;;ЦЕНА БИЛЕТА НА МЕРОПРИЯТИЕ И ЭКСКУРСИЮ ДЛЯ ГРУПП;;https://xn--80aedfjnibldycb2bv1r.xn--p1ai/museum/tickets-and-services/;2026-10-09T19:37:05.799072+00:00
музеймаяковского.рф;Государственный музей В.В. Маяковского;tickets;льготная группа;Заказная лекция;4800 или 3000 р.;;;ЦЕНА БИЛЕТА НА МЕРОПРИЯТИЕ И ЭКСКУРСИЮ ДЛЯ ГРУПП;;https://xn--80aedfjnibldycb2bv1r.xn--p1ai/museum/tickets-and-services/;2026-10-09T19:37:05.799072+00:00
музеймаяковского.рф;Государственный музей В.В. Маяковского;free_rules;"Герои СССР, Герои РФ, Полные кавалеры Ордена Славы; Дети до 7 лет (не достигшие семилетнего возраста); Дети-инвалиды; Участники Великой Отечественной войны и приравненные к ним категории, ветераны боевых действий; Лица, награжденные знаком ""Жителю блокадного Ленинграда""; Неработающие инвалиды I, II групп; Сотрудники музеев РФ и Международного совета музеев (ICOM); Дети-сироты и дети, оставшиеся без попечения родителей, обучающиеся и студенты из числа детей-сирот и детей, оставшихся без попечения родителей; Лица, не достигшие 18 лет, а также лица, обучающиеся по основным профессиональным образовательным программам (один раз в месяц, в день, установленный НПА учреждения); Многодетные семьи - семьи с тремя и более детьми до достижения старшим ребенком возраста 18 лет или возраста 23 лет при условии его обучения в организации, осуществляющей образовательную деятельность (один раз в месяц, в день, установленный НПА учреждения); Сопровождающие организованных групп обучающихся, получающие среднее общее образование или среднее профессиональное образование по очной форме обучения в государственных образовательных организациях, подведомственных органам исполнительной власти города Москвы, муниципальных образовательных организациях, осуществляющих образовательную деятельность на территории города Москвы, в лице работников образовательной организации либо родителей (иных законных представителей); Участники проекта Мэра Москвы ""МУЗЕИ-ДЕТЯМ"" (лица, указанные в п.1 Постановления Правительст";посещение площадок музея;;;Бесплатно;"Льгота на посещение предоставляется при предъявлении в кассах площадок музея документа, подтверждающего льготу, а также при оформлении билета через автоматизированную информационную систему ""Московская билетная система в сфере культуры"" (АИС ""Мосбилет"") с авторизацией на портале Mos.ru, где система автоматически проверяет право гражданина на льготу по данным Общегородского регистра получателей мер социальной поддержки (ИС ""Социум""). В случае успешной проверки формируется льготный электронный билет с QR-кодом, который предъявляется при посещении музея.";benefit;https://xn--80aedfjnibldycb2bv1r.xn--p1ai/museum/tickets-and-services/;2026-10-09T19:37:05.799072+00:00
музеймаяковского.рф;Государственный музей В.В. Маяковского;free_rules;все посетители;площадки «Квартира на Большой Пресне» и «Квартира в Студенецком переулке»;;;среда третьей недели каждого месяца;Акция «Московская музейная неделя» проводится третью неделю каждого месяца. Бесплатный день Государственного музея В.В.Маяковского на такой неделе – среда.;recurring_day;https://xn--80aedfjnibldycb2bv1r.xn--p1ai/museum/tickets-and-services/;2026-10-09T19:37:05.799072+00:00
домгарри.рф;Дом Гарри;tickets;взрослые;Экскурсия по дому Гарри, выходные;1490 руб.;1490;;Выходные;;https://домгарри.рф/;2026-10-09T19:37:04.800290+00:00
домгарри.рф;Дом Гарри;tickets;дети от 4 до 14 лет;Экскурсия по дому Гарри;+500 руб.;500;;"в сопровождении взрослого; Сопровождение взрослого: +500 руб.";;https://домгарри.рф/;2026-10-09T19:37:04.800290+00:00
домгарри.рф;Дом Гарри;tickets;групповые экскурсии от 10 чел.;Экскурсия по дому Гарри;от 1190 руб.;;;"от 10 чел.; До 15 мест на экскурсию";;https://домгарри.рф/;2026-10-09T19:37:04.800290+00:00
домгарри.рф;Дом Гарри;tickets;взрослые;Самостоятельное посещение, будни;890 руб./ 30 мин.;890;;"Будни; Посещение по предзаписи на сайте";;https://домгарри.рф/;2026-10-09T19:37:04.800290+00:00
домгарри.рф;Дом Гарри;tickets;взрослые;Самостоятельное посещение, выходные;990 руб./ 30 мин.;990;;"Выходные; Посещение по предзаписи на сайте";;https://домгарри.рф/;2026-10-09T19:37:04.800290+00:00
домгарри.рф;Дом Гарри;tickets;взрослые;Мастер-классы, будни;1890 руб/чел.;1890;;"Будни; Продолжительность: 45 мин.";;https://домгарри.рф/;2026-10-09T19:37:04.800290+00:00
домгарри.рф;Дом Гарри;tickets;взрослые;Мастер-классы, выходные;2090 руб/чел.;2090;;"Выходные; Продолжительность: 45 мин.";;https://домгарри.рф/;2026-10-09T19:37:04.800290+00:00
домгарри.рф;Дом Гарри;tickets;взрослые;Комбо (Экскурсия + Мастер-класс);от 2590 руб. 3290;;;На выбор: Создание волшебных палочек, зельеварение, рунология;;https://домгарри.рф/;2026-10-09T19:37:04.800290+00:00
домгарри.рф;Дом Гарри;tickets;взрослые;Свидание в Хогвартсе;14 900 руб.;14900;;"Продолжительность: 1 час; квест для двоих, 30 минут съемка с фотографом, подарок для пар";;https://домгарри.рф/;2026-10-09T19:37:04.800290+00:00
домгарри.рф;Дом Гарри;tickets;взрослые;Мафия;600 р;600;;Мастер-классы на выбор;;https://домгарри.рф/;2026-10-09T19:37:04.800290+00:00
домгарри.рф;Дом Гарри;tickets;взрослые;Экскурсия (мастер-класс);1000 р;1000;;Мастер-классы на выбор;;https://домгарри.рф/;2026-10-09T19:37:04.800290+00:00
домгарри.рф;Дом Гарри;tickets;взрослые;Палочки (мастер-класс);1200 р;1200;;Мастер-классы на выбор;;https://домгарри.рф/;2026-10-09T19:37:04.800290+00:00
домгарри.рф;Дом Гарри;tickets;взрослые;Зельеварение, Руны, Свечи, Алхимия;1500 р/чел.;1500;;Мастер-классы на выбор;;https://домгарри.рф/;2026-10-09T19:37:04.800290+00:00
домгарри.рф;Дом Гарри;tickets;взрослые;Билет на взрослого (мастер-классы);500 руб.;500;;4−14 лет в сопровождении взрослого;;https://домгарри.рф/;2026-10-09T19:37:04.800290+00:00
домгарри.рф;Дом Гарри;tickets;взрослые;Новогодний Бал в Доме Гарри;от 77 000 р.;;;"До 30 детей; Продолжительность 2 часа";;https://домгарри.рф/;2026-10-09T19:37:04.800290+00:00
домгарри.рф;Дом Гарри;tickets;взрослые;Новогодняя программа в Подземелье Слизерина;от 68 000 р.;;;"До 10 детей + сопровождающие; Продолжительность 2,5–3 часа";;https://домгарри.рф/;2026-10-09T19:37:04.800290+00:00
домгарри.рф;Дом Гарри;tickets;взрослые;Новогодняя программа в Музее Гарри;от 73 000 р.;;;"До 15 детей + сопровождающие; Продолжительность: 2,5–3 часа";;https://домгарри.рф/;2026-10-09T19:37:04.800290+00:00
домгарри.рф;Дом Гарри;tickets;взрослые;Праздник;от 9 900 рублей;;;в зависимости от выбранной программы;;https://домгарри.рф/;2026-10-09T19:37:04.800290+00:00
домгарри.рф;Дом Гарри;tickets;взрослые;Праздники в Хогвартсе;от 19 900 руб.;;;Лучший день рождения в мире Гарри Поттера;;https://домгарри.рф/event;2026-10-09T19:37:04.800290+00:00
домгарри.рф;Дом Гарри;tickets;взрослые;Праздник в Подземелье Слизерина, квест+Аренда, будни/выходные;19 900 / 29 900 ₽;;;Будни / Выходные;;https://домгарри.рф/event;2026-10-09T19:37:04.800290+00:00
домгарри.рф;Дом Гарри;tickets;взрослые;Праздник в Доме Гарри, квест+Аренда, будни/выходные;44 900 / 54 900 ₽;;;Будни / Выходные;;https://домгарри.рф/event;2026-10-09T19:37:04.800290+00:00
домгарри.рф;Дом Гарри;tickets;взрослые;Праздник в Доме Гарри, квест+Мастер-класс+Аренда, будни/выходные;44 900 / 59 900 ₽;;;Будни / Выходные;;https://домгарри.рф/event;2026-10-09T19:37:04.800290+00:00
домгарри.рф;Дом Гарри;tickets;взрослые;Праздник в Музее Гарри Поттера, квест+Аренда, будни/выходные;34 900 / 49 900 ₽;;;Будни / Выходные;;https://домгарри.рф/event;2026-10-09T19:37:04.800290+00:00
домгарри.рф;Дом Гарри;tickets;взрослые;Праздник в Музее Гарри Поттера, квест+Мастер-класс+Аренда, будни/выходные;74 900 / 84 900 ₽;;;Будни / Выходные;;https://домгарри.рф/event;2026-10-09T19:37:04.800290+00:00
домгарри.рф;Дом Гарри;tickets;взрослые;Праздник на 2 часа, выходные;14 900 ₽;14900;;Выходные;;https://домгарри.рф/event;2026-10-09T19:37:04.800290+00:00
домгарри.рф;Дом Гарри;tickets;взрослые;Праздник на 3 часа, выходные;24 900 ₽;24900;;Выходные;;https://домгарри.рф/event;2026-10-09T19:37:04.800290+00:00
домгарри.рф;Дом Гарри;tickets;взрослые;Праздник на 2 часа, от;от 19 900 ₽;;;Будни / Выходные;;https://домгарри.рф/event;2026-10-09T19:37:04.800290+00:00
домгарри.рф;Дом Гарри;tickets;взрослые;Праздник на 3 часа, от;от 35 000 ₽;;;Будни / Выходные;;https://домгарри.рф/event;2026-10-09T19:37:04.800290+00:00
домгарри.рф;Дом Гарри;tickets;взрослые;Люмос Максима в подземелье, будни;64 000 ₽;64000;;Будни;;https://домгарри.рф/event;2026-10-09T19:37:04.800290+00:00
домгарри.рф;Дом Гарри;tickets;взрослые;Люмос Максима в подземелье, выходные;84 000 ₽;84000;;Выходные;;https://домгарри.рф/event;2026-10-09T19:37:04.800290+00:00
домгарри.рф;Дом Гарри;tickets;взрослые;программа + угощения + торт + напитки, от;от 64 900 ₽;;;Выходные: 99 900 ₽;;https://домгарри.рф/event;2026-10-09T19:37:04.800290+00:00
домгарри.рф;Дом Гарри;tickets;взрослые;Все включено, от;от 165 000 ₽;;;Выходные: 169 900 ₽;;https://домгарри.рф/event;2026-10-09T19:37:04.800290+00:00
домгарри.рф;Дом Гарри;tickets;взрослые;Супер дР, выходные;64 900 ₽;64900;;Выходные;;https://домгарри.рф/event;2026-10-09T19:37:04.800290+00:00
домгарри.рф;Дом Гарри;tickets;взрослые;Супер дР, от;от 54 900 ₽;;;квест с 3 героями + площадка + дискотека;;https://домгарри.рф/event;2026-10-09T19:37:04.800290+00:00
домгарри.рф;Дом Гарри;tickets;взрослые;Фотосессия с Сипухой;12 000 ₽;12000;;Пригласите фантастических животных на свой праздник;;https://домгарри.рф/event;2026-10-09T19:37:04.800290+00:00
домгарри.рф;Дом Гарри;tickets;взрослые;Фотосессия с Полярной совой;25 000 ₽;25000;;Пригласите фантастических животных на свой праздник;;https://домгарри.рф/event;2026-10-09T19:37:04.800290+00:00
домгарри.рф;Дом Гарри;tickets;взрослые;Шоу ученика Теслы, от;от 14 000 ₽;;;"Выходные: 12 000 ₽; Продолжительность: 40 минут";;https://домгарри.рф/event;2026-10-09T19:37:04.800290+00:00
домгарри.рф;Дом Гарри;tickets;взрослые;Мистери-бокс, от;от 9 000 ₽;;;5 000 ₽;;https://домгарри.рф/event;2026-10-09T19:37:04.800290+00:00
домгарри.рф;Дом Гарри;tickets;взрослые;Дискотека с любимым героем, выходные;7 000 ₽;7000;;"Выходные; Продолжительность: 1 ЧАс";;https://домгарри.рф/event;2026-10-09T19:37:04.800290+00:00
домгарри.рф;Дом Гарри;tickets;взрослые;Супер-квест с 4 героями, от;от 44 900 ₽;;;Сразу 4 любимых героя на ваш выбор;;https://домгарри.рф/event;2026-10-09T19:37:04.800290+00:00
домгарри.рф;Дом Гарри;tickets;взрослые;Муссовый торт, от;от 4700 ₽/кг;;;мин.вес - 1 кг;;https://домгарри.рф/event;2026-10-09T19:37:04.800290+00:00
домгарри.рф;Дом Гарри;tickets;взрослые;Бисквитный торт, от;от 6500 ₽/кг;;;мин.вес - 2 кг;;https://домгарри.рф/event;2026-10-09T19:37:04.800290+00:00
домгарри.рф;Дом Гарри;tickets;взрослые;Авторская Мафия с ведущим, от;от 7 000 ₽;;;Продолжительность: 1.5 ЧАсА;;https://домгарри.рф/event;2026-10-09T19:37:04.800290+00:00
домгарри.рф;Дом Гарри;tickets;взрослые;Выездной Хогвартс, от;от 4 900 ₽/час;;;Продолжительность: 1 Час;;https://домгарри.рф/event;2026-10-09T19:37:04.800290+00:00
домгарри.рф;Дом Гарри;tickets;взрослые;Квест с 1 актером, от;от 22 900 ₽;;;Выходные;;https://домгарри.рф/event;2026-10-09T19:37:04.800290+00:00
домгарри.рф;Дом Гарри;tickets;взрослые;Квест с 1 актером+ Мастер-класс на выбор, от;от 31 900 ₽;;;Выходные;;https://домгарри.рф/event;2026-10-09T19:37:04.800290+00:00
домгарри.рф;Дом Гарри;tickets;взрослые;Дед мороз на праздник;9 000 ₽;9000;;Будни и выходные;;https://домгарри.рф/event;2026-10-09T19:37:04.800290+00:00
домгарри.рф;Дом Гарри;tickets;взрослые;Аренда зала ГРИФФ + КОГ + ПУФ, будни;4 500 рублей/час;4500;;"Будни; Вместимость: до 35 человек";;https://домгарри.рф/halls;2026-10-09T19:37:04.800290+00:00
домгарри.рф;Дом Гарри;tickets;взрослые;Аренда зала ГРИФФ + КОГ + ПУФ, выходные/праздничные;5 500 рублей/час;5500;;"Выходные/Праздничные; Вместимость: до 35 человек";;https://домгарри.рф/halls;2026-10-09T19:37:04.800290+00:00
домгарри.рф;Дом Гарри;tickets;взрослые;Аренда всей площадки Дом Гарри, будни до 12:20;7 000 руб/ч;7000;;"Будни до 12:20; Вместимость: до 30 человек";;https://домгарри.рф/halls;2026-10-09T19:37:04.800290+00:00
домгарри.рф;Дом Гарри;tickets;взрослые;Аренда всей площадки Дом Гарри, будни;11 000 руб/ч;11000;;"Будни; Вместимость: до 30 человек";;https://домгарри.рф/halls;2026-10-09T19:37:04.800290+00:00
домгарри.рф;Дом Гарри;tickets;взрослые;Аренда всей площадки Дом Гарри, выходные/праздничные;19 000 руб/ч;19000;;"Выходные/Праздничные; Вместимость: до 30 человек";;https://домгарри.рф/halls;2026-10-09T19:37:04.800290+00:00
домгарри.рф;Дом Гарри;tickets;взрослые;Праздник, от;от 9 900 рублей;;;в зависимости от выбранной программы;;https://домгарри.рф/halls;2026-10-09T19:37:04.800290+00:00
домгарри.рф;Дом Гарри;tickets;взрослые;Праздники, от;от 19 900 руб.;;;"ДЕТСКИЕ ПРАЗДНИКИ; Взрослые ПРАЗДНИКИ";;https://домгарри.рф/halls;2026-10-09T19:37:04.800290+00:00
домгарри.рф;Дом Гарри;tickets;взрослые;Аренда площадки Дом Гарри, от;от 44 900 руб.;;;Вместимость: 40 чел.;;https://домгарри.рф/halls;2026-10-09T19:37:04.800290+00:00
домгарри.рф;Дом Гарри;tickets;взрослые;Аренда площадки Музей Гарри Поттера, от;от 24 900 руб.;;;Вместимость: 30 чел.;;https://домгарри.рф/halls;2026-10-09T19:37:04.800290+00:00
домгарри.рф;Дом Гарри;tickets;взрослые;Аренда площадки Подземелье Слизерин, от;от 19 900 руб.;;;Вместимость: 15 чел.;;https://домгарри.рф/halls;2026-10-09T19:37:04.800290+00:00
домгарри.рф;Дом Гарри;tickets;взрослые;"Аренда площадки Кофейня ""Три Метлы"", от";от 19 900 руб.;;;Вместимость: 15 чел.;;https://домгарри.рф/halls;2026-10-09T19:37:04.800290+00:00
домгарри.рф;Дом Гарри;free_rules;Дети до 3 лет;Экскурсия по дому Гарри;;;при посещении экскурсии по дому Гарри;бесплатно;always;https://домгарри.рф/;2026-10-09T19:37:04.800290+00:00
домгарри.рф;Дом Гарри;free_rules;Дети до 3 лет;Самостоятельное посещение;;;при самостоятельном посещении;бесплатно со взрослым;always;https://домгарри.рф/;2026-10-09T19:37:04.800290+00:00
домгарри.рф;Дом Гарри;free_rules;Дети до 3 лет;Мастер-классы;;;при мастер-классах;бесплатно со взрослым;always;https://домгарри.рф/;2026-10-09T19:37:04.800290+00:00
домгарри.рф;Дом Гарри;free_rules;Все посетители;Посещение;;;5-9 мая;принимаются только наличные;dated_event;https://домгарри.рф/;2026-10-09T19:37:04.800290+00:00
домгарри.рф;Дом Гарри;free_rules;Все посетители;Подземелье Слизерин;;;при посещении;"Произнесите ""Люмос"" при посещении и получите магический предмет в подарок";always;https://домгарри.рф/;2026-10-09T19:37:04.800290+00:00
домгарри.рф;Дом Гарри;free_rules;Все посетители;Дом Гарри;;;при посещении;бесплатно использовать микроволновую печь, холодильник, посуду, аудиосистему;always;https://домгарри.рф/;2026-10-09T19:37:04.800290+00:00
домгарри.рф;Дом Гарри;free_rules;Все посетители;Дом Гарри;;;при посещении;сладости: конфетки, печенье доступны бесплатно в любом количестве;always;https://домгарри.рф/;2026-10-09T19:37:04.800290+00:00
домгарри.рф;Дом Гарри;free_rules;Все посетители;Дом Гарри;;;при посещении;бесплатная парковка во дворе;always;https://домгарри.рф/;2026-10-09T19:37:04.800290+00:00
домгарри.рф;Дом Гарри;free_rules;Все посетители;Подземелье Слизерин;;;при посещении;бесплатная парковка во дворе;always;https://домгарри.рф/event;2026-10-09T19:37:04.800290+00:00
домгарри.рф;Дом Гарри;free_rules;Все посетители;Дом Гарри;;;при посещении;бесплатная экскурсия, продолжительность 30 минут;always;https://домгарри.рф/event;2026-10-09T19:37:04.800290+00:00
домгарри.рф;Дом Гарри;free_rules;Все посетители;Дом Гарри;;;при посещении;бесплатный просмотр, продолжительность 15 минут;always;https://домгарри.рф/halls;2026-10-09T19:37:04.800290+00:00
домгарри.рф;Дом Гарри;free_rules;Все посетители;Дом Гарри;;;при посещении;сладости: конфетки, печенье, пряники, вафельки бесплатны в любом количестве;always;https://домгарри.рф/halls;2026-10-09T19:37:04.800290+00:00
