name;address;category;themes;theme_source;sites;telegram;emails;phones;lat;lon;verification
A-s-t-r-a;4-й Сыромятнический пер., 1/8с9, Москва;Музеи;Другие / требуют уточнения;Предварительно по названию;;;;+7 (495) 203-08-88;55.756442;37.66581;Справочник: актуальность не проверена
Art ru;Озерковская наб., 26, Москва;Музеи;Другие / требуют уточнения;Предварительно по названию;http://agencyart.ru/;;agencyartru@gmail.com;+7 (977) 657-19-29;55.739615;37.637322;"Сайт доступен; запись музея требует проверки"
Art Story;Старопименовский пер., 14, Москва;Музеи;Другие / требуют уточнения;Предварительно по названию;http://art-story.com/;;info@art-story.com;+7 (495) 650-75-54;55.769798;37.603564;"Сайт доступен; запись музея требует проверки"
Art. Asia. Club;Средняя Первомайская ул., 4, Москва;Музеи;Другие / требуют уточнения;Предварительно по названию;;;;;55.796051;37.800604;Справочник: актуальность не проверена
Artbypolly;Тверская ул., 3, Москва;Музеи;Другие / требуют уточнения;Предварительно по названию;;;;;55.757339;37.613053;Справочник: актуальность не проверена
ArtMaison;Нижняя Красносельская ул., 35, стр. 23, Москва;Музеи;Другие / требуют уточнения;Предварительно по названию;;;;;55.775321;37.673964;Справочник: актуальность не проверена
ArtMaison;просп. Академика Сахарова, 7, Москва;Музеи;Другие / требуют уточнения;Предварительно по названию;;;;;55.771359;37.644266;Справочник: актуальность не проверена
Artmix;Большая Новодмитровская ул., 36, стр. 2, Москва;Музеи;Другие / требуют уточнения;Предварительно по названию;https://kartina-ponomeram-pofoto.ru/;;;;55.805101;37.585169;"Сайт доступен; запись музея требует проверки"
Az/art;ул. Маросейка, 11/4с1, Москва;Музеи;Другие / требуют уточнения;Предварительно по названию;https://azart.moscow/;https://t.me/azart_moscow;email@google.com, info@azart.moscow;+7 (495) 730-55-24, 74957305524;55.75775;37.635423;"Сайт доступен; запись музея требует проверки"
AZ/ART, центр современного искусства;улица Маросейка, 11 ст4;Музеи;Искусство и архитектура;Предварительно по названию;http://azart.moscow;https://t.me/azart_moscow;ec@azart.moscow, info@azart.moscow, pr@azart.moscow, shop@azart.moscow;+7 (495) 730‒55‒24, 74957305524;55.757764;37.635503;"Сайт доступен; запись музея требует проверки"
Bubble Love;ул. Новый Арбат, 15, Москва;Музеи;Другие / требуют уточнения;Предварительно по названию;https://tochkag.net/;;support@tochkag.net;8 (800) 302-35-31;55.751987;37.592803;"Сайт доступен; запись музея требует проверки"
Buckets empire, музей японских автомобилей;Ташкентская улица, 28 ст1;Музеи;Транспорт;Предварительно по названию;;https://t.me/bucketsempiremuseum, https://t.me/bucketsempire;;;55.69888;37.805791;Справочник: актуальность не проверена
Buckets empire, музей японских автомобилей;Ореховый бульвар, 22а;Музеи;Транспорт;Предварительно по названию;;https://t.me/bucketsempiremuseum, https://t.me/bucketsempire;;;55.612251;37.732739;Справочник: актуальность не проверена
Cube.Moscow, центр современного искусства;Тверская улица, 3;Музеи;Искусство и архитектура;Предварительно по названию;http://cube.moscow, https://www.cube.moscow/;https://t.me/cube_moscow, https://t.me/vmuzey;artdirector@cube.moscow, info@cube.moscow, pr@cube.moscow;;55.757433;37.612666;"Сайт доступен; запись музея требует проверки"
Era;Новая Басманная улица, 31 ст1;Музеи;Другие / требуют уточнения;Предварительно по названию;http://paleontologia.ru;https://t.me/era_galleryshop;mail:paleontologya@yandex.ru;;55.76985;37.666229;"Сайт доступен; запись музея требует проверки"
Fedini Gallery;ул. Сикорского, 11, Инновационный центр Сколково, Можайский район, Западный административный округ, Москва;Музеи;Искусство и архитектура;Предварительно по названию;http://fedini.art/;https://t.me/gallery_fedini;fg.nice.gallery@gmail.com;;55.681448;37.332874;"Сайт доступен; запись музея требует проверки"
Fineart Gallery;4-й Сыромятнический пер., 1/8с9, Москва;Музеи;Искусство и архитектура;Предварительно по названию;http://galleryfineart.ru/ru/, http://www.galleryfineart.ru/;https://t.me/galleryfineart;pr@galleryfineart.ru; +7(903)798-81-62, ;55.755971;37.665626;"Сайт доступен; запись музея требует проверки"
Frais, кондитерская фабрика;шоссе Энтузиастов, 54Б;Музеи;Другие / требуют уточнения;Предварительно по названию;http://frais.ru, http://frais.ru/muzey;https://t.me/frais_menedger;sales@frais.ru;+7 (499) 325‒62‒88, +74993256288;55.759381;37.761581;"Сайт доступен; запись музея требует проверки"
Frolov Gallery;4-й Сыромятнический пер., 1/8с9, Москва;Музеи;Искусство и архитектура;Предварительно по названию;;;;;55.756087;37.665786;Справочник: актуальность не проверена
Garage, музей современного искусства;улица Крымский Вал, 9 ст32;Музеи;Искусство и архитектура;Предварительно по названию;http://www.garagemca.org;https://t.me/garagemca;u003ewelcome@garagemca.org, welcome@garagemca.org, mediators@garagemca.org, library@garagemca.org, pg@garagemca.org, shop@garagemca.org, cafe@garagemca.org, tours@garagemca.org, openmuseum@garagemca.org, pr@garagemca.org, members@garagemca.org, corporate@garagemca.org, patronship@garagemca.org, events@garagemca.org, web@garagemca.org, screen@garagemca.org;+7 (495) 645‒05‒20, +74956450520, +79263331482;55.727847;37.601601;"Сайт доступен; запись музея требует проверки"
In Artibus foundation;Пречистенская наб., 17-19, Москва;Музеи;Другие / требуют уточнения;Предварительно по названию;http://inartibus.org/;https://t.me/inartibus;jonua@inartibus.org, INFO@INARTIBUS.ORG;+7 (495) 640-02-49, +74956400249;55.739543;37.605096;"Сайт доступен; запись музея требует проверки"
Luminar-X, иммерсивное арт-пространство;2-я Останкинская улица, 3;Музеи;Другие / требуют уточнения;Предварительно по названию;http://luminarx.ru;https://t.me/luminar_x;sales@luminarx.ru, business@luminarx.ru, support@luminarx.ru, press@luminarx.ru;+7 (495) 165‒10‒30, +74951651030, +7 (495) 165-10-30, +7 (916) 520-89-86;55.825848;37.627417;"Сайт доступен; запись музея требует проверки"
Megabricks, музей Лего;Халтуринская улица, 11;Музеи;Интерактивные и необычные;Предварительно по названию;http://megabricks.ru;;;;55.802017;37.72623;Справочник: актуальность не проверена
MelSpace;Болотная наб., 5, стр. 1, Москва;Музеи;Другие / требуют уточнения;Предварительно по названию;http://www.melspace.ru/;;;;55.740127;37.610564;"Сайт доступен; запись музея требует проверки"
Pop Up Museum;ул. Бутлерова, 17, Москва;Музеи;Другие / требуют уточнения;Предварительно по названию;https://popupmuseum.art/;;;;55.649802;37.539782;Справочник: актуальность не проверена
Sistema Gallery;Бобров пер., 4, стр. 4, Москва;Музеи;Искусство и архитектура;Предварительно по названию;;;;;55.764951;37.63405;Справочник: актуальность не проверена
Smile Park на ВДНХ, музей иллюзий;проспект Мира, 119 ст55;Музеи;Интерактивные и необычные;Предварительно по названию;http://msk.smile-park.ru;https://t.me/smilepark_kc_bot;support@smile-park.ru, vdnhphoto@bigcreative.fun;8‒800‒600‒58‒08, 84993258100;55.834986;37.623169;"Сайт доступен; запись музея требует проверки"
Vladey;Неглинная ул., 14, стр. 1А, Москва;Музеи;Другие / требуют уточнения;Предварительно по названию;http://vladey.net/;https://t.me/vladeygram;auction@vladey.net, prodavay@vladey.net, pravosledovania@vladey.net, pr@ovcharenko.art, da@vladey.net;+7 (495) 666-22-33, +74956662233;55.764265;37.620219;"Сайт доступен; запись музея требует проверки"
Wonderfoto;Спартаковская площадь, 14, стр. 4, Москва;Музеи;Другие / требуют уточнения;Предварительно по названию;;;;+7 (495) 012-52-80;55.776658;37.678395;Справочник: актуальность не проверена
Авиация;ул. Советской Армии, 2, стр. 1, Москва;Музеи;Транспорт;Предварительно по названию;;;;;55.784924;37.616799;Справочник: актуальность не проверена
Автомобили мира, музей;Самокатная улица, 4 ст34;Музеи;Транспорт;Предварительно по названию;http://automuseum.ru;https://t.me/automuseum_ru;info@automuseum.ru;+7 (495) 988‒80‒40, +74959888040;55.754878;37.674603;"Сайт доступен; запись музея требует проверки"
Автомузей Автомобили мира;Самокатная ул., 4, стр. 34, Москва;Музеи;Транспорт;Предварительно по названию;http://automuseum.ru/, https://automuseum.ru/?utm_source=yandexbusiness;https://t.me/automuseum_ru;info@automuseum.ru;+7 (495) 988-80-40, +74959888040;55.754881;37.67461;"Сайт доступен; запись музея требует проверки"
Администрация музея космонавтики;1-я Останкинская ул., 41/9, Москва;Музеи;Наука и техника;Предварительно по названию;;;;;55.824014;37.629155;Справочник: актуальность не проверена
Академгородок Митино;Новотушинский пр., 5, стр. 3, Москва;Музеи;Другие / требуют уточнения;Предварительно по названию;https://academgorodokmitino.ru/;https://t.me/lp_mitino;academgorodok_mitino@mail.ru;+79251618837;55.835378;37.380126;"Сайт доступен; запись музея требует проверки"
Академгородок, музей быта советских ученых;улица Маршала Новикова, 1;Музеи;Быт, ремёсла и гастрономия;Предварительно по названию;;;;;55.800554;37.469896;Справочник: актуальность не проверена
Академия Теслы;Новотушинский пр., 5, стр. 3, Москва;Музеи;Другие / требуют уточнения;Предварительно по названию;http://эйнштейн.дети/;;;;55.835544;37.38039;Справочник: актуальность не проверена
Алмазный фонд, выставочный зал;Кремль, 1р;Музеи;Другие / требуют уточнения;Предварительно по названию;http://www.gokhran.ru, http://www.kreml.ru;https://t.me/kremlinmuseums;gokhran@gokhran.ru, buro16@kreml.ru, buro15@kreml.ru, deti@kreml.ru, medvedeva@kreml.ru, head@kreml.ru, partners@kreml.ru, kazarian@kreml.ru, malygina@kreml.ru, press@kreml.ru, milovzorova@kreml.ru, faleev@kreml.ru, design@kreml.ru, blagov@kreml.ru, andreeva.m@kreml.ru, maria.zhulina@kreml.ru, nch@kreml.ru, library@kreml.ru, store@kreml.ru, g.mikhailova@kreml.ru, Julia.Kh@kreml.ru, job@kreml.ru;+7 (495) 629‒20‒36, +7 (495) 697‒03‒49, +74956970349, +74956954631, +74956954146, +74956903094, +74956957581, +74956974115, null, +74956959558, +74956959723, +74956904858, +74956954187, +74956978086, +74956957927, +74956959665, +74956958541, +74956975579, +74956974361, +74956956649, +74956974062, +74956454631, +74956240902, +74956953812, +74956953912, +74956959887, +74956970878, +74956959575, +74956240264, +74956959842, +74956957064, +74956953998, +74956976096, +74956956575;55.749525;37.613816;"Сайт доступен; запись музея требует проверки"
Ангстрем;Москва, Зеленоградский административный округ, площадь Шокина, 2, стр. 3;Музеи;Транспорт;Предварительно по названию;https://museum.angstrem.ru/;;museum@angstrem.ru;+7 (499) 720-80-46;55.981899;37.213703;Справочник: актуальность не проверена
Андреевский Зал;Манежная ул., 2/10с2, Москва;Музеи;Другие / требуют уточнения;Предварительно по названию;;;;;55.750161;37.61565;Справочник: актуальность не проверена
Ансамбль колокольни Иван Великий, Московский Кремль;Кремль, 1ж;Музеи;История и культура;Предварительно по названию;http://ivan-the-great-bell-tower.kreml.ru, http://www.kreml.ru;https://t.me/kremlinmuseums;buro16@kreml.ru, buro15@kreml.ru, deti@kreml.ru, medvedeva@kreml.ru, head@kreml.ru, partners@kreml.ru, kazarian@kreml.ru, malygina@kreml.ru, press@kreml.ru, milovzorova@kreml.ru, faleev@kreml.ru, design@kreml.ru, blagov@kreml.ru, andreeva.m@kreml.ru, maria.zhulina@kreml.ru, nch@kreml.ru, library@kreml.ru, store@kreml.ru, g.mikhailova@kreml.ru, Julia.Kh@kreml.ru, job@kreml.ru;+7 (495) 697‒03‒49, +74956970349, +74956954631, +74956954146, +74956903094, +74956957581, +74956974115, null, +74956959558, +74956959723, +74956904858, +74956954187, +74956978086, +74956957927, +74956959665, +74956958541, +74956975579, +74956974361, +74956956649, +74956974062, +74956454631, +74956240902, +74956953812, +74956953912, +74956959887, +74956970878, +74956959575, +74956240264, +74956959842, +74956957064, +74956953998, +74956976096, +74956956575;55.750959;37.618154;"Сайт доступен; запись музея требует проверки"
Ансамбль усадьбы Царицыно, Большой дворец;Дольская ул., 1, стр. 6, Москва;Музеи;История и культура;Предварительно по названию;http://tsaritsyno-museum.ru/;https://t.me/tsaritsyno_museum;tickets-vozvrat_ts@culture.mos.ru, buro_ts@culture.mos.ru, comifo_ts@culture.mos.ru, sport_ts@culture.mos.ru, tsaritsynomuseum@culture.mos.ru, press.tsaritsyno@culture.mos.ru, personal_ts@culture.mos.ru, tsaritsyno@culture.mos.ru, TSMR-Friends@culture.mos.ru, GrishinaEA@culture.mos.ru;+7 (495) 322-44-33, +74953224433, +74953253141, +79015243114, +79260015659, +74953218609;55.615396;37.682108;"Сайт доступен; запись музея требует проверки"
Аптекарский огород, викторная оранжерея;просп. Мира, 26, стр. 1, Москва;Музеи;Другие / требуют уточнения;Предварительно по названию;http://hortus.msu.ru/;https://t.me/hortus_ru;info@hortus.msu.ru, excursions@hortus.msu.ru, edubgmu@gmail.com, tickets@hortus.msu.ru, eva@hortus.msu.ru, pr.hortus@yandex.ru, partner@hortus.msu.ru, masterclass@hortus.msu.ru;+7 (495) 680-67-65, +7 (495) 680-72-22, +7%20(967)%20178-18-77;55.777912;37.632945;"Сайт доступен; запись музея требует проверки"
Аптекарский огород, Храм флоры и искусства;просп. Мира, 26, стр. 10, Москва;Музеи;Искусство и архитектура, Природа и естествознание, Религия и духовная культура;Предварительно по названию;;;;;55.777376;37.635955;Справочник: актуальность не проверена
Аптекарский приказ;ул. Воздвиженка, 5/25с19, Москва;Музеи;Другие / требуют уточнения;Предварительно по названию;;;;;55.752129;37.60768;Справочник: актуальность не проверена
АР Деко;Лужнецкая наб., 2/4с4, Москва;Музеи;Другие / требуют уточнения;Предварительно по названию;http://artdecomuseum.ru/;https://t.me/artdecomuseum;info@artdecomuseum.ru, kvadr-7@mail.ru, mari_bern@mail.ru;+7 (495) 639-94-92;55.715265;37.57389;"Сайт доступен; запись музея требует проверки"
Арка Марка;Зубовский бул., 15, стр. 1, Москва;Музеи;Другие / требуют уточнения;Предварительно по названию;https://goslitmuz.ru/children/arka_marka;https://t.me/arkamarka_centre, https://t.me/calendar_kids, https://t.me/literaturemuseum;arkamarka@goslitmuz.ru, ex@goslitmuz.ru;+7 (495) 695-53-08;55.736004;37.591563;"Сайт доступен; запись музея требует проверки"
Армянский музей Москвы и культуры наций;проспект Мира, 33 к1;Музеи;Другие / требуют уточнения;Предварительно по названию;http://www.armmuseum.ru;https://t.me/armmuseum, https://t.me/armsouvenir;info@armmuseum.ru;+7 (495) 797‒67‒04;55.780471;37.63195;"Сайт доступен; запись музея требует проверки"
Арт-Изба у Лиса;Измайловское ш., 73Ж, стр. 1, Москва;Музеи;Другие / требуют уточнения;Предварительно по названию;;;;;55.794291;37.750018;Справочник: актуальность не проверена
Арт-Наив-Парк;Москва, Восточный административный округ, район Новогиреево, 5-й проспект Новогиреева;Музеи;Другие / требуют уточнения;Предварительно по названию;http://naive-museum.ru/;https://t.me/musnaive;mrlini@culture.mos.ru, musnaive@gmail.com;+74956085221;55.750216;37.813604;"Сайт доступен; запись музея требует проверки"
АртДинамикс;Нижний Сусальный пер., 5, стр. 10, Москва;Музеи;Другие / требуют уточнения;Предварительно по названию;https://artdynamics.ru/msk;https://t.me/artdynamics;info@artdynamics.ru;+79152134929, +79810486336;55.760652;37.664253;"Сайт доступен; запись музея требует проверки"
АртДинамикс, музей;Нижний Сусальный переулок, 5 ст10;Музеи;Другие / требуют уточнения;Предварительно по названию;http://artdynamics.ru;https://t.me/artdynamics;info@artdynamics.ru;+79152134929, +79810486336;55.760731;37.664217;"Сайт доступен; запись музея требует проверки"
Артиллерийский двор Исторического музея;Никольская ул., 5/1с1, Москва;Музеи;История и культура;Предварительно по названию;http://www.shm.ru/;https://t.me/state_historical_museum, https://t.me/stbasilscathedral;visitor@shm.ru, tula.visitor@shm.ru;+7 (495) 692-37-31, +7 (495) 692-40-19, +74956923731, +74956983304, +74956982497, +74956981256, +74956982658, +74872773165;55.755757;37.61884;"Сайт доступен; запись музея требует проверки"
Артиллерийский двор, выставочный комплекс;Никольская улица, 5/1 ст1;Музеи;Другие / требуют уточнения;Предварительно по названию;http://www.shm.ru;https://t.me/gim_andm, https://t.me/state_historical_museum, https://t.me/stbasilscathedral;tula.visitor@shm.ru, visitor@shm.ru;+7 (495) 692‒37‒31, +7 (495) 692‒40‒19, +7 (495) 692‒59‒64, +74956923731, +74956983304, +74956982497, +74956981256, +74956982658, +74872773165;55.755484;37.618808;"Сайт доступен; запись музея требует проверки"
Архангельский собор, Московский Кремль;Кремль, 1е;Музеи;История и культура, Религия и духовная культура;Предварительно по названию;http://archangel-cathedral.kreml.ru/, http://www.kreml.ru;https://t.me/kremlinmuseums;buro16@kreml.ru, buro15@kreml.ru, deti@kreml.ru, medvedeva@kreml.ru, head@kreml.ru, partners@kreml.ru, kazarian@kreml.ru, malygina@kreml.ru, press@kreml.ru, milovzorova@kreml.ru, faleev@kreml.ru, design@kreml.ru, blagov@kreml.ru, andreeva.m@kreml.ru, maria.zhulina@kreml.ru, nch@kreml.ru, library@kreml.ru, store@kreml.ru, g.mikhailova@kreml.ru, Julia.Kh@kreml.ru, job@kreml.ru;+7 (495) 697‒03‒49, +74956970349, +74956954631, +74956954146, +74956903094, +74956957581, +74956974115, null, +74956959558, +74956959723, +74956904858, +74956954187, +74956978086, +74956957927, +74956959665, +74956958541, +74956975579, +74956974361, +74956956649, +74956974062, +74956454631, +74956240902, +74956953812, +74956953912, +74956959887, +74956970878, +74956959575, +74956240264, +74956959842, +74956957064, +74956953998, +74956976096, +74956956575;55.750228;37.617733;"Сайт доступен; запись музея требует проверки"
Атом;просп. Мира, 119, стр. 19А, Москва;Музеи;Наука и техника;Предварительно по названию;https://atom.museum/;https://t.me/atommuseum;info@atom.museum, tour@atom.museum, press@atom.museum;+7 (499) 673-92-30, 88003017777, +74996739230, +74996739231;55.832452;37.624757;"Сайт доступен; запись музея требует проверки"
Басмания, музей Басманного района;Бауманская улица, 58а;Музеи;Другие / требуют уточнения;Предварительно по названию;http://basmania.ru;https://t.me/basmaniamuseum;basmania.2017@gmail.com, basmania@yandex.ru;;55.768368;37.678719;"Сайт доступен; запись музея требует проверки"
Басмания, художественная выставка;Новорязанская улица, 26 ст1;Музеи;Искусство и архитектура;Предварительно по названию;http://basmania.ru;https://t.me/basmaniamuseum;basmania.2017@gmail.com, basmania@yandex.ru;;55.771698;37.666973;"Сайт доступен; запись музея требует проверки"
Башня Братского острога;просп. Андропова, 39, стр. 11, Москва;Музеи;Другие / требуют уточнения;Предварительно по названию;http://www.mgomz.ru/ekspozitsii/bashnya-bratskogo-ostroga-vneshniy-osmotr-obekta;https://t.me/kolomenskoe_moscow;;;55.673088;37.678585;"Сайт доступен; запись музея требует проверки"
Белый воробей;Волгоградский просп., 17, стр. 1, Москва;Музеи;Другие / требуют уточнения;Предварительно по названию;https://belvorobey.ru/;https://t.me/belvorobey;contact@belvorobey.ru;+79055057407;55.729017;37.680037;"Сайт доступен; запись музея требует проверки"
Белый Воробей, музей;Волгоградский проспект, 17 ст1;Музеи;Другие / требуют уточнения;Предварительно по названию;http://belvorobey.ru;https://t.me/belvorobey;contact@belvorobey.ru;+79055057407;55.72907;37.680115;"Сайт доступен; запись музея требует проверки"
Бестиарий, криптозоологический музей;площадь Киевского вокзала, 2;Музеи;Природа и естествознание;Предварительно по названию;http://moscow-bestiary.ru;https://t.me/bestiary_space;;+79035077758;55.744951;37.566187;"Сайт доступен; запись музея требует проверки"
Библейский музей;Лазоревый пр., 15, стр. 1, Москва;Музеи;Религия и духовная культура;Предварительно по названию;http://sviblovoprav.mskobr.ru/;;;;55.853707;37.631793;"Сайт доступен; запись музея требует проверки"
Библиотека № 161;Загородное ш., 9, стр. 1, Москва;Музеи;Религия и духовная культура;Предварительно по названию;;;;+7 (495) 682-42-22;55.692827;37.607386;Справочник: актуальность не проверена
Биотех;просп. Мира, 119, стр. 30, Москва;Музеи;Другие / требуют уточнения;Предварительно по названию;https://biotechmuseum.fbras.ru/;;;;55.835031;37.618702;"Сайт доступен; запись музея требует проверки"
Биотех, музей;проспект Мира, 119 ст30;Музеи;Другие / требуют уточнения;Предварительно по названию;http://biotechmuseum.fbras.ru;https://t.me/fbras_ru;biotechmuseum@fbras.ru, press@fbras.ru;;55.835092;37.618738;"Сайт доступен; запись музея требует проверки"
Благовещенский собор, Московский Кремль;Кремль, 1в;Музеи;История и культура, Религия и духовная культура;Предварительно по названию;http://annunciation-cathedral.kreml.ru, http://www.kreml.ru;https://t.me/kremlinmuseums;buro16@kreml.ru, buro15@kreml.ru, deti@kreml.ru, medvedeva@kreml.ru, head@kreml.ru, partners@kreml.ru, kazarian@kreml.ru, malygina@kreml.ru, press@kreml.ru, milovzorova@kreml.ru, faleev@kreml.ru, design@kreml.ru, blagov@kreml.ru, andreeva.m@kreml.ru, maria.zhulina@kreml.ru, nch@kreml.ru, library@kreml.ru, store@kreml.ru, g.mikhailova@kreml.ru, Julia.Kh@kreml.ru, job@kreml.ru;+7 (495) 697‒03‒49, +74956970349, +74956954631, +74956954146, +74956903094, +74956957581, +74956974115, null, +74956959558, +74956959723, +74956904858, +74956954187, +74956978086, +74956957927, +74956959665, +74956958541, +74956975579, +74956974361, +74956956649, +74956974062, +74956454631, +74956240902, +74956953812, +74956953912, +74956959887, +74956970878, +74956959575, +74956240264, +74956959842, +74956957064, +74956953998, +74956976096, +74956956575;55.750116;37.616932;"Сайт доступен; запись музея требует проверки"
Большая каменная оранжерея, музей;улица Юности, 2 ст7;Музеи;Другие / требуют уточнения;Предварительно по названию;http://kuskovo.ru, http://kuskovo.ru/;https://t.me/kuskovo_museum;support@russpass.ru, zakaz@kuskovo.ru, museum_kuskovo@mail.ru, pr@kuskovo.ru, AvdoninSV@culture.mos.ru, OvchinnikovaOA1@culture.mos.ru, GrigorevaEY@culture.mos.ru, EreminaOI1@culture.mos.ru, GribovaIM@culture.mos.ru, KovalskayaEB@culture.mos.ru, OsipovaNP1@culture.mos.ru, SemchenkoSA@culture.mos.ru;+7 (495) 370‒01‒50, +7 (495) 370-01-50, +7 (495) 375-31-31, %0A+74953753131%0A, +74953753131;55.738316;37.810095;"Сайт доступен; запись музея требует проверки"
Большое винохранилище;4-й Сыромятнический пер., 1/8с9, Москва;Музеи;Другие / требуют уточнения;Предварительно по названию;;;;;55.756368;37.666057;Справочник: актуальность не проверена
Большой дворец, музей;Дольская улица, 1 ст6;Музеи;Другие / требуют уточнения;Предварительно по названию;http://tsaritsyno-museum.ru;https://t.me/tsaritsyno_museum;tickets-vozvrat_ts@culture.mos, buro_ts@culture.mos.ru, comifo_ts@culture.mos.ru, sport_ts@culture.mos.ru, tsaritsynomuseum@culture.mos.ru, press.tsaritsyno@culture.mos.ru, personal_ts@culture.mos.ru, tsaritsyno@culture.mos.ru, TSMR-Friends@culture.mos.ru, GrishinaEA@culture.mos.ru;+7 (495) 322‒44‒33, +74953224433, +74953253141, +79015243114, +79260015659, +74953218609;55.615527;37.681375;"Сайт доступен; запись музея требует проверки"
Бородинская битва, музей-панорама;Кутузовский проспект, 38 ст1;Музеи;Другие / требуют уточнения;Предварительно по названию;http://1812panorama.ru;https://t.me/panorama1812;bindalovayv@culture.mos, kulikovaoi4@culture.mos, lvovsv@culture.mos, museiborodbitva@culture.mos, pavlenkovv@culture.mos, popiashviliaz@culture.mos, puzanovavi@culture.mos, savinovay@culture.mos, shishkinaeb@culture.mos, shurbinavn@culture.mos, zboevskayamy@culture.mos;+7 (499) 148‒18‒75, +7 (499) 148‒19‒27;55.738789;37.523245;"Сайт доступен; запись музея требует проверки"
Ботанический сад МГУ имени М.В. Ломоносова Аптекарский огород;просп. Мира, 26, стр. 1, Москва;Музеи;Природа и естествознание;Предварительно по названию;https://hortus.msu.ru/;https://t.me/hortus_ru;info@hortus.msu.ru, excursions@hortus.msu.ru, edubgmu@gmail.com, tickets@hortus.msu.ru, eva@hortus.msu.ru, pr.hortus@yandex.ru, partner@hortus.msu.ru, masterclass@hortus.msu.ru;+7 (495) 680-67-65, +7 (495) 680-72-22, +7%20(967)%20178-18-77;55.7776;37.635061;"Сайт доступен; запись музея требует проверки"
Бродильный цех;4-й Сыромятнический пер., 1/8с9, Москва;Музеи;Другие / требуют уточнения;Предварительно по названию;https://winzavod.ru/residents/places/;https://t.me/cca_winzavod;tour@winzavod.ru, kids@winzavod.ru, winzavod@winzavod.ru, uk@winzavod.ru, uk2@winzavod.ru;+7 (495) 917-46-46, +79689267236, +74959174646, +89055199950, +89661688455;55.755971;37.665577;"Сайт доступен; запись музея требует проверки"
Булгаковский Дом, музей;Большая Садовая улица, 10;Музеи;Писатели и литература;Предварительно по названию;http://dombulgakova.ru;https://t.me/theatre_bulgakova;info@dombulgakova.ru, zakaz@dombulgakova.ru, consultant@dombulgakova.ru, expo@dombulgakova.ru;+7 (495) 775‒94‒61, +7 (495) 970‒06‒19, +74959700619, +74957759461, +7%20495%20970%200619, +79169183743, +79032603013;55.767184;37.59363;"Сайт доступен; запись музея требует проверки"
Бункер-42;5-й Котельнический пер., 11, Москва;Музеи;Военная история;Предварительно по названию;https://bunker42.com/;https://t.me/b42coldwar, https://t.me/bunker42xlobot;;+7 (495) 500-05-53, +7 (499) 703-00-77, +7 (499) 703-44-55, +7(499) 703-44-55, +7(985) 790-00-82;55.741754;37.649256;"Сайт доступен; запись музея требует проверки"
Бункер-42 на Таганке, музей холодной войны;5-й Котельнический переулок, 11;Музеи;Военная история;Предварительно по названию;http://bunker42.com;https://t.me/b42coldwar, https://t.me/bunker42xlobot;rest@bunker42.com, zakaz@bunker42.com;+7 (499) 703‒44‒55, +7(499) 703-44-55, +7(985) 790-00-82;55.741785;37.649275;"Сайт доступен; запись музея требует проверки"
Бункер-703;2-й Новокузнецкий пер., 14, стр. 1, Москва;Музеи;Военная история;Предварительно по названию;https://bunker703.ru/;https://t.me/v_bunkere_ne_strashno, https://t.me/bunker703;bunker703@mail.ru, bunkermoscow@yandex.ru, moscowbunker703@gmail.com;;55.734349;37.630291;"Сайт доступен; запись музея требует проверки"
Бункер-703, музей современной фортификации;2-й Новокузнецкий переулок, 14 ст1;Музеи;Военная история;Предварительно по названию;http://bunker703.ru;https://t.me/bunker703, https://t.me/v_bunkere_ne_strashno;bunker703@mail.ru, bunkermoscow@yandex.ru, moscowbunker703@gmail.com;;55.734372;37.630324;"Сайт доступен; запись музея требует проверки"
Бункер-музей Подземная Москва;Мантулинская ул., 7, стр. 33, Москва;Музеи;Военная история;Предварительно по названию;https://podzemnayamoskva.ru/?r=yandex;https://t.me/vnizu_ru, https://t.me/v_bunkere_ne_strashno;bomb@vnizu.ru, bunkermoscow@yandex.ru, conf@vnizu.ru, vnizu@vnizu.ru;+7 (495) 369-00-43;55.754007;37.544793;"Сайт доступен; запись музея требует проверки"
Буран, интерактивный музейный комплекс;проспект Мира, 119 ст333;Музеи;Интерактивные и необычные;Предварительно по названию;http://vdnh.ru;;457227b83f0142d7b132b18b3e2b6238@glitchtip.vdnh, admin_museum@vdnh.ru, adv@vdnh.ru, doverie@vdnh.ru, events@vdnh.ru, expo@vdnh.ru, info@moskvarium.ru, info@vdnh.ru, it@vdnh.ru, kantropov@vdnh.ru, lektorij@vdnh.ru, loyalty@vdnh.ru, museum@vdnh.ru, ngoncharova@vdnh.ru, orion@vdnh.ru, orionpartners@vdnh.ru, orionpr@vdnh.ru, partners@vdnh.ru, press@vdnh.ru, rabota@vdnh.ru, rent@vdnh.ru, souvenirs@vdnh.ru, tickets@vdnh.ru, tour_registration@vdnh.ru, tour@atom.museum, zamnieva@vdnh.ru, app@vdnh.ru, cosmos@vdnh.ru;+7 (495) 544‒34‒00, 8(495) 544-34-00, +74957483420, +74955443400, +74957483480, +74959743366, +74959743535, +79859696055, +74959743302, +79166331083, +74991810396, +74997602585;55.832001;37.623105;"Сайт доступен; запись музея требует проверки"
Буратино-Пиноккио, музей;2-я Парковая улица, 18;Музеи;Интерактивные и необычные;Предварительно по названию;http://domskazok.su, http://domskazok.su/, https://domskazok.su/buratino;https://t.me/domskazok_moskva;domskazok1995@mail.ru, fond@domskazok.su, info@domskazok.su;+7 (499) 164‒05‒76, +7 (499) 164-05-76, +79680510955, +79160871223, +79936155959, +74991640576;55.791145;37.781539;"Сайт доступен; запись музея требует проверки"
В далёкой-далёкой Галактике, выставка-косплей;проспект Мира, 119 ст21;Музеи;Другие / требуют уточнения;Предварительно по названию;http://sw-cosplay.ru;https://t.me/swcosplay;info@sw-cosplay.ru;+7 (499) 643‒82‒38, +74996438238, 84996438238;55.832472;37.620273;"Сайт доступен; запись музея требует проверки"
В Тишине;Пятницкая ул., 76, Москва;Музеи;Интерактивные и необычные;Предварительно по названию;http://museuminsilence.ru/;https://t.me/museuminsilencebot, https://t.me/museuminsilence;info@museuminsilence.ru;+7 925 859 44 45;55.730859;37.625422;"Сайт доступен; запись музея требует проверки"
В Тишине, музей;Пятницкая улица, 76 ст5;Музеи;Интерактивные и необычные;Предварительно по названию;http://museuminsilence.ru;https://t.me/museuminsilencebot, https://t.me/museuminsilence;info@museuminsilence.ru;+7 925 859 44 45;55.730894;37.625621;"Сайт доступен; запись музея требует проверки"
ВДНХ, администрация;просп. Мира, 119, стр. 164, Москва;Музеи;Другие / требуют уточнения;Предварительно по названию;https://vdnh.ru/;;info@vdnh.ru, press@vdnh.ru, app@vdnh.ru, tickets@vdnh.ru, admin_museum@vdnh.ru, tour_registration@vdnh.ru, museum@vdnh.ru, expo@vdnh.ru, events@vdnh.ru, souvenirs@vdnh.ru, adv@vdnh.ru, partners@vdnh.ru, rabota@vdnh.ru, cosmos@vdnh.ru;+7 (495) 544-34-00, 8(495) 544-34-00, +74957483420, +74955443400, +74957483480, +74959743366, +74959743535, +79859696055, +74959743302, +79166331083, +74991810396, +74997602585;55.827111;37.625015;"Сайт доступен; запись музея требует проверки"
Вера и люди в Советском Союзе, музей;Петровский бульвар, 10;Музеи;Другие / требуют уточнения;Предварительно по названию;;;podspudom@yandex.ru;;55.766683;37.617813;Справочник: актуальность не проверена
Вернисаж в Измайлово;Измайловское ш., 73Ж, Москва;Музеи;История и культура;Предварительно по названию;;;;;55.794545;37.750705;Справочник: актуальность не проверена
Визит центр;ул. Тюрина, 1, Москва;Музеи;Другие / требуют уточнения;Предварительно по названию;;;;;55.618925;37.672674;Справочник: актуальность не проверена
Внутри человека;просп. Мира, 119, стр. 55, Москва;Музеи;Другие / требуют уточнения;Предварительно по названию;;;;;55.835626;37.623461;Справочник: актуальность не проверена
Водяная мельница на речке Жуже, музей;проспект Андропова, 39 ст62;Музеи;Другие / требуют уточнения;Предварительно по названию;http://mgomz.ru;https://t.me/kolomenskoe_moscow;;+7 (499) 615‒27‒68, +7 (499) 615‒27‒71;55.672073;37.680209;"Сайт доступен; запись музея требует проверки"
Военно-исторический музей Героя СССР, лётчицы Т. П. Макаровой;6-я Радиальная ул., 10, Москва;Музеи;Военная история, История и культура;Предварительно по названию;;;;;55.609749;37.663619;Справочник: актуальность не проверена
Военно-патриотический музей И не помнить об этом нельзя;ул. Бехтерева, 17А, Москва;Музеи;Военная история;Предварительно по названию;;;;;55.632301;37.6521;Справочник: актуальность не проверена
Военно-патриотический музей и не помнить об этом нельзя;ул. Бехтерева, 21, корп. 2, Москва;Музеи;Военная история;Предварительно по названию;;;;;55.630274;37.65225;Справочник: актуальность не проверена
Вологодский Дом;Староконюшенный пер., 4, стр. 5, Москва;Музеи;Другие / требуют уточнения;Предварительно по названию;;;;;55.744069;37.595573;Справочник: актуальность не проверена
Воробьёвы горы, эколого-просветительский центр;Андреевская набережная, 1 к3;Музеи;Природа и естествознание;Предварительно по названию;http://ecocenter-vg.tilda.ws;https://t.me/ecocentervgmos;info@ecocenter-vg.ru, kolesovaev@ecocenter-vg.ru;+7 (495) 225‒65‒82, +7 (495) 225‒65‒92, +7 (495) 225‒65‒93;55.712587;37.577341;"Сайт доступен; запись музея требует проверки"
Всероссийский музей декоративного искусства;Делегатская улица, 3 ст1;Музеи;Искусство и архитектура;Предварительно по названию;http://damuseum.ru;https://t.me/damuseum;e-mail@mail.ru, marketing.damuseum@yandex.ru, mpc-vmdpni@yandex.ru, u.sergunina@damuseum.ru;+7 (495) 609‒01‒46, +7 (499) 973‒32‒14, +74999733214, +74956090146, +74993900243;55.774954;37.609444;"Сайт доступен; запись музея требует проверки"
Всероссийский музей декоративного искусства;Делегатская ул., 3, Москва;Музеи;Искусство и архитектура;Предварительно по названию;https://damuseum.ru/;https://t.me/damuseum;e-mail@mail.ru, marketing.damuseum@yandex.ru, mpc-vmdpni@yandex.ru;+7 (495) 609-01-46, +7 (499) 973-32-14, +74999733214, +74956090146, +74993900243;55.774664;37.60973;"Сайт доступен; запись музея требует проверки"
Всероссийский физкультурно-спортивный комплекс Готов к труду и обороне;ул. Казакова, 18, стр. 1, Москва;Музеи;Спорт;Предварительно по названию;http://www.museumsport.ru/;https://t.me/museumsport;metodsportsmus@mail.ru, tour.spb@museumsport.ru;+7 (499) 941-07-73, +74999410773;55.762646;37.669073;"Сайт доступен; запись музея требует проверки"
Вы находитесь здесь;;Музеи;Другие / требуют уточнения;Предварительно по названию;;;;;55.834313;37.621754;Справочник: актуальность не проверена
Выставка Алмазный фонд Гохрана России;Кремлёвская наб., 1, стр. 3, Москва;Музеи;Другие / требуют уточнения;Предварительно по названию;http://tickets.gokhran.ru/, http://www.gokhran.ru/, http://www.gokhran.ru/ru/diamond-fund/;;gokhran@gokhran.ru;+7 (495) 629-20-36;55.749593;37.613807;"Сайт доступен; запись музея требует проверки"
Выставка достижений народного хозяйства;просп. Мира, 119В, Москва;Музеи;История и культура;Предварительно по названию;https://official.vdnh.ru/, https://vdnh.ru/;;info@vdnh.ru, rabota@vdnh.ru, press@vdnh.ru, museum@vdnh.ru, ngoncharova@vdnh.ru, kantropov@vdnh.ru, zamnieva@vdnh.ru, partners@vdnh.ru, adv@vdnh.ru, events@vdnh.ru, rent@vdnh.ru, expo@vdnh.ru, it@vdnh.ru, app@vdnh.ru, tickets@vdnh.ru, admin_museum@vdnh.ru, tour_registration@vdnh.ru, souvenirs@vdnh.ru, cosmos@vdnh.ru;8(495) 544-34-00, +74957483420, +74955443400, +74957483480, +74959743366, +74959743535, +79859696055, +74959743302, +79166331083, +74991810396, +74997602585;55.826249;37.637578;"Сайт доступен; запись музея требует проверки"
Выставочно-торговый центр Киргизской Республики;просп. Мира, 119, стр. 4, Москва;Музеи;Другие / требуют уточнения;Предварительно по названию;https://vdnh.ru/;;info@vdnh.ru, loyalty@vdnh.ru, tickets@vdnh.ru, press@vdnh.ru, app@vdnh.ru, admin_museum@vdnh.ru, tour_registration@vdnh.ru, museum@vdnh.ru, expo@vdnh.ru, events@vdnh.ru, souvenirs@vdnh.ru, adv@vdnh.ru, partners@vdnh.ru, rabota@vdnh.ru, cosmos@vdnh.ru;+7 (495) 544-34-00, 8(495) 544-34-00, +74957483420, +74955443400, +74957483480, +74959743366, +74959743535, +79859696055, +74959743302, +79166331083, +74991810396, +74997602585;55.828565;37.630378;"Сайт доступен; запись музея требует проверки"
Выставочное пространство Музея транспорта Москвы;Андропова проспект, 11 к2;Музеи;Транспорт, Спорт;Предварительно по названию;http://mtmuseum.ru;https://t.me/mtmuseum;donate@mtmuseum.com, donate@mtmuseum.ru, followme@mtmuseum.ru, hr@mtmuseum.ru, komshina@mtmuseum.ru, pr@mtmuseum.ru, tickets@mtmuseum.com, tickets@mtmuseum.ru, partners@mtmuseum.ru, service@mtmuseum.ru;+7 (495) 369‒26‒75, +74953692675, +79916449118;55.689779;37.676123;"Сайт доступен; запись музея требует проверки"
Выставочное пространство Музея Транспорта Москвы;Ленинградское ш., 51, Москва;Музеи;Транспорт, Спорт;Предварительно по названию;https://mtmuseum.ru/;https://t.me/mtmuseum;partners@mtmuseum.ru, pr@mtmuseum.ru, service@mtmuseum.ru, followme@mtmuseum.ru, tickets@mtmuseum.ru, hr@mtmuseum.ru;+7 (495) 369-26-75, +74953692675, +79916449118;55.851106;37.467131;"Сайт доступен; запись музея требует проверки"
Выставочное пространство Музея Транспорта Москвы;просп. Андропова, 11, корп. 2, Москва;Музеи;Транспорт, Спорт;Предварительно по названию;https://mtmuseum.ru/, https://mtmuseum.ru/urv;https://t.me/mtmuseum;partners@mtmuseum.ru, pr@mtmuseum.ru, service@mtmuseum.ru, followme@mtmuseum.ru, tickets@mtmuseum.ru, hr@mtmuseum.ru;+7 (495) 369-26-75, +74953692675, +79916449118;55.689837;37.676194;"Сайт доступен; запись музея требует проверки"
Выставочный зал государственного музея имени А.С. Пушкина;Денежный пер., 30, Москва;Музеи;Другие / требуют уточнения;Предварительно по названию;http://pushkinmuseum.ru/?q=node/5, http://www.pushkinmuseum.ru/;https://t.me/pushkin_museum;info@a-s-pushkinmus.ru, pushkinmus@culture.mos.ru, %20pushkinmus@culture.mos.ru, DolokhovaYV@culture.mos.ru, presspr@pushkinmuseum.ru;+7 (495) 637-56-74, +7 (499) 241-78-99;55.747025;37.585503;"Сайт доступен; запись музея требует проверки"
Выставочный зал Л.Н.Толстого;Пятницкая ул., 12, стр. 1, Москва;Музеи;Другие / требуют уточнения;Предварительно по названию;http://tolstoymuseum.ru/;https://t.me/tolstoymuseum;info@tolstoymuseum.ru, feyn.yu@tolstoymuseum.ru;+7 (495) 951-58-08, +7 (495) 951-64-40, +74956377410, +74997669761, +74956377518, +74992469444, +79857416341, +74959515808, +74746426092, +78793232087;55.743387;37.627863;"Сайт доступен; запись музея требует проверки"
Выставочный зал музейно-экспозиционного фонда Банка России;улица Кузнецкий Мост, 9/10;Музеи;Другие / требуют уточнения;Предварительно по названию;http://museum.cbr.ru;https://t.me/museumcbr;expo@cbr.ru;+7 (495) 771‒40‒07, +7 (495) 771‒41‒80, 8‒800‒300‒30‒00;55.761876;37.620681;"Сайт доступен; запись музея требует проверки"
Выставочный зал Музея Зеленограда;Зеленоград, к1410;Музеи;Другие / требуют уточнения;Предварительно по названию;http://mosmuseum.ru/association/zelenograd/, https://mosmuseum.ru/;https://t.me/mosmuseum, https://t.me/mosburomm, https://t.me/muzarhmos, https://t.me/m_sadovoekoltso, https://t.me/zelmus;g.barilko@mosmuseum.ru, muzeimoskvi@culture.mos.ru, mosburo-mm@culture.mos.ru, deti-mm@culture.mos.ru, pr-mm@culture.mos.ru, rgop-eventsmm@culture.mos.ru;"+7 (499) 717-16-02,  +7 499 731 82 89 / +7 499 717-16-02, +74957390008, +7 495 739-00-08, +7 495 739 00 08, +74956377005, +79684098277, +74956920020, +74956373135, +74956081403, +74956089216, +74953607786, +74997318289, +74997171602, +74957300008;ext=5050";55.986597;37.146664;"Сайт доступен; запись музея требует проверки"
Выставочный зал Российской академии художеств;ул. Пречистенка, 21, Москва;Музеи;Искусство и архитектура;Предварительно по названию;http://rah.ru/;https://t.me/rah1757;galinabol@rah.ru, gid.tsereteli@yandex.ru, kanz@rah.ru, melashvili.n@rah.ru, rah1757@yandex.ru, takochemasova@mail.ru, nmukhina@yandex.ru, sun.f@rah.ru, it23@mail.ru, art-rah@mail.ru, olgavlasova.rah@yandex.ru, ngrigorieva@rah.ru, podisova.m@rah.ru, boytsova.rah@mail.ru, decorative_art@rah.ru, dolmatova13@gmail.com, region@rah.ru, info@rahusdv.ru, sergey_oleshnya@mail.ru, protokolrah@yandex.ru, povarova.o@rah.ru, planexhibition@gmail.com, innoart@mail.ru, nii-arts@yandex.ru, troxi60@yandex.ru, obr.rah@rah.ru, Archive@rah.ru, librah@list.ru, plan@rah.ru, torgi@rah.ru, aparinov.r@rah.ru, obr@rah.ru;+7 (495) 637-41-50, +7 (495) 637-43-86, +7 (495) 637-47-71;55.74092;37.59279;"Сайт доступен; запись музея требует проверки"
Выставочный зал Сахаровского центра;ул. Земляной Вал, 57, стр. 5, Москва;Музеи;История и культура;Предварительно по названию;http://www.sakharov-center.ru/;;info@sakharov-center.ru, secretary@sakharov-center.ru;+7 (495) 623-44-20;55.751192;37.658494;"Сайт доступен; запись музея требует проверки"
Выставочный зал федеральных архивов;улица Большая Пироговская, 17 ст1;Музеи;Другие / требуют уточнения;Предварительно по названию;http://statearchive.ru/395, https://statearchive.ru/395;https://t.me/garf_docs, https://t.me/vzal_fa;nbgarf@statearchive.ru, shiryakov@statearchive.ru, svag_test@statearchive.ru, vzal_fa@mail.ru, garf@statearchive.ru;+7 (495) 580‒88‒25, +7 (499) 245‒19‒25, +7 (495) 580-88-25, +74955808825;55.733007;37.574125;"Сайт доступен; запись музея требует проверки"
Г.о.р.а., музей;улица Братьев Фонченко, 16в;Музеи;Другие / требуют уточнения;Предварительно по названию;http://goramuseum.ru;;d.orlova@victorymuseum.ru, ershova@victorymuseum.ru, info@victorymuseum.ru;+7 (499) 449‒81‒81, +74994498181;55.729047;37.508339;"Сайт доступен; запись музея требует проверки"
Г.о.р.а., музей;;Музеи;Другие / требуют уточнения;Предварительно по названию;http://goramuseum.ru;;d.orlova@victorymuseum.ru, ershova@victorymuseum.ru, info@victorymuseum.ru;+7 (499) 449‒81‒81, +74994498181;55.725643;37.502829;"Сайт доступен; запись музея требует проверки"
Галерея JART;3-я ул. Ямского Поля, 9, стр. 10, Москва;Музеи;Искусство и архитектура;Предварительно по названию;;;;;55.78131;37.581407;Справочник: актуальность не проверена
Галерея Syntax;Тверская ул., 3, Москва;Музеи;Искусство и архитектура;Предварительно по названию;http://syntaxgallery.com/;;info@syntaxgallery.com, mail@example.com;;55.757408;37.612737;"Сайт доступен; запись музея требует проверки"
Галерея Беляево;Профсоюзная ул., 100, Москва;Музеи;Искусство и архитектура;Предварительно по названию;https://belyaevo.vzmoscow.ru/;https://t.me/vzbelyaevo_gallery;belyaevo@vzmoscow.ru, e.antropova@vzmoscow.ru, uc_belyaevo@vzmoscow.ru;+7 (495) 335-83-22, +7 (499) 793-41-21, +74953358322, +74997934121;55.644739;37.525966;"Сайт доступен; запись музея требует проверки"
Галерея Времена года;ул. Крымский Вал, 10, Москва;Музеи;Искусство и архитектура;Предварительно по названию;;;;;55.734643;37.605768;Справочник: актуальность не проверена
Галерея Выхино;Ташкентская ул., 9, Москва;Музеи;Искусство и архитектура;Предварительно по названию;https://vykhino.vzmoscow.ru/;https://t.me/vykhino_vzgallery;vikhino@vzmoscow.ru;+7 (495) 377-42-52, +74953774252;55.708403;37.818991;"Сайт доступен; запись музея требует проверки"
Галерея Давыдково;Кременчугская ул., 22, Москва;Музеи;Искусство и архитектура;Предварительно по названию;https://davydkovo.vzmoscow.ru/;https://t.me/gallerydavydkovo;gallery-xxi@vzmoscow.ru, gallery-XXI@vzmoscow.ru;+7 (499) 445-16-50, +74994451650;55.717998;37.46141;"Сайт доступен; запись музея требует проверки"
Галерея Загорье;Лебедянская ул., 24, корп. 2, Москва;Музеи;Искусство и архитектура;Предварительно по названию;https://zagorje.vzmoscow.ru/;https://t.me/galleryzagorye;y.kozin@vzmoscow.ru, y.topilina@vzmoscow.ru, zagorye@vzmoscow.ru;+7 (495) 320-60-39, +7 (495) 329-00-27, +7 (495) 699-78-79, +7 (495) 699-78-96, +74953290027;55.583864;37.686077;"Сайт доступен; запись музея требует проверки"
Галерея Ильи Глазунова, Музей русского лубка и наивного искусства;Малый Головин переулок, 10 ст1;Музеи;Искусство и архитектура;Предварительно по названию;http://glazunov-gallery.ru, http://naive-museum.ru;https://t.me/musnaive;bugrovaea@culture.mos, glazunovgallery@culture.mos, mrlini@culture.mos, museum@mosolymp.ru, musnaive@gmail.com, roschupkinatv@culture.mos, rozhkovali1@culture.mos, shabanovapa@culture.mos, terentevsa2@culture.mos, tyschenkodg@culture.mos, zhelnovaeg1@culture.mos, glazunovgallery@culture.mos.ru, info@glazunov-gallery.ru, mrlini@culture.mos.ru;+7 (495) 608‒51‒82, +7 (495) 608‒52‒21, +74956085221;55.769027;37.634465;"Сайт доступен; запись музея требует проверки"
Галерея искусств Зураба Церетели;ул. Пречистенка, 19/11с1, Москва;Музеи;Искусство и архитектура;Предварительно по названию;http://rah.ru/, http://www.tsereteli.ru/, https://dzen.ru/rah, https://rah.ru/museums/halls.php?ID=15;https://t.me/rah1757;kanz@rah.ru, melashvili.n@rah.ru, gid.tsereteli@yandex.ru, rah1757@yandex.ru, takochemasova@mail.ru, nmukhina@yandex.ru, sun.f@rah.ru, it23@mail.ru, art-rah@mail.ru, olgavlasova.rah@yandex.ru, ngrigorieva@rah.ru, podisova.m@rah.ru, boytsova.rah@mail.ru, decorative_art@rah.ru, dolmatova13@gmail.com, region@rah.ru, info@rahusdv.ru, sergey_oleshnya@mail.ru, protokolrah@yandex.ru, povarova.o@rah.ru, planexhibition@gmail.com, innoart@mail.ru, nii-arts@yandex.ru, troxi60@yandex.ru, obr.rah@rah.ru, Archive@rah.ru, librah@list.ru, plan@rah.ru, torgi@rah.ru, aparinov.r@rah.ru, obr@rah.ru;+7 (495) 637-41-50, +7 (495) 637-47-71, +7 (495) 637-58-40;55.741235;37.593947;"Сайт доступен; запись музея требует проверки"
Галерея Кино;ул. Малая Молчановка, 8, стр. 1, Москва;Музеи;Искусство и архитектура, Музыка, театр и кино;Предварительно по названию;https://www.gallerykino.ru/;;gallerykino@gallerykino.ru;+7 (495) 691-83-51, +74956919115;55.754076;37.592684;"Сайт доступен; запись музея требует проверки"
Галерея классической фотографии;Саввинская наб., 23, стр. 1, Москва;Музеи;Искусство и архитектура;Предварительно по названию;https://www.classicgallery.ru/;https://t.me/gkf_moscow;s.guanin@gmail.com;+7 (495) 724-06-56;55.731642;37.559604;"Сайт доступен; запись музея требует проверки"
Галерея Кукольный переулок;Измайловское ш., 73Ж, Москва;Музеи;Искусство и архитектура, Быт, ремёсла и гастрономия;Предварительно по названию;http://dollslane.ru/;https://t.me/japandolls;iada2008@mail.ru, labprdenis@gmail.com;+79160371624;55.794082;37.750631;"Сайт доступен; запись музея требует проверки"
Галерея Мамонтовых;Лаврушинский переулок, 11 к1;Музеи;Искусство и архитектура;Предварительно по названию;;;;+7 (499) 270‒19‒71;55.742673;37.620759;Справочник: актуальность не проверена
Галерея Мамонтовых;Лаврушинский пер., 11, корп. 1, Москва;Музеи;Искусство и архитектура;Предварительно по названию;;;;+7 (499) 270-19-71;55.742558;37.620738;Справочник: актуальность не проверена
Галерея на Каширке;ул. Академика Миллионщикова, 35, корп. 5, Москва;Музеи;Искусство и архитектура;Предварительно по названию;https://kashirka.vzmoscow.ru/;https://t.me/nakashirke;e.pavlova@vzmoscow.ru, k.sadchikova@vzmoscow.ru, nakashirke@vzmoscow.ru;+7 (499) 612-11-61, +74996121161;55.661415;37.647077;"Сайт доступен; запись музея требует проверки"
Галерея на Шаболовке, музей авангарда;Серпуховский Вал улица, 24 к2;Музеи;Искусство и архитектура;Предварительно по названию;http://shabolovka.vzmoscow.ru, https://shabolovka.vzmoscow.ru/;https://t.me/na_shabolovke;info-nashabolovke@vzmoscow.ru, pr_artnetwork@vzmoscow.ru;+7 (495) 954‒30‒09, +7 (495) 954‒96‒60, +7 (495) 954-30-09;55.712948;37.610197;"Сайт доступен; запись музея требует проверки"
Галерея Нико;Большой Тишинский пер., 19, стр. 1, Москва;Музеи;Искусство и архитектура;Предварительно по названию;https://nikoartgallery.com/;https://t.me/nikoartgallery;info@nikoartgallery.com, sysoi@mail.ru;+7 (499) 253-86-07;55.768587;37.575674;"Сайт доступен; запись музея требует проверки"
Галерея Пересветов переулок;Пересветов пер., 4, корп. 1, Москва;Музеи;Искусство и архитектура;Предварительно по названию;http://peresvetov.vzmoscow.ru/;https://t.me/peresvetovgallery;bf@vzmoscow.ru, info-peresvetov@vzmoscow.ru, info-peresvetov﻿﻿@vzmoscow.ru;+7 (495) 675-22-28, +74956752228;55.714653;37.661734;"Сайт доступен; запись музея требует проверки"
Галерея Ростокино;Ростокинская ул., 1, Москва;Музеи;Искусство и архитектура, Музыка, театр и кино;Предварительно по названию;https://rostokino.vzmoscow.ru/;https://t.me/rostokino_gallery;d.uvarova@vzmoscow.ru, e.turcheva@vzmoscow.ru, rostokino@vzmoscow.ru, y.grafova@vzmoscow.ru;+7 (499) 187-10-45, +74991871045;55.835802;37.659008;"Сайт доступен; запись музея требует проверки"
Галерея Ходынка;ул. Ирины Левченко, 2, Москва;Музеи;Искусство и архитектура;Предварительно по названию;https://khodynka.vzmoscow.ru/, https://web.telegram.org/k/#@khodynkagallery;https://t.me/khodynkagallery;artscience@vzmoscow.ru, e.kapitsa@vzmoscow.ru, e.kovylina@vzmoscow.ru, hodynka@vzmoscow.ru;+7 (499) 198-76-84, +74991987684;55.788457;37.492092;"Сайт доступен; запись музея требует проверки"
Галерея Царская башня;Комсомольская площадь, 2, Москва;Музеи;Искусство и архитектура, История и культура;Предварительно по названию;http://www.fondkp.ru/;;info@fondKp.ru;+7-985-061-05-60;55.773033;37.655096;"Сайт доступен; запись музея требует проверки"
Галерея-мастерская художника Лизунова П.;Пятницкая ул., 43, стр. 3, Москва;Музеи;Искусство и архитектура;Предварительно по названию;https://petrlizunov.com/;;lizunov.gallery@gmail.com;+79267481750;55.737581;37.62944;"Сайт доступен; запись музея требует проверки"
Галерея-музей Память;Покровский бул., 16-18с4-4А, Москва;Музеи;Искусство и архитектура, История и культура;Предварительно по названию;http://memorythegallery.vsite.biz/;;;+79259241901;55.753218;37.646746;"Сайт доступен; запись музея требует проверки"
Гараж особого назначения ФСО России, музей;проспект Мира, 119 ст53;Музеи;Искусство и архитектура, Транспорт;Предварительно по названию;http://gon-museum.ru;https://t.me/gonmuseum, https://t.me/museumgon;gonmuseum@kremlin9.com, tokareva_eo@kremlin9.com;+7 (495) 500‒03‒17, +7 (495) 638‒08‒20, +7(495) 638-08-20, +79251125243;55.836862;37.620955;"Сайт доступен; запись музея требует проверки"
Гараж особого назначения ФСО России, музей;проспект Мира, 119 ст54;Музеи;Искусство и архитектура, Транспорт;Предварительно по названию;http://gon-museum.ru;https://t.me/gonmuseum, https://t.me/museumgon;gonmuseum@kremlin9.com, tokareva_eo@kremlin9.com;+7 (495) 638‒08‒20, +7(495) 638-08-20, +79251125243;55.836365;37.622439;"Сайт доступен; запись музея требует проверки"
Гараж, музей;Новинский бульвар, 25 к1;Музеи;Искусство и архитектура;Предварительно по названию;http://narkomfin.ru;;deaf@garagemca.org, events@garagemca.org, info@narkomfin.ru, members@garagemca.org, openmuseum@garagemca.org, partners@garagemca.org, patronship@garagemca.org, tours@garagemca.org, u003edeaf@garagemca.org, u003eevents@garagemca.org, u003einfo@narkomfin.ru, u003emembers@garagemca.org, u003eopenmuseum@garagemca.org, u003epartners@garagemca.org, u003epatronship@garagemca.org, u003etours@garagemca.org;+79263331513;55.756725;37.581256;"Сайт доступен; запись музея требует проверки"
ГБОУ ДО ЦРТДЮ Гермес, музей пожарной безопасности;Дубнинская ул., 21, Москва;Музеи;Другие / требуют уточнения;Предварительно по названию;;;;;55.862176;37.566323;Справочник: актуальность не проверена
ГБОУ СОШ № 1421, Школьный музей боевой славы Дороги войны;ул. Васильцовский Стан, 4, Москва;Музеи;Военная история;Предварительно по названию;;;;+7 (499) 501-09-18, +7 (499) 501-09-23;55.713758;37.752776;Справочник: актуальность не проверена
ГБОУ школа № 1352, музей Истоки;посёлок Акулово, 43А;Музеи;Другие / требуют уточнения;Предварительно по названию;;;;;56.003417;37.792528;Справочник: актуальность не проверена
ГБУК г. Москвы Государственный выставочный зал истории войны в Афганистане;1-я Владимирская ул., 12, корп. 1, Москва;Музеи;Военная история, История и культура;Предварительно по названию;http://afgan-zal.ru/;;;+7 (495) 306-43-30, +7 (495) 306-43-39, 84953064339;55.758028;37.774473;"Сайт доступен; запись музея требует проверки"
ГБУК города Москвы Московская государственная картинная галерея Василия Нестеренко;ул. Малая Дмитровка, 29, стр. 4, Москва;Музеи;Искусство и архитектура;Предварительно по названию;http://www.vnesterenko.ru/, https://nesterenko.arts.mos.ru/;https://t.me/timeweb_bot;evra@go.ru, gallerynesterenko@culture.mos.ru, priemnaja@culture.mos.ru, info@timeweb.ru;+7 (495) 699-84-45, +7 (499) 186-11-65, 8 (495) 033-1081, 8 (800) 700-1081, 8 (812) 248-1081;55.771696;37.604088;"Сайт доступен; запись музея требует проверки"
ГБУК Музей русского лубка и наивного искусства;Малый Головин пер., 10, стр. 1, Москва;Музеи;Искусство и архитектура;Предварительно по названию;http://naive-museum.ru/;https://t.me/musnaive;mrlini@culture.mos.ru, musnaive@gmail.com;+7 (495) 608-51-82, +7 (495) 608-51-83, +74956085221;55.769035;37.634398;"Сайт доступен; запись музея требует проверки"
Геологический Государственный музей им. В.И. Вернадского;улица Моховая, 11 к11;Музеи;Природа и естествознание;Предварительно по названию;http://sgm.ru;https://t.me/sgm_ras;info@sgm.ru, tour@sgm.ru, webmaster@msk.sgm, webmaster@msk.sgm.ru;+7 (495) 692‒09‒43;55.75592;37.612845;"Сайт доступен; запись музея требует проверки"
Геолого-минералогический музей МСХА имени Тимирязева К.А.;ул. Прянишникова, 6, Москва;Музеи;Природа и естествознание;Предварительно по названию;;;;;55.834184;37.547495;Справочник: актуальность не проверена
Геолого-палеонтологический музей;Соколово-Мещерская ул., 25, корп. 2, Москва;Музеи;Природа и естествознание;Предварительно по названию;;;;+7 (499) 713-14-19;55.903;37.383322;Справочник: актуальность не проверена
Геолого-палеонтологический школьный музей;Соколово-Мещерская улица, 25 к2;Музеи;Природа и естествознание;Предварительно по названию;http://olehnik.ru;;;+7 (499) 713‒14‒19;55.903;37.383322;"Сайт доступен; запись музея требует проверки"
Гербовый зал г. Москвы;Смоленская площадь, 13/21;Музеи;Другие / требуют уточнения;Предварительно по названию;http://mosmuseum.ru, http://zen.yandex.ru/mosmuseum;https://t.me/mosmuseum, https://t.me/mosburomm, https://t.me/muzarhmos, https://t.me/m_sadovoekoltso, https://t.me/zelmus;dobrolyubovlib@culture.mos, g.barilko@mosmuseum.ru, gerbovy-zal@culture.mos, media@mosmuseum.ru, muzarhmos@culture.mos, muzeimoskvi@culture.mos, pr-mm@culture.mos, rgop-eventsmm@culture.mos, shteynmillerov@culture.mos, teslenkoer@culture.mos, muzeimoskvi@culture.mos.ru, mosburo-mm@culture.mos.ru, deti-mm@culture.mos.ru, pr-mm@culture.mos.ru, rgop-eventsmm@culture.mos.ru;"+7 (495) 739‒00‒08,  +7 499 731 82 89 / +7 499 717-16-02, +74957390008, +7 495 739-00-08, +7 495 739 00 08, +74956377005, +79684098277, +74956920020, +74956373135, +74956081403, +74956089216, +74953607786, +74997318289, +74997171602, +74957300008;ext=5050";55.749655;37.582425;"Сайт доступен; запись музея требует проверки"
Главархив Москвы, выставочная экспозиция;Автозаводская улица, 18;Музеи;Другие / требуют уточнения;Предварительно по названию;;;;;55.705219;37.638026;Справочник: актуальность не проверена
Главный дом городской усадьбы А. Д. Негуневой – Е. А. Ивановой – П. Н. Иванова;пер. Сивцев Вражек, 34, Москва;Музеи;История и культура;Предварительно по названию;;;;;55.74702;37.589163;Справочник: актуальность не проверена
Главный дом городской усадьбы О. И. Гарчиковой - П. П. Смирнова;Тверской бул., 18, стр. 1, Москва;Музеи;История и культура;Предварительно по названию;http://domsmirnova.com/;https://t.me/osobnyaksmirnova;info@domsmirnova.com, domlumisfera@yandex.com;+79019604927, 89019604927;55.760612;37.602057;"Сайт доступен; запись музея требует проверки"
Главный дом усадьбы Аладьиных-Голицыных;Староваганьковский пер., 17, стр. 3, Москва;Музеи;История и культура;Предварительно по названию;;;;;55.750872;37.606793;Справочник: актуальность не проверена
Главный дом усадьбы Н.А. Дурасова;Летняя ул., 1, стр. 1, Москва;Музеи;История и культура;Предварительно по названию;https://park-kuzminki.ru/lublino/;https://t.me/kuzminki_lublino;parkkuzminki@culture.mos.ru, zakaz@park-kuzminki.ru;+7 (495) 350-15-53, +74991753369, 8 (925) 000-16-36, 8 (495) 350-15-53, +7 (499) 175-33-69, +7 (495) 291-70-53;55.688499;37.743105;"Сайт доступен; запись музея требует проверки"
ГМЗ Кузьминки-Люблино;природно-исторический парк Кузьминки-Люблино, Москва, 1, стр. 2;Музеи;Другие / требуют уточнения;Предварительно по названию;http://park-kuzminki.ru/;https://t.me/kuzminki_lublino;parkkuzminki@culture.mos.ru, zakaz@park-kuzminki.ru;+7 (499) 175-33-69, +74991753369, 8 (925) 000-16-36, 8 (495) 350-15-53, +7 (495) 291-70-53;55.695183;37.766878;"Сайт доступен; запись музея требует проверки"
ГМИИ им. А.С. Пушкина Административный корпус;Малый Знаменский пер., 3/5с7, Москва;Музеи;Искусство и архитектура;Предварительно по названию;;;;;55.74682;37.602697;Справочник: актуальность не проверена
ГМИИ имени Пушкина, Галерея искусства стран Европы и Америки XIX – XX веков;ул. Волхонка, 14, стр. 6, Москва;Музеи;Искусство и архитектура;Предварительно по названию;https://pushkinmuseum.art/;https://t.me/theartsmuseum;museyon@arts-museum.ru, pushkinyouth@arts-museum.ru, finearts@arts-museum.ru, anna.ragulina@arts-museum.ru, kadr@arts-museum.ru, tickets@arts-museum.ru, excurs@arts-museum.ru, press@arts-museum.ru, museum4all@arts-museum.ru, friends@arts-museum.ru, nadezda.bogdanova@arts-museum.ru;+7 (495) 609-95-20, +7 (495) 697-15-46, +7 (495) 697-74-12, +7 (495) 697-95-78, +74956099520;55.746589;37.605129;"Сайт доступен; запись музея требует проверки"
Голландский домик;улица Юности, 2 ст12;Музеи;Другие / требуют уточнения;Предварительно по названию;http://kuskovo.ru, https://kuskovo.ru/;https://t.me/kuskovo_museum;support@russpass.ru, zakaz@kuskovo.ru, museum_kuskovo@mail.ru, pr@kuskovo.ru, AvdoninSV@culture.mos.ru, OvchinnikovaOA1@culture.mos.ru, GrigorevaEY@culture.mos.ru, EreminaOI1@culture.mos.ru, GribovaIM@culture.mos.ru, KovalskayaEB@culture.mos.ru, OsipovaNP1@culture.mos.ru, SemchenkoSA@culture.mos.ru;+7 (495) 375-31-31, %0A+74953753131%0A, +74953753131;55.736937;37.805574;"Сайт доступен; запись музея требует проверки"
Голландский домик Петра I;Москва, улица Жужа;Музеи;Другие / требуют уточнения;Предварительно по названию;;;;;55.672049;37.679569;Справочник: актуальность не проверена
Голландский домик царя Петра I, музей;;Музеи;История и культура;Предварительно по названию;http://mgomz.ru;https://t.me/kolomenskoe_moscow;;+7 (499) 615‒27‒68, +7 (499) 615‒27‒71;;;"Сайт доступен; запись музея требует проверки"
Городская усадьба XIX в.;Шелапутинский пер., 3, стр. 1, Москва;Музеи;История и культура;Предварительно по названию;;;;;55.747794;37.66366;Справочник: актуальность не проверена
Городская усадьба А.К. Разумовского;улица Казакова, 18 ст1;Музеи;История и культура;Предварительно по названию;;;;;55.762758;37.668591;Справочник: актуальность не проверена
Городская усадьба Е.И. Васильчиковой-С.А. Оболенского-Н.Ф. фон Мек;Гоголевский бульвар, 14 ст1;Музеи;История и культура;Предварительно по названию;;;;;55.748127;37.600501;Справочник: актуальность не проверена
Городская усадьба И.Е. Рубцова-Моргуновых, г. Москва;Пестовский переулок, 2 ст1;Музеи;История и культура;Предварительно по названию;http://kuskovo.ru, http://russpass.ru/usadby-moskvy;https://t.me/kuskovo_museum;zakaz@kuskovo.ru, museum_kuskovo@mail.ru, pr@kuskovo.ru, AvdoninSV@culture.mos.ru, OvchinnikovaOA1@culture.mos.ru, GrigorevaEY@culture.mos.ru, EreminaOI1@culture.mos.ru, GribovaIM@culture.mos.ru, KovalskayaEB@culture.mos.ru, OsipovaNP1@culture.mos.ru, SemchenkoSA@culture.mos.ru;%0A+74953753131%0A, +74953753131;55.745231;37.659641;"Сайт доступен; запись музея требует проверки"
Городская усадьба Масленниковых-Петуховых, г. Москва;Щетининский переулок, 10 ст1;Музеи;История и культура;Предварительно по названию;http://kuskovo.ru, http://russpass.ru/usadby-moskvy, http://www.museum-tropinina.ru;https://t.me/kuskovo_museum;muzeitropinina@culture.mos, zakaz@kuskovo.ru, museum_kuskovo@mail.ru, pr@kuskovo.ru, AvdoninSV@culture.mos.ru, OvchinnikovaOA1@culture.mos.ru, GrigorevaEY@culture.mos.ru, EreminaOI1@culture.mos.ru, GribovaIM@culture.mos.ru, KovalskayaEB@culture.mos.ru, OsipovaNP1@culture.mos.ru, SemchenkoSA@culture.mos.ru, muzeitropinina@culture.mos.ru;%0A+74953753131%0A, +74953753131, +73472999904;55.733767;37.622883;"Сайт доступен; запись музея требует проверки"
Городская усадьба П.Ф. Секретарёва;Гоголевский бул., 5, стр. 1, Москва;Музеи;История и культура;Предварительно по названию;;;;;55.745128;37.599597;Справочник: актуальность не проверена
Городская усадьба Полежаевых и Зубовых;ул. Александра Солженицына, 9, стр. 1, Москва;Музеи;История и культура;Предварительно по названию;http://usadbazubovyh.ru/;;mail@usadbazubovyh.ru;;55.742668;37.656819;"Сайт доступен; запись музея требует проверки"
Городская усадьба С. П. Берга;Денежный пер., 5, стр. 1, Москва;Музеи;История и культура;Предварительно по названию;;;;;55.743235;37.58783;Справочник: актуальность не проверена
Городская усадьба Тургеневых-Боткиных-Росизо, г. Москва;Петроверигский переулок, 4;Музеи;Писатели и литература, История и культура;Предварительно по названию;http://kuskovo.ru, http://russpass.ru/usadby-moskvy;https://t.me/kuskovo_museum;zakaz@kuskovo.ru, museum_kuskovo@mail.ru, pr@kuskovo.ru, AvdoninSV@culture.mos.ru, OvchinnikovaOA1@culture.mos.ru, GrigorevaEY@culture.mos.ru, EreminaOI1@culture.mos.ru, GribovaIM@culture.mos.ru, KovalskayaEB@culture.mos.ru, OsipovaNP1@culture.mos.ru, SemchenkoSA@culture.mos.ru;%0A+74953753131%0A, +74953753131;55.756672;37.636564;"Сайт доступен; запись музея требует проверки"
Городская усадьба Ф.И. Прове-А.И. Калиш;Новая Басманная улица, 22/2 ст1;Музеи;История и культура;Предварительно по названию;;;;;55.769262;37.663561;Справочник: актуальность не проверена
Горький Плюс;ул. Сергея Эйзенштейна, 8, стр. 1, Москва;Музеи;Другие / требуют уточнения;Предварительно по названию;;;;+7 (499) 181-62-00;55.833834;37.638232;Справочник: актуальность не проверена
Горький плюс, музей;улица Сергея Эйзенштейна, 8;Музеи;Другие / требуют уточнения;Предварительно по названию;http://gorkiy.plus;https://t.me/gorkiyplus;info@ano-ok.ru, info@gorkiy.plus, max.andrianov@gmail.com, press@gorkiy.plus;+7 (499) 181‒62‒00;55.833708;37.637874;"Сайт доступен; запись музея требует проверки"
Государственная Третьяковская галерея;Лаврушинский пер., 10, стр. 4, Москва;Музеи;Искусство и архитектура;Предварительно по названию;http://www.tretyakovgallery.ru/;;acceess@tretyakov.ru, access@tretyakov.ru, golubkina2014@yandex.ru, samara@tretyakov.ru, u003eacceess@tretyakov.ru, u003eaccess@tretyakov.ru;+7 (495) 957-07-27, +7 (495) 957-07-27 (колл-центр), +7 (929) 515-82-94 (музей);55.741556;37.620028;"Сайт доступен; запись музея требует проверки"
Государственная Третьяковская галерея, галерея Новая Третьяковка;ул. Крымский Вал, 10, Москва;Музеи;Искусство и архитектура;Предварительно по названию;http://tretyakov.ru/, https://www.tretyakovgallery.ru/;;;+7 (495) 957-07-27, +7 (495) 957-07-27 (колл-центр), +7 (929) 515-82-94 (музей);55.734719;37.605976;"Сайт доступен; запись музея требует проверки"
Государственная Третьяковская галерея, Музей-храм Святителя Николая в Толмачах;Малый Толмачёвский пер., 9, Москва;Музеи;Искусство и архитектура, Религия и духовная культура;Предварительно по названию;http://hramvtolmachah.ru/, https://www.tretyakovgallery.ru/;;hramgtg@yandex.ru;+7 (495) 957-07-27, +7 (495) 957-07-81, +7 (495) 957-07-27 (колл-центр), +7 (929) 515-82-94 (музей);55.740773;37.620336;"Сайт доступен; запись музея требует проверки"
Государственная Третьяковская галерея, новый корпус;Кадашёвская наб., 12, Москва;Музеи;Искусство и архитектура;Предварительно по названию;https://www.tretyakovgallery.ru/for-visitors/museums/korpus-na-kadashevskoi-naberejnoi;;;+7 (495) 957-07-27, +7 (495) 957-07-27 (колл-центр), +7 (929) 515-82-94 (музей);55.743156;37.618912;"Сайт доступен; запись музея требует проверки"
Государственная Третьяковская галерея, отдел рукописей;Лаврушинский пер., 4, стр. 1, Москва;Музеи;Искусство и архитектура;Предварительно по названию;http://www.tretyakovgallery.ru/for-visitors/museums/tretyakovskaya-galereya/, https://www.tretyakovgallery.ru/;;acceess@tretyakov.ru, access@tretyakov.ru, golubkina2014@yandex.ru, membership@tretyakov.ru, samara@tretyakov.ru, u003eacceess@tretyakov.ru, u003eaccess@tretyakov.ru;+7 (495) 953-28-98, +7 (495) 957-07-27, +7 (495) 957-07-48, +7 (495) 957-07-27 (колл-центр), +7 (929) 515-82-94 (музей);55.742982;37.619872;"Сайт доступен; запись музея требует проверки"
Государственный Академический Большой Театр России, музей;Театральная площадь, 1;Музеи;Музыка, театр и кино;Предварительно по названию;http://2011.bolshoi.ru/museum/;;archive@bolshoi.ru;+7 (495) 306‒68‒14, +7 (495) 621‒31‒38, +7 (495) 692‒00‒25;55.759684;37.619073;Справочник: актуальность не проверена
Государственный Биологический музей им. К.А. Тимирязева;Малая Грузинская улица, 15;Музеи;Природа и естествознание;Предварительно по названию;http://gbmt.ru;;antonovaev@culture.mos, atroschenkomm@culture.mos, belyaevaaa4@culture.mos, dfku-excursioncultur@culture.mos, dfku-prgbmt@culture.mos, gbmt@gbmt.ru, kasatkinmv@culture.mos, kulikovamv@culture.mos, mikheechevaen@culture.mos, muzeitimiryazeva@culture.mos, priemnaja@culture.mos, ryabokonis@culture.mos, shubinayv@culture.mos, sidyakovaos1@culture.mos, valievaf@culture.mos, vanyavinalv@culture.mos, vlasenkoas1@culture.mos, muzeitimiryazeva@culture.mos.ru;+7 (499) 252‒36‒81, +7 (495) 544-3838;55.764396;37.571608;"Сайт доступен; запись музея требует проверки"
Государственный биологический музей им. К.А. Тимирязева;проспект Мира, 119 пав31;Музеи;Природа и естествознание;Предварительно по названию;http://gbmt.ru;https://t.me/biomuseum;antonovaev@culture.mos, atroschenkomm@culture.mos, belyaevaaa4@culture.mos, dfku-excursioncultur@culture.mos, dfku-prgbmt@culture.mos, gbmt@gbmt.ru, kasatkinmv@culture.mos, kulikovamv@culture.mos, mikheechevaen@culture.mos, muzeitimiryazeva@culture.mos, priemnaja@culture.mos, ryabokonis@culture.mos, shubinayv@culture.mos, sidyakovaos1@culture.mos, valievaf@culture.mos, vanyavinalv@culture.mos, vlasenkoas1@culture.mos, muzeitimiryazeva@culture.mos.ru;+7 (495) 544-3838;55.834862;37.619576;"Сайт доступен; запись музея требует проверки"
Государственный биологический музей имени К. А. Тимирязева;Малая Грузинская ул., 15, Москва;Музеи;Природа и естествознание;Предварительно по названию;http://www.gbmt.ru/;;muzeitimiryazeva@culture.mos.ru;+7 (499) 252-36-81, +7 (495) 544-3838;55.764368;37.57153;"Сайт доступен; запись музея требует проверки"
Государственный выставочный зал истории войны в Афганистане;1-я Владимирская улица, 12 к1;Музеи;Военная история, История и культура;Предварительно по названию;http://afgan-zal.ru;;;+7 (495) 306‒43‒30, +7 (495) 306‒43‒39, 84953064339;55.758082;37.774543;"Сайт доступен; запись музея требует проверки"
Государственный геологический музей имени В.И. Вернадского;Моховая ул., 11, стр. 11, Москва;Музеи;Природа и естествознание;Предварительно по названию;https://sgm.ru/;https://t.me/sgm_ras;info@sgm.ru, tour@sgm.ru, webmaster@msk.sgm.ru;+7 (495) 692-09-43;55.755999;37.61262;"Сайт доступен; запись музея требует проверки"
Государственный Дарвиновский музей;улица Вавилова, 57 ст1;Музеи;Природа и естествознание;Предварительно по названию;http://darwinmuseum.ru;https://t.me/statedarwinmuseum;akademia@darwinmuseum.ru, exburo@darwinmuseum.ru, info@darwinmuseum.ru, museumdarvin@culture.mos, org@darwinmuseum.ru, support@russpass.ru, museumdarvin@culture.mos.ru, anna@darwinmuseum.ru, tatkub@darwinmuseum.ru, inter@darwinmuseum.ru;+7 (499) 132‒10‒47, +7 (499) 783‒22‒53;55.690843;37.562429;"Сайт доступен; запись музея требует проверки"
Государственный Дарвиновский музей;улица Вавилова, 57;Музеи;Природа и естествознание;Предварительно по названию;http://darwinmuseum.ru, http://www.darwinmuseum.ru/, https://dzen.ru/darwinmuseum, https://sketchfab.com/darwinmuseum.ru;https://t.me/statedarwinmuseum;akademia@darwinmuseum.ru, exburo@darwinmuseum.ru, info@darwinmuseum.ru, museumdarvin@culture.mos, org@darwinmuseum.ru, support@russpass.ru, museumdarvin@culture.mos.ru, anna@darwinmuseum.ru, tatkub@darwinmuseum.ru, inter@darwinmuseum.ru;+7 (499) 132‒10‒47, +7 (499) 783‒22‒53, +7 (499) 132-10-47, +7 (499) 134-61-24, +7 (499) 783-22-53;55.690628;37.56152;"Сайт доступен; запись музея требует проверки"
Государственный историко-архитектурный художественный и ландшафтный музей-заповедник Царицыно;Дольская ул., 1, стр. 6, Москва;Музеи;Искусство и архитектура, История и культура;Предварительно по названию;https://dzen.ru/tsaritsyno, https://izi.travel/ru/2f7c-muzey-zapovednik-caricyno, https://tsaritsyno-museum.ru/;https://t.me/tsaritsyno_museum;tickets-vozvrat_ts@culture.mos.ru, buro_ts@culture.mos.ru, comifo_ts@culture.mos.ru, sport_ts@culture.mos.ru, tsaritsynomuseum@culture.mos.ru, press.tsaritsyno@culture.mos.ru, personal_ts@culture.mos.ru, tsaritsyno@culture.mos.ru, TSMR-Friends@culture.mos.ru, GrishinaEA@culture.mos.ru;+7 (495) 322-44-33, +74953224433, +74953253141, +79015243114, +79260015659, +74953218609;55.616409;37.683216;"Сайт доступен; запись музея требует проверки"
Государственный историко-культурный музей-заповедник Московский Кремль, Детский центр;Манежная улица, 7 ст2;Музеи;История и культура;Предварительно по названию;http://www.kreml.ru;https://t.me/kremlinmuseums;g.mikhailova@kremlin.museum.ru, head@kremlin.museum.ru, m.koroleva@kremlin.museum.ru, morozova@kremlin.museum.ru, press@kremlin.museum.ru, zabolotskikh@kremlin.museum.ru, buro16@kreml.ru, buro15@kreml.ru, deti@kreml.ru, medvedeva@kreml.ru, head@kreml.ru, partners@kreml.ru, kazarian@kreml.ru, malygina@kreml.ru, press@kreml.ru, milovzorova@kreml.ru, faleev@kreml.ru, design@kreml.ru, blagov@kreml.ru, andreeva.m@kreml.ru, maria.zhulina@kreml.ru, nch@kreml.ru, library@kreml.ru, store@kreml.ru, g.mikhailova@kreml.ru, Julia.Kh@kreml.ru, job@kreml.ru;+7 (495) 690‒30‒94, +7 (495) 695‒75‒81, +7 (495) 697‒03‒49, +74956970349, +74956954631, +74956954146, +74956903094, +74956957581, +74956974115, null, +74956959558, +74956959723, +74956904858, +74956954187, +74956978086, +74956957927, +74956959665, +74956958541, +74956975579, +74956974361, +74956956649, +74956974062, +74956454631, +74956240902, +74956953812, +74956953912, +74956959887, +74956970878, +74956959575, +74956240264, +74956959842, +74956957064, +74956953998, +74956976096, +74956956575;55.750856;37.611423;"Сайт доступен; запись музея требует проверки"
Государственный исторический музей;Красная площадь, 1;Музеи;История и культура;Предварительно по названию;http://shm.ru, https://shm.ru/;https://t.me/gim_andm, https://t.me/state_historical_museum, https://t.me/stbasilscathedral;access@shm.ru, kulinich@flugersoft.ru, loyalty@shm.ru, shop@shm.ru, tula.visitor@shm.ru, visitor@shm.ru;+7 (495) 692‒37‒31, +7 (495) 692‒40‒19, +7 (495) 692-37-31, +7 (495) 692-40-19, +74956923731, +74956983304, +74956982497, +74956981256, +74956982658, +74872773165;55.755517;37.617294;"Сайт доступен; запись музея требует проверки"
Государственный литературный музей Л.Н. Толстого;ул. Пречистенка, 11/8с1, Москва;Музеи;Писатели и литература;Предварительно по названию;https://tolstoymuseum.ru/;https://t.me/tolstoymuseum;info@tolstoymuseum.ru, feyn.yu@tolstoymuseum.ru;+7 (495) 637-35-12, +7 (495) 637-74-10, +7 (499) 766-92-09, +7 (499) 766-93-28, +7 (499) 766-94-16, +7 (499) 766-96-28, +74956377410, +74997669761, +74956377518, +74992469444, +79857416341, +74959515808, +74746426092, +78793232087;55.742782;37.596938;"Сайт доступен; запись музея требует проверки"
Государственный мемориальный музей Б. Ш. Окуджавы;ул. Довженко, 11, посёлок ДСК Мичуринец;Музеи;История и культура;Предварительно по названию;http://okudshava.ru/;;mbo.peredelkino@mail.ru, Mbo.peredelkino@mail.ru;+7 (495) 593-52-08, +7 (495) 731-77-27;55.650227;37.316173;"Сайт доступен; запись музея требует проверки"
Государственный музей А. С. Пушкина;ул. Пречистенка, 12/2с2, Москва;Музеи;Другие / требуют уточнения;Предварительно по названию;http://www.pushkinmuseum.ru/;https://t.me/pushkin_museum;info@a-s-pushkinmus.ru, pushkinmus@culture.mos.ru, %20pushkinmus@culture.mos.ru, DolokhovaYV@culture.mos.ru, presspr@pushkinmuseum.ru;+7 (495) 637-32-56, +7 (495) 637-56-74, +7 (499) 766-95-81;55.743758;37.597315;"Сайт доступен; запись музея требует проверки"
Государственный музей А.С. Пушкина;улица Пречистенка, 12/2 ст6;Музеи;Другие / требуют уточнения;Предварительно по названию;http://pushkinmuseum.ru;https://t.me/pushkin_museum;dolohova.julia@mail.ru, info@a-s-pushkinmus.ru, otdelkadrovgmp@mail.ru, presspr@pushkinmuseum.ru, pushkinmus@culture.mos, support@pushkinmuseum.ru, username@yourmail.ru, %20pushkinmus@culture.mos.ru, DolokhovaYV@culture.mos.ru;+7 (495) 637‒56‒74;55.744175;37.597063;"Сайт доступен; запись музея требует проверки"
Государственный музей А.С. Пушкина, Садовый павильон;улица Пречистенка, 12/2 ст10;Музеи;Другие / требуют уточнения;Предварительно по названию;http://pushkinmuseum.ru;https://t.me/pushkin_museum;dolohova.julia@mail.ru, info@a-s-pushkinmus.ru, otdelkadrovgmp@mail.ru, presspr@pushkinmuseum.ru, pushkinmus@culture.mos, support@pushkinmuseum.ru, username@yourmail.ru, %20pushkinmus@culture.mos.ru, DolokhovaYV@culture.mos.ru;+7 (495) 637‒56‒74;55.743855;37.598639;"Сайт доступен; запись музея требует проверки"
Государственный музей архитектуры им. А.В. Щусева;улица Воздвиженка, 5/25 ст1;Музеи;Искусство и архитектура;Предварительно по названию;http://muar.ru;https://t.me/archmuseum;6900551@muar.ru, bookstore@muar.ru, info@muar.ru, list-off@muar.ru, lola.khrunova@muar.ru, pr@muar.ru, support@telegreen.ru;+7 (495) 690‒05‒51, +7 (495) 691‒21‒09, +7 (495) 697‒13‒06, +74956971306;55.752495;37.607306;"Сайт доступен; запись музея требует проверки"
Государственный музей архитектуры им. А.В. Щусева, Аптекарский приказ;Староваганьковский переулок, 5/25 ст19;Музеи;Искусство и архитектура;Предварительно по названию;http://muar.ru;https://t.me/archmuseum;6900551@muar.ru, bookstore@muar.ru, info@muar.ru, list-off@muar.ru, support@telegreen.ru;+7 (495) 691‒21‒09, +74956971306;55.752132;37.607661;"Сайт доступен; запись музея требует проверки"
Государственный музей В.В. Маяковского;Лубянский проезд, 3/6 ст4;Музеи;Писатели и литература;Предварительно по названию;http://xn--80aedfjnibldycb2bv1r.xn--p1ai;https://t.me/mayakovskymuseum;muzeimayakovskogo@culture.mos, Muzeimayakovskogo@culture.mos.ru;+7 (495) 605‒19‒29, +7 (495) 621‒71‒83, +7 (499) 255‒01‒86;55.75956;37.629867;"Сайт доступен; запись музея требует проверки"
Государственный музей В.В. Маяковского;улица Красная Пресня, 36 ст1;Музеи;Писатели и литература;Предварительно по названию;http://data.mos.ru/opendata/7702155262-muzei, http://muzeimayakovskogo.ru, http://xn--80aedfjnibldycb2bv1r.xn--p1ai, https://muzeimayakovskogo.ru/, https://muzeimayakovskogo.ru/events/measures/3096/, https://музеймаяковского.рф/;https://t.me/mayakovskymuseum;muzeimayakovskogo@culture.mos, Muzeimayakovskogo@culture.mos.ru;+7 (499) 255‒01‒86, +7 (499) 255-01-86;55.762514;37.566721;"Сайт доступен; запись музея требует проверки"
Государственный музей В.В. Маяковского;Студенецкий переулок, 6;Музеи;Писатели и литература;Предварительно по названию;http://xn--80aedfjnibldycb2bv1r.xn--p1ai;https://t.me/mayakovskymuseum;Muzeimayakovskogo@culture.mos.ru;+7 (495) 605‒19‒29, +7 (495) 621‒71‒83, +7 (499) 255‒01‒86;55.758251;37.556643;"Сайт доступен; запись музея требует проверки"
Государственный музей Владимира Высоцкого;улица Высоцкого, 3 ст1;Музеи;Музыка, театр и кино;Предварительно по названию;http://www.visotsky.ru, http://visotsky.ru/;https://t.me/visotskymuseum;domvisotskogo@culture.mos, domvisotskogo@culture.mos.ru, vvtkz@mail.ru;+7 (495) 915‒29‒79, +7 (495) 915‒75‒78, +7 (495) 915-29-79, +7 (495) 915-45-58, +7 (495) 915-71-99, +7 (495) 915-75-78, +74959157578, +74959152979, +74959154558, +74959157199, +749157578;55.744478;37.651915;"Сайт доступен; запись музея требует проверки"
Государственный музей Востока;Никитский бул., 12А, стр. 1, Москва;Музеи;История и культура;Предварительно по названию;http://www.orientmuseum.ru/;https://t.me/orientmuseum;excursion@orientmuseum.ru, info@orientmuseum.ru, lectures@orientmuseum.ru, muzvostok@mail.ru, press@orientmuseum.ru, ypogonina@orientmuseum.ru;+7 (495) 690-05-23, +7 (495) 691-82-19;55.756347;37.599955;"Сайт доступен; запись музея требует проверки"
Государственный музей животноводства им. Е. Ф. Лискуна;Лиственничная аллея, 14;Музеи;Природа и естествознание;Предварительно по названию;http://museum.timacad.ru/253-2/;;liskun@rgau-msha.ru;+7 (499) 976‒29‒54;55.836003;37.566375;Справочник: актуальность не проверена
Государственный музей животноводства имени Е.Ф. Лискуна;Лиственничная аллея, 14, Москва;Музеи;Природа и естествознание;Предварительно по названию;http://museum.timacad.ru/253-2/;;liskun@rgau-msha.ru;+7 (499) 976-29-54;55.835976;37.566366;Справочник: актуальность не проверена
Государственный музей изобразительных искусств им. А.С. Пушкина;улица Волхонка, 12 ст1;Музеи;Искусство и архитектура;Предварительно по названию;http://pushkinmuseum.art;https://t.me/theartsmuseum;tickets@arts-museum.ru, museyon@arts-museum.ru, pushkinyouth@arts-museum.ru, finearts@arts-museum.ru, anna.ragulina@arts-museum.ru, kadr@arts-museum.ru, excurs@arts-museum.ru, press@arts-museum.ru, museum4all@arts-museum.ru, friends@arts-museum.ru, nadezda.bogdanova@arts-museum.ru;+7 (495) 609‒95‒20, +7 (495) 697‒74‒12, +7 (495) 697‒95‒78, +74956099520;55.747237;37.605439;"Сайт доступен; запись музея требует проверки"
Государственный музей изобразительных искусств им. А.С. Пушкина, Отдел гравюры и рисунка;Колымажный переулок, 4 ст1;Музеи;Искусство и архитектура;Предварительно по названию;http://pushkinmuseum.art;https://t.me/theartsmuseum;tickets@arts-museum.ru, museyon@arts-museum.ru, pushkinyouth@arts-museum.ru, finearts@arts-museum.ru, anna.ragulina@arts-museum.ru, kadr@arts-museum.ru, excurs@arts-museum.ru, press@arts-museum.ru, museum4all@arts-museum.ru, friends@arts-museum.ru, nadezda.bogdanova@arts-museum.ru;+7 (495) 609‒95‒20, +74956099520;55.747588;37.606357;"Сайт доступен; запись музея требует проверки"
Государственный музей изобразительных искусств им. А.С. Пушкина, отдел личных коллекций;улица Волхонка, 10;Музеи;Искусство и архитектура;Предварительно по названию;http://pushkinmuseum.art;https://t.me/theartsmuseum;museyon@arts-museum.ru, pushkinyouth@arts-museum.ru, finearts@arts-museum.ru, anna.ragulina@arts-museum.ru, kadr@arts-museum.ru, tickets@arts-museum.ru, excurs@arts-museum.ru, press@arts-museum.ru, museum4all@arts-museum.ru, friends@arts-museum.ru, nadezda.bogdanova@arts-museum.ru;+7 (495) 609‒95‒20, +7 (495) 697‒16‒10, +74956099520;55.747565;37.607272;"Сайт доступен; запись музея требует проверки"
Государственный музей изобразительных искусств имени А.С. Пушкина;ул. Волхонка, 12, Москва;Музеи;Искусство и архитектура;Предварительно по названию;https://pushkinmuseum.art/;https://t.me/theartsmuseum;excurs@arts-museum.ru, tickets@arts-museum.ru, museyon@arts-museum.ru, pushkinyouth@arts-museum.ru, finearts@arts-museum.ru, anna.ragulina@arts-museum.ru, kadr@arts-museum.ru, press@arts-museum.ru, museum4all@arts-museum.ru, friends@arts-museum.ru, nadezda.bogdanova@arts-museum.ru;+7 (495) 609-95-20, +7 (495) 697-74-12, +7 (495) 697-95-78, +74956099520;55.747224;37.60524;"Сайт доступен; запись музея требует проверки"
Государственный музей искусства народов Востока;Никитский бульвар, 12а;Музеи;Искусство и архитектура, История и культура;Предварительно по названию;http://orientmuseum.ru;https://t.me/orientmuseum;info@orientmuseum.ru, kapurkinat@orientmuseum.ru, muzvostok@mail.ru, press@orientmuseum.ru, presskavkaz@yandex.ru, tkapurkina@orientmuseum.ru, volovets.zoya@yandex.ru, excursion@orientmuseum.ru, lectures@orientmuseum.ru;+7 (495) 691‒02‒12, +7 (495) 691‒49‒66;55.756394;37.599912;"Сайт доступен; запись музея требует проверки"
Государственный музей искусства народов Востока;проспект Мира, 119 ст13;Музеи;Искусство и архитектура, История и культура;Предварительно по названию;http://orientmuseum.ru;https://t.me/orientmuseum;excursion@orientmuseum.ru, info@orientmuseum.ru, lectures@orientmuseum.ru, muzvostok@mail.ru, press@orientmuseum.ru, ypogonina@orientmuseum.ru;+7 (495) 691‒02‒12, +7 (495) 691‒82‒19;55.830927;37.628059;"Сайт доступен; запись музея требует проверки"
Государственный музей истории ГУЛАГа;1-й Самотёчный пер., 9, стр. 1, Москва;Музеи;История и культура;Предварительно по названию;;;;+7 (495) 621-73-10, +7 (495) 621-73-46, +7 (495) 681-88-82;55.777088;37.613561;Справочник: актуальность не проверена
Государственный музей истории российской литературы им. В. И. Даля;Зубовский бул., 15, стр. 1, Москва;Музеи;Писатели и литература, История и культура;Предварительно по названию;http://goslitmuz.ru/;https://t.me/arkamarka_centre, https://t.me/calendar_kids, https://t.me/literaturemuseum;arkamarka@goslitmuz.ru, ex@goslitmuz.ru;+7 (495) 695-53-08;55.735888;37.5919;"Сайт доступен; запись музея требует проверки"
Государственный музей истории российской литературы им. В.И. Даля;Зубовский бульвар, 15;Музеи;Писатели и литература, История и культура;Предварительно по названию;;https://t.me/literaturemuseum;;+7 (495) 695‒44‒94, +7 (495) 695‒53‒08;55.735938;37.591928;Справочник: актуальность не проверена
Государственный музей Константина и Виктора Мельниковых;Кривоарбатский переулок, 10;Музеи;Другие / требуют уточнения;Предварительно по названию;http://muar.ru/dom-melnikova;https://t.me/archmuseum;6900551@muar.ru, bookstore@muar.ru, info@muar.ru, list-off@muar.ru, lola.khrunova@muar.ru, pr@muar.ru, support@telegreen.ru;+7 (495) 690‒39‒00, +7 (495) 697‒13‒06, +7 (495) 697‒80‒37, +74956971306;55.748058;37.589574;"Сайт доступен; запись музея требует проверки"
Государственный музей Константина и Виктора Мельниковых;Кривоарбатский пер., 10, Москва;Музеи;Другие / требуют уточнения;Предварительно по названию;;;;;55.748057;37.589417;Справочник: актуальность не проверена
Государственный музей Л.Н. Толстого;улица Пречистенка, 11/8 ст1;Музеи;Другие / требуют уточнения;Предварительно по названию;http://tolstoymuseum.ru, http://tolstoymuseum.ru/;https://t.me/tolstoymuseum;info@tolstoymuseum.ru, feyn.yu@tolstoymuseum.ru;+7 (495) 637‒74‒10, +7 (499) 766‒93‒28, +74956377410, +74997669761, +74956377518, +74992469444, +79857416341, +74959515808, +74746426092, +78793232087;55.742791;37.596881;"Сайт доступен; запись музея требует проверки"
Государственный музей Л.Н. Толстого;Пятницкая улица, 12 ст1;Музеи;Другие / требуют уточнения;Предварительно по названию;http://tolstoymuseum.ru;https://t.me/tolstoymuseum;info@tolstoymuseum.ru, feyn.yu@tolstoymuseum.ru;+7 (495) 951‒58‒08, +7 (495) 951‒64‒40, +74956377410, +74997669761, +74956377518, +74992469444, +79857416341, +74959515808, +74746426092, +78793232087;55.743437;37.628051;"Сайт доступен; запись музея требует проверки"
Государственный музей обороны Москвы;Мичуринский проспект, Олимпийская деревня, 3;Музеи;Военная история;Предварительно по названию;http://www.gmom.ru, https://gmom.ru/;;museioboronimoskvi@culture.mos, museioboronimoskvi@culture.mos.ru, ggmom@bk.ru;+7 (495) 430‒05‒49, +7 (499) 233‒42‒04, +7 (499) 233‒42‒06, +7 (499) 233‒42‒07, +7 (495) 430-05-49, +7 (495) 437-60-66, +7 (495) 437-60-74, +7 (499) 233-42-04, +7 (499) 233-42-06, +7 (499) 233-42-96;55.676711;37.467559;"Сайт доступен; запись музея требует проверки"
Государственный музей спорта;улица Казакова, 18 ст1;Музеи;Спорт;Предварительно по названию;http://museumsport.ru;https://t.me/museumsport;8586310@bk.ru, anastashashe@yandex.ru, lidaplekhova@yandex.ru, metodsportsmus@mail.ru, museum.vestnik.jur@yandex.ru, museumfks@gmail.com, muzeysporta@bk.ru, novozhiloven@gmail.com, shemetova86@bk.ru, tour.spb@museumsport.ru, yadr.e@yandex.ru, yard.e@yandex.ru;+7 (499) 941‒07‒73, +74999410773;55.762758;37.668591;"Сайт доступен; запись музея требует проверки"
Государственный музей-заповедник Остафьево-Русский Парнас;Троицкая ул., 1А, село Остафьево;Музеи;История и культура;Предварительно по названию;https://ostafyevomuseum.ru/;https://t.me/ostafyevo;info@ostafyevomuseum.ru;+7 (495) 123-30-32, +7 (495) 849-09-64, +7 (495) 867-83-60, +7 (495) 920-49-99;55.496081;37.501393;"Сайт доступен; запись музея требует проверки"
Государственный музей-культурный центр Интеграция им. Н. А. Островского;Тверская ул., 14, Москва;Музеи;Другие / требуют уточнения;Предварительно по названию;https://ostrovsky-museum.ru/, http://tverskaya14.ru/;;integratsia@culture.mos.ru, museum.integratsia@culture.mos.ru, :premiya@culture.mos.ru;+7 (495) 629-49-20, +7 (495) 629-85-52, 8(495)650-37-90, :;55.764286;37.606474;"Сайт доступен; запись музея требует проверки"
Государственный музейно-выставочный центр Росизо;проспект Мира, 119 ст516;Музеи;Другие / требуют уточнения;Предварительно по названию;http://rosizo.ru;https://t.me/ros_iso;baget@rosizo.ru, info@rosizo.ru, it@rosizo.ru, knigi516@rosizo.ru, pr@rosizo.ru, shop@rosizo.ru;+7 (495) 350‒05‒44;55.830112;37.61998;"Сайт доступен; запись музея требует проверки"
Государственный музейно-выставочный центр РОСИЗО;ул. Арбат, 35, Москва;Музеи;Другие / требуют уточнения;Предварительно по названию;https://rosizo.ru/;https://t.me/ros_iso;info@rosizo.ru, knigi516@rosizo.ru, baget@rosizo.ru, pr@rosizo.ru;;55.749177;37.591923;"Сайт доступен; запись музея требует проверки"
Государственный научно-исследовательский музей архитектуры имени А. В. Щусева;ул. Воздвиженка, 5/25с1, Москва;Музеи;Искусство и архитектура;Предварительно по названию;https://www.muar.ru/, http://vma.muar.ru/ru;https://t.me/archmuseum;6900551@muar.ru, bookstore@muar.ru, info@muar.ru, list-off@muar.ru;+7 (495) 690-05-51, +7 (495) 691-21-09, +7 (495) 697-13-06, +74956971306;55.752567;37.607368;"Сайт доступен; запись музея требует проверки"
Государственный центральный музей современной истории России;Тверская ул., 21, стр. 1, Москва;Музеи;История и культура;Предварительно по названию;https://www.sovrhistory.ru/;https://t.me/sovrhistory;museum@sovrhistory.ru, pr.sovr@yandex.ru, buro@sovrhistory.ru, kr-presnya@sovrhistory.ru, Sadovnicheskaya@sovrhistory.ru, galereya@sovrhistory.ru, Podpolye@sovrhistory.ru, katyn-memorial@mail.ru, mednoe@sovrhistory.ru;+7 (495) 699-09-74, +7 (495) 699-11-90, +7 (495) 699-52-17, +7 (495) 699-54-58, +7 (495) 699-67-24, +74956996724, +74992523035, +74956997418, +74955908356, +74992516943, +74812305642, Экскурсионное бюро;55.766156;37.601578;"Сайт доступен; запись музея требует проверки"
Государственный центральный музей современной истории России, филиал Пресня;Большой Предтеченский пер., 4, стр. 2, Москва;Музеи;История и культура;Предварительно по названию;http://www.sovr.ru/, https://dzen.ru/sovrhistory, https://www.sovrhistory.ru/;https://t.me/sovrhistory;museum@sovrhistory.ru, pr.sovr@yandex.ru, buro@sovrhistory.ru, kr-presnya@sovrhistory.ru, Sadovnicheskaya@sovrhistory.ru, galereya@sovrhistory.ru, Podpolye@sovrhistory.ru, katyn-memorial@mail.ru, mednoe@sovrhistory.ru;+7 (495) 699-09-74, +7 (495) 699-52-17, +7 (495) 699-54-58, +7 (499) 252-01-06, +7 (499) 252-01-08, +7 (499) 252-29-00, +7 (499) 252-30-35, +74956996724, +74992523035, +74956997418, +74955908356, +74992516943, +74812305642, Экскурсионное бюро;55.759326;37.571065;"Сайт доступен; запись музея требует проверки"
Государственный центральный театральный музей им. Бахрушина А. А.;улица Щепкина, 47 ст2;Музеи;Музыка, театр и кино;Предварительно по названию;http://bakhrushinmuseum.ru, http://www.gctm.ru;https://t.me/bakhrushinmuseum;qluqua@gmail.com;+7 (499) 484‒77‒77, +7 /499/ 484-77-77;55.781703;37.629143;"Сайт доступен; запись музея требует проверки"
Граммофоника, музей виниловой музыки;улица Стромынка, 13;Музеи;Музыка, театр и кино;Предварительно по названию;http://grammofonika.ru, http://grammofonika.ru/;;;+7 (495) 191‒51‒78, +7 (495) 191-51-78;55.794158;37.692901;Справочник: актуальность не проверена
ГРАУНД Солянка;ул. Солянка, 1/2с2, Москва;Музеи;Другие / требуют уточнения;Предварительно по названию;https://solyankagallery.ru/;;solyankagallery@culture.mos.ru;+7 (495) 118-91-75;55.754648;37.638437;"Сайт доступен; запись музея требует проверки"
Грот, павильон;улица Юности, 2 ст11;Музеи;Другие / требуют уточнения;Предварительно по названию;http://kuskovo.ru, http://kuskovo.ru/, http://kuskovo.ru/eto_interesno/arhitekturno-parkovyj_ansambl_kuskovo/grot/;https://t.me/kuskovo_museum;zakaz@kuskovo.ru, museum_kuskovo@mail.ru, pr@kuskovo.ru, AvdoninSV@culture.mos.ru, OvchinnikovaOA1@culture.mos.ru, GrigorevaEY@culture.mos.ru, EreminaOI1@culture.mos.ru, GribovaIM@culture.mos.ru, KovalskayaEB@culture.mos.ru, OsipovaNP1@culture.mos.ru, SemchenkoSA@culture.mos.ru;+7 (495) 370‒01‒50, +7 (495) 375‒31‒31, +7 (495) 375-31-31, %0A+74953753131%0A, +74953753131;55.73508;37.810392;"Сайт доступен; запись музея требует проверки"
Гцтм имени А. А. Бахрушина, филиал Музей-квартира В. Э. Мейерхольда;Брюсов пер., 12, Москва;Музеи-квартиры;Музыка, театр и кино;Предварительно по названию;http://www.gctm.ru/, http://www.gctm.ru/branches/mkm;https://t.me/bakhrushinmuseum;gctm@gctm.ru, qluqua@gmail.com;+7 (495) 484-77-77, +7 (499) 484-77-77, 8 (800) 777-74-84, +7 /499/ 484-77-77;55.760031;37.609888;"Сайт доступен; запись музея требует проверки"
Дали & Пикассо, художественная выставка;улица Старая Басманная, 15а ст4;Музеи;Искусство и архитектура;Предварительно по названию;http://iskusstvo.org/proekty-fonda-iskusstvo-natsiy/vystavka-dali-i-pikasso/;https://t.me/foundationartofthenations, https://t.me/pro_muzey_tours;development@artofthenations.org, info@artofthenations.org, info@dalipicasso.com, lectures@artofthenations.org, mymail@mymail.ru, pr@artofthenations.org, pro.muzey@gmail.com, souvenir@dalipicasso.com;+79057864846;55.765873;37.660836;"Сайт доступен; запись музея требует проверки"
Дали Пикассо;Старая Басманная ул., 15, стр. 3, Москва;Музеи;Другие / требуют уточнения;Предварительно по названию;https://iskusstvo.org/proekty-fonda-iskusstvo-natsiy/vystavka-dali-i-pikasso/?utm_campaign=promo&utm_medium=cpm&utm_source=yandex_maps;https://t.me/foundationartofthenations, https://t.me/pro_muzey_tours;info@artofthenations.org, info@dalipicasso.com, pr@artofthenations.org;+79057864846;55.765691;37.660486;"Сайт доступен; запись музея требует проверки"
Дача, музейно-выставочный центр;Союзный проспект, 15а;Музеи;Другие / требуют уточнения;Предварительно по названию;http://naive-museum.ru;https://t.me/musnaive;mrlini@culture.mos, musnaive@gmail.com, mrlini@culture.mos.ru;+7 (495) 301‒03‒48, +7 (495) 303‒15‒14, +7 (495) 303‒57‒83, +7 (495) 608‒52‒21, +74956085221;55.749991;37.813515;"Сайт доступен; запись музея требует проверки"
Дворец борьбы имени Ивана Ярыгина;Авиамоторная ул., 40, Москва;Музеи;Другие / требуют уточнения;Предварительно по названию;http://сдюсшор64.рф/;;;;55.741779;37.720277;"Сайт доступен; запись музея требует проверки"
Дворец графов Шереметевых;ул. Юности, 2, стр. 1, Москва;Музеи;Другие / требуют уточнения;Предварительно по названию;https://www.kuskovo.ru/;https://t.me/kuskovo_museum;zakaz@kuskovo.ru, museum_kuskovo@mail.ru, pr@kuskovo.ru, AvdoninSV@culture.mos.ru, OvchinnikovaOA1@culture.mos.ru, GrigorevaEY@culture.mos.ru, EreminaOI1@culture.mos.ru, GribovaIM@culture.mos.ru, KovalskayaEB@culture.mos.ru, OsipovaNP1@culture.mos.ru, SemchenkoSA@culture.mos.ru;+7 (495) 375-31-31, %0A+74953753131%0A, +74953753131;55.735314;37.807611;"Сайт доступен; запись музея требует проверки"
Дворец Разумовских;Тверская улица, 21 ст1;Музеи;Другие / требуют уточнения;Предварительно по названию;;;;;55.766196;37.60174;Справочник: актуальность не проверена
Дворец царя Алексея Михайловича в Коломенском;проспект Андропова, 39 к69;Музеи;История и культура;Предварительно по названию;http://www.mgomz.ru;https://t.me/kolomenskoe_moscow;;+7 (499) 782‒89‒03;55.655742;37.656918;"Сайт доступен; запись музея требует проверки"
Дворец царя Алексея Михайловича в Коломенском, киоск по продаже билетов;;Музеи;История и культура;Предварительно по названию;http://mgomz.ru;https://t.me/kolomenskoe_moscow;;+7 (499) 614‒88‒80;55.655677;37.657816;"Сайт доступен; запись музея требует проверки"
Дворец царя Алексея Михайловича Романова;просп. Андропова, 39, стр. 69, Москва;Музеи;История и культура;Предварительно по названию;http://mgomz.ru/, https://www.mgomz.ru/ru/exhibition/dvorets-alekseya-mihailovicha-istoriko-hudozhestvennaya-rekonstruktsiya;https://t.me/kolomenskoe_moscow;;+7 (499) 614-88-80;55.6559;37.656582;"Сайт доступен; запись музея требует проверки"
Детский музей;Дольская улица, 1 ст6;Музеи;Другие / требуют уточнения;Предварительно по названию;http://tsaritsyno-museum.ru, http://tsaritsyno-museum.ru/kids;https://t.me/tsaritsyno_kids, https://t.me/tsaritsyno_museum;tickets-vozvrat_ts@culture.mos, buro_ts@culture.mos.ru, comifo_ts@culture.mos.ru, sport_ts@culture.mos.ru, tsaritsynomuseum@culture.mos.ru, press.tsaritsyno@culture.mos.ru, personal_ts@culture.mos.ru, tsaritsyno@culture.mos.ru, TSMR-Friends@culture.mos.ru, GrishinaEA@culture.mos.ru;+7 (495) 322‒44‒33, +74953224433, +74953253141, +79015243114, +79260015659, +74953218609;55.615518;37.683205;"Сайт доступен; запись музея требует проверки"
Детский приют Евангелического попечительства о бедных женщинах и детях;Гороховский переулок, 17;Музеи;Другие / требуют уточнения;Предварительно по названию;;;;;55.765291;37.667742;Справочник: актуальность не проверена
Детский центр;Манежная ул., 7, стр. 2, Москва;Музеи;Другие / требуют уточнения;Предварительно по названию;https://www.kreml.ru/, https://www.kreml.ru/learning/kids/;https://t.me/kremlinmuseums;head@kremlin.museum.ru, m.koroleva@kremlin.museum.ru, morozova@kremlin.museum.ru, press@kremlin.museum.ru, zabolotskikh@kremlin.museum.ru, buro16@kreml.ru, buro15@kreml.ru, deti@kreml.ru, medvedeva@kreml.ru, head@kreml.ru, partners@kreml.ru, kazarian@kreml.ru, malygina@kreml.ru, press@kreml.ru, milovzorova@kreml.ru, faleev@kreml.ru, design@kreml.ru, blagov@kreml.ru, andreeva.m@kreml.ru, maria.zhulina@kreml.ru, nch@kreml.ru, library@kreml.ru, store@kreml.ru, g.mikhailova@kreml.ru, Julia.Kh@kreml.ru, job@kreml.ru;+7 (495) 695-41-46, +7 (495) 695-75-81, +7 (495) 697-03-49, +74956970349, +74956954631, +74956954146, +74956903094, +74956957581, +74956974115, null, +74956959558, +74956959723, +74956904858, +74956954187, +74956978086, +74956957927, +74956959665, +74956958541, +74956975579, +74956974361, +74956956649, +74956974062, +74956454631, +74956240902, +74956953812, +74956953912, +74956959887, +74956970878, +74956959575, +74956240264, +74956959842, +74956957064, +74956953998, +74956976096, +74956956575;55.750732;37.611305;"Сайт доступен; запись музея требует проверки"
Динамо, музей;Ленинградский проспект, 36 ст28;Музеи;Спорт;Предварительно по названию;http://dynamomuseum.ru;https://t.me/dynamomuseum;info@dynamomuseum.ru;+7 (495) 568‒10‒01, 8‒800‒302‒19‒23;55.789345;37.56086;Справочник: актуальность не проверена
Диорама Москва — столица СССР;Кутузовский просп., 2/1с1, Москва;Музеи;Другие / требуют уточнения;Предварительно по названию;;;;;55.751339;37.56528;Справочник: актуальность не проверена
Дирекция Третьяковской галереи;Малый Толмачёвский пер., 9/8с1, Москва;Музеи;Искусство и архитектура;Предварительно по названию;https://www.tretyakovgallery.ru/, https://www.tretyakovgallery.ru/for-visitors/museums/tretyakovskaya-galereya/;;acceess@tretyakov.ru, access@tretyakov.ru, golubkina2014@yandex.ru, membership@tretyakov.ru, samara@tretyakov.ru, u003eacceess@tretyakov.ru, u003eaccess@tretyakov.ru;+7 (495) 957-07-27, +7 (495) 957-07-27 (колл-центр), +7 (929) 515-82-94 (музей);55.741546;37.619587;"Сайт доступен; запись музея требует проверки"
Добрый музей;Малый Толмачёвский пер., 6, стр. 1, Москва;Музеи;Другие / требуют уточнения;Предварительно по названию;https://www.tretyakovgallery.ru/, https://www.tretyakovgallery.ru/edu/o/vystavka-v-dobrom-muzee/, https://www.tretyakovgallery.ru/for-visitors/museums/dobryi-muzei;;;+7 (495) 957-07-27, +7 (495) 957-07-27 (колл-центр), +7 (929) 515-82-94 (музей);55.741972;37.618534;"Сайт доступен; запись музея требует проверки"
Доктор Лиза;Пятницкая ул., 18, стр. 3, Москва;Музеи;Другие / требуют уточнения;Предварительно по названию;http://www.liza.fund/;https://t.me/liza_fund;info@liza.fund;;55.742109;37.627566;"Сайт доступен; запись музея требует проверки"
Дом А. Ф. Лосева;ул. Арбат, 33, Москва;Музеи;Другие / требуют уточнения;Предварительно по названию;http://domloseva.ru/, http://www.losev-library.ru/, https://www.mos.ru/afisha/venues/204211/;https://t.me/domloseva;074541a507ad4ae292928da49e1e1c97@sentry.mos.ru, 428f10842e66b8696a82235310bd60f4@sentry.mos.ru, 57e031a773634641abeb51cec8e3db29@sentry.mos.ru, b282403bcd214604b792aaac9b59c4ea@sentry.mos.ru, press-service@mos.ru;+7 (499) 252-82-72, +7 (499) 252-86-59;55.74964;37.592415;"Сайт доступен; запись музея требует проверки"
Дом А. Ф. Лосева, Музей;улица Арбат, 33/12;Музеи;Другие / требуют уточнения;Предварительно по названию;http://www.losev-library.ru;https://t.me/domloseva;;+7 (499) 252‒82‒72, +7 (499) 252‒83‒72;55.749666;37.592438;"Сайт доступен; запись музея требует проверки"
Дом ангелов на Арбате;;Музеи;Другие / требуют уточнения;Предварительно по названию;http://дом-ангелов.рф/;https://t.me/academy_angels;;;55.752387;37.598866;"Сайт доступен; запись музея требует проверки"
Дом Ангелов на Арбате, музей;улица Арбат, 4 ст1-1а;Музеи;Другие / требуют уточнения;Предварительно по названию;http://xn----8sbgdcj6bdlgh.xn--p1ai;https://t.me/academy_angels;angel-museum@mail.ru;;55.752378;37.598944;"Сайт доступен; запись музея требует проверки"
Дом бабочек, Муравьёв и Рептилий;просп. Мира, 119, стр. 519, Москва;Музеи;Другие / требуют уточнения;Предварительно по названию;https://butterflarium.ru/;;info@butterflarium.ru;+7 (495) 997-19-00, +79859971900;55.83294;37.630803;"Сайт доступен; запись музея требует проверки"
Дом Булата;Плотников пер., 21, стр. 1, Москва;Музеи;Другие / требуют уточнения;Предварительно по названию;http://www.dombulata.ru/;https://t.me/dombulata;;+7 (499) 241-55-18;55.747623;37.58795;"Сайт доступен; запись музея требует проверки"
Дом Бурганова, музей;Большой Афанасьевский переулок, 15 ст9;Музеи;Искусство и архитектура;Предварительно по названию;http://burganov.ru;https://t.me/domburganova;3adomburganova@culture.mos, 6950429@gmail.com, domburganova@culture.mos, domburganova@culture.mos.ru;+7 (495) 695‒04‒18, +7 (495) 695‒04‒29, +74956950429, +74956950418, +74956950419;55.74657;37.597292;"Сайт доступен; запись музея требует проверки"
Дом великана;просп. Мира, 119, стр. 55, Москва;Музеи;Другие / требуют уточнения;Предварительно по названию;https://msk.smile-park.ru/;;support@smile-park.ru;8 (800) 600-58-08, 84993258100;55.835238;37.623184;"Сайт доступен; запись музея требует проверки"
Дом Гарри;ул. Верхняя Масловка, 21, Москва;Музеи;Другие / требуют уточнения;Предварительно по названию;https://домгарри.рф/;https://t.me/mirgarry, https://t.me/dom_garry, https://t.me/markofi;domgarry@yandex.ru, domgarry@ya.ru;+74956498428, +79309374704, +79959053847, +79581757824, +79175863584, +79251935330, ‪+79777031329‬, +79110916476;55.795822;37.560327;"Сайт доступен; запись музея требует проверки"
Дом И. С. Остроухова;Трубниковский пер., 17, стр. 1, Москва;Музеи;Другие / требуют уточнения;Предварительно по названию;https://goslitmuz.ru/, https://goslitmuz.ru/museums/dom-i-s-ostroukhova-v-trubnikakh/;https://t.me/arkamarka_centre, https://t.me/calendar_kids, https://t.me/literaturemuseum;ex@goslitmuz.ru, kniga@goslitmuz.ru, arkamarka@goslitmuz.ru;+7 (495) 695-53-08;55.754777;37.58656;"Сайт доступен; запись музея требует проверки"
Дом И. С. Остроухова, ГМИРЛИ им. В. И. Даля;Трубниковский переулок, 17 ст1;Музеи;Другие / требуют уточнения;Предварительно по названию;http://goslitmuz.ru/museums/dom-i-s-ostroukhova-v-trubnikakh/;https://t.me/v_trubnikah, https://t.me/arkamarka_centre, https://t.me/calendar_kids, https://t.me/literaturemuseum;ex@goslitmuz.ru, info@goslitmuz.ru, kniga@goslitmuz.ru, media@goslitmuz.ru, y.glotova@goslitmuz.ru, arkamarka@goslitmuz.ru;+7 (495) 695‒46‒18, +7 (495) 695‒53‒08;55.754832;37.586599;"Сайт доступен; запись музея требует проверки"
Дом купцов Кузнецовых;просп. Мира, 41, стр. 1, Москва;Музеи;Другие / требуют уточнения;Предварительно по названию;;;;;55.781348;37.632991;Справочник: актуальность не проверена
Дом Н.В. Гоголя;Никитский бульвар, 7а;Музеи;Писатели и литература;Предварительно по названию;http://www.domgogolya.ru;https://t.me/domgogolya;domgogolya@culture.mos, gogolabonement@culture.mos, gogolbuh@culture.mos, gogolhoz@culture.mos, gogolinfo@yandex.ru, gogolnota@culture.mos, prikhodkoem@culture.mos, domgogolya@culture.mos.ru, gogolnota@culture.mos.ru, gogolabonement@culture.mos.ru, gogolhoz@culture.mos.ru, gogolbuh@culture.mos.ru, prikhodkoem@culture.mos.ru;+7 (495) 690‒58‒81, +74956905881, +74956957547, +74956911240, +74956958196, +74956918375, +74956917205, +7 495 691-15-50, +7 495 697-73-33, +7 495 691-28-67;55.75408;37.599881;"Сайт доступен; запись музея требует проверки"
Дом Н.В.Гоголя;Никитский бул., 7А, Москва;Музеи;Писатели и литература;Предварительно по названию;https://www.domgogolya.ru/, http://domgogolya.ru/;https://t.me/domgogolya;domgogolya@culture.mos.ru, gogolabonement@culture.mos.ru, gogolinfo@yandex.ru, gogolnota@culture.mos.ru, gogolzal@culture.mos.ru, gogolhoz@culture.mos.ru, gogolbuh@culture.mos.ru, prikhodkoem@culture.mos.ru;+7 (495) 690-58-81, +7 (495) 691-12-40, +7 (495) 695-75-47, +74956905881, +74956957547, +74956911240, +74956958196, +74956918375, +74956917205, +7 495 691-15-50, +7 495 697-73-33, +7 495 691-28-67;55.754084;37.599861;"Сайт доступен; запись музея требует проверки"
Дом на набережной, музей;улица Серафимовича, 2;Музеи;Другие / требуют уточнения;Предварительно по названию;http://dnnmuseum.ru;;museumdom@gmig.ru;+7 (495) 959‒49‒36;55.745282;37.611933;Справочник: актуальность не проверена
Дом Пороховщикова;Староконюшенный пер., 36, стр. 1, Москва;Музеи;Другие / требуют уточнения;Предварительно по названию;;;;+7 (495) 690-50-07, +7 (495) 691-22-01, +7 (495) 695-83-15;55.749798;37.594687;Справочник: актуальность не проверена
Дом Русского зарубежья им. А. Солженицына, музей;улица Нижняя Радищевская, 2;Музеи;Писатели и литература;Предварительно по названию;http://domrz.ru;https://t.me/domrz;info@bfrz.ru, domimsolzhenitsina@culture.mos.ru, TRCY-prdomrz@culture.mos.ru;+7 (495) 137‒83‒56, +74951378387, +74951378408, +74951378390, +74951378384, +74951378402, +74951378401, +74951378356;55.743104;37.651551;"Сайт доступен; запись музея требует проверки"
Дом Русского зарубежья им. А. Солженицына, музей-квартира;Тверская улица, 12 ст8;Музеи-квартиры;Писатели и литература;Предварительно по названию;http://domrz.ru;https://t.me/domrz;info@bfrz.ru, domimsolzhenitsina@culture.mos.ru, TRCY-prdomrz@culture.mos.ru;+7 (495) 692‒04‒01, +74951378387, +74951378408, +74951378390, +74951378384, +74951378402, +74951378401, +74951378356;55.76375;37.609433;"Сайт доступен; запись музея требует проверки"
Дом русского зарубежья имени А. И. Солженицына;Нижняя Радищевская ул., 2, Москва;Музеи;Писатели и литература;Предварительно по названию;http://www.domrz.ru/, https://taplink.cc/dom_russkogo_zarubezhja;https://t.me/domrz;bibliodomrz@yandex.ru, info@bfrz.ru, domimsolzhenitsina@culture.mos.ru, TRCY-prdomrz@culture.mos.ru;+7 (495) 137-83-56, +7 (495) 137-83-87, +74951378387, +74951378408, +74951378390, +74951378384, +74951378402, +74951378401, +74951378356;55.743032;37.651547;"Сайт доступен; запись музея требует проверки"
Дом сказок Жили-были;Измайловское ш., 73Ж, Москва;Музеи;Интерактивные и необычные;Предварительно по названию;http://www.domskazok.su/;https://t.me/domskazok_moskva;domskazok1995@mail.ru;+7 (495) 980-95-60, +79680510955, +79160871223, +79936155959, +74991640576;55.794583;37.750137;"Сайт доступен; запись музея требует проверки"
Дом Стахеева Дом железнодорожников;Новая Басманная улица, 14 ст1;Музеи;Транспорт;Предварительно по названию;;;;;55.76918;37.658116;Справочник: актуальность не проверена
Дом-музей А. Н. Островского;улица Малая Ордынка, 9/12 ст6;Музеи-квартиры;Другие / требуют уточнения;Предварительно по названию;http://www.gctm.ru;https://t.me/bakhrushinmuseum;qluqua@gmail.com;+7 (499) 484‒77‒77, +7 /499/ 484-77-77;55.738856;37.626393;"Сайт доступен; запись музея требует проверки"
Дом-музей А.И. Герцена;переулок Сивцев Вражек, 27;Музеи-квартиры;Другие / требуют уточнения;Предварительно по названию;http://goslitmuz.ru;https://t.me/literaturemuseum, https://t.me/arkamarka_centre, https://t.me/calendar_kids;belkevich@goslitmuz.ru, arkamarka@goslitmuz.ru, ex@goslitmuz.ru;+7 (495) 695‒53‒08, +7 (499) 241‒58‒59;55.746947;37.591813;"Сайт доступен; запись музея требует проверки"
Дом-музей А.И. Герцена;пер. Сивцев Вражек, 27, Москва;Музеи-квартиры;Другие / требуют уточнения;Предварительно по названию;https://goslitmuz.ru/, https://goslitmuz.ru/museums/dom-muzey-a-i-gertsena/;https://t.me/arkamarka_centre, https://t.me/calendar_kids, https://t.me/literaturemuseum;ex@goslitmuz.ru, kniga@goslitmuz.ru, arkamarka@goslitmuz.ru;+7 (499) 241-58-59;55.747022;37.59177;"Сайт доступен; запись музея требует проверки"
Дом-музей А.П. Чехова;Садовая-Кудринская улица, 6 ст2;Музеи-квартиры;Писатели и литература;Предварительно по названию;http://goslitmuz.ru/museums/dom-muzey-a-p-chekhova/, http://www.goslitmuz.ru;https://t.me/glm_chekhov, https://t.me/arkamarka_centre, https://t.me/calendar_kids, https://t.me/literaturemuseum;domkch@yandex.ru, dostoevskij_f_m@mail.ru, dunino@mail.ru, eav_63@mail.ru, ex@goslitmuz.ru, helenkn@yandex.ru, info@goslitmuz.ru, kaverina_dasha@mail.ru, kniga@goslitmuz.ru, krasnova@goslitmuz.ru, ksenia.be@gmail.com, lermontov@goslitmuz.ru, matveeva@goslitmuz.ru, media@goslitmuz.ru, muzchekhov@gmail.com, nevski62@mail.ru, otdelipr@gmail.com, papanovanatalia@gmail.com, pasternakmuz@mail.ru, salagar-inna@mail.ru, shaposhnikov-m@ya.ru, solzhenitsyn@goslitmuz.ru, y.glotova@goslitmuz.ru, zhelvakova.i@yandex.ru, arkamarka@goslitmuz.ru;+7 (495) 691‒38‒37;55.760334;37.58619;"Сайт доступен; запись музея требует проверки"
Дом-музей А.П. Чехова;Садовая-Кудринская ул., 6, Москва;Музеи-квартиры;Писатели и литература;Предварительно по названию;http://www.goslitmuz.ru/museums/dom-muzey-a-p-chekhova, https://goslitmuz.ru/;https://t.me/arkamarka_centre, https://t.me/calendar_kids, https://t.me/literaturemuseum;ex@goslitmuz.ru, kniga@goslitmuz.ru, arkamarka@goslitmuz.ru;+7 (495) 691-38-37, +7 (495) 691-61-54, +7 (495) 695-53-08;55.760306;37.586233;"Сайт доступен; запись музея требует проверки"
Дом-музей Аксаковых;пер. Сивцев Вражек, 30, стр. 4, Москва;Музеи-квартиры;Другие / требуют уточнения;Предварительно по названию;;;;;55.747047;37.5903;Справочник: актуальность не проверена
Дом-музей Б. Л. Пастернака;ул. Павленко, 3, посёлок ДСК Мичуринец;Музеи-квартиры;Другие / требуют уточнения;Предварительно по названию;https://goslitmuz.ru/museums/, https://www.goslitmuz.ru/museums/dom-muzey-b-l-pasternaka/;https://t.me/arkamarka_centre, https://t.me/calendar_kids, https://t.me/literaturemuseum;ex@goslitmuz.ru, kniga@goslitmuz.ru, arkamarka@goslitmuz.ru;+7 (495) 695-53-08;55.661326;37.333813;"Сайт доступен; запись музея требует проверки"
Дом-музей В.Л. Пушкина;улица Старая Басманная, 36;Музеи-квартиры;Писатели и литература;Предварительно по названию;http://pushkinmuseum.ru;https://t.me/pushkin_museum;dolohova.julia@mail.ru, info@a-s-pushkinmus.ru, otdelkadrovgmp@mail.ru, presspr@pushkinmuseum.ru, pushkinmus@culture.mos, support@pushkinmuseum.ru, username@yourmail.ru, %20pushkinmus@culture.mos.ru, DolokhovaYV@culture.mos.ru;+7 (499) 263‒10‒57;55.769028;37.668972;"Сайт доступен; запись музея требует проверки"
Дом-музей Василия Львовича Пушкина;Старая Басманная ул., 36, Москва;Музеи-квартиры;Писатели и литература;Предварительно по названию;http://www.pushkinmuseum.ru/, http://www.pushkinmuseum.ru/?q=node/2;https://t.me/pushkin_museum;info@a-s-pushkinmus.ru, pushkinmus@culture.mos.ru, %20pushkinmus@culture.mos.ru, DolokhovaYV@culture.mos.ru, presspr@pushkinmuseum.ru;+7 (495) 637-56-74, +7 (499) 261-92-70, +7 (499) 263-10-57;55.769039;37.668933;"Сайт доступен; запись музея требует проверки"
Дом-музей Великой княгини Елизаветы Феодоровны;улица Большая Ордынка, 34 ст5;Музеи-квартиры;Другие / требуют уточнения;Предварительно по названию;http://mmom.ru;https://t.me/obitelmiloserdia;mmom@mmom.ru, museum@mmom.ru, dobro@mmom.ru, press.mmom@mmom.ru;+7 (495) 778‒56‒14, +7 (499) 350‒51‒81, +74997042173;55.737809;37.624052;"Сайт доступен; запись музея требует проверки"
Дом-музей Г. Серебряковой;улица Лермонтова, 2;Музеи-квартиры;Другие / требуют уточнения;Предварительно по названию;;https://t.me/galinaserebryakova_dom;;;55.654901;37.323777;Справочник: актуальность не проверена
Дом-музей Зураба Церетели;ул. Лермонтова, 1Д, посёлок ДСК Мичуринец;Музеи-квартиры;Искусство и архитектура;Предварительно по названию;;;;;55.650327;37.323617;Справочник: актуальность не проверена
Дом-музей и экспедиционный штаб Фёдора Конюхова;Садовническая ул., 77, стр. 4, Москва;Музеи-квартиры;Другие / требуют уточнения;Предварительно по названию;http://konyukhov.ru/;https://t.me/konyukhovfedor, https://t.me/oscarkonyukhov, https://t.me/scarkonyukhov;oscar75@yandex.ru, konyukhov.center@gmail.com, v.nedelko@ndprt.ru;+79265520501;55.735451;37.643802;"Сайт доступен; запись музея требует проверки"
Дом-музей И. С. Тургенева, г. Москва;улица Остоженка, 37/7 ст1;Музеи-квартиры;Писатели и литература;Предварительно по названию;http://kuskovo.ru, http://russpass.ru/usadby-moskvy, http://www.pushkinmuseum.ru;https://t.me/kuskovo_museum, https://t.me/pushkin_museum;dolohova.julia@mail.ru, info@a-s-pushkinmus.ru, otdelkadrovgmp@mail.ru, presspr@pushkinmuseum.ru, presstourism@mos.ru, pushkinmus@culture.mos, pushkinmus@culture.mos.ru, username@yourmail.ru, zakaz@kuskovo.ru, museum_kuskovo@mail.ru, pr@kuskovo.ru, AvdoninSV@culture.mos.ru, OvchinnikovaOA1@culture.mos.ru, GrigorevaEY@culture.mos.ru, EreminaOI1@culture.mos.ru, GribovaIM@culture.mos.ru, KovalskayaEB@culture.mos.ru, OsipovaNP1@culture.mos.ru, SemchenkoSA@culture.mos.ru, %20pushkinmus@culture.mos.ru, DolokhovaYV@culture.mos.ru;+7 (495) 637‒56‒74, +7 (495) 695‒10‒78, %0A+74953753131%0A, +74953753131;55.738771;37.596121;"Сайт доступен; запись музея требует проверки"
Дом-музей Игоря Курчатова;площадь Академика Курчатова, 1, Москва;Музеи-квартиры;Наука и техника;Предварительно по названию;;;;;55.801364;37.477085;Справочник: актуальность не проверена
Дом-музей К. С. Станиславского;Леонтьевский переулок, 6 ст1;Музеи-квартиры;Другие / требуют уточнения;Предварительно по названию;http://museummhat.ru;https://t.me/museummhat;a.s.knyazeva@museummhat.ru, arhiv@museummhat.ru, d.v.kozhevnikova@museummhat.ru, e.a.peterson@museummhat.ru, info@museummhat.ru, k.b.kerber@museummhat.ru, ks@museummhat.ru, m.a.drobysheva@museummhat.ru, nd@museummhat.ru, news@museummhat.ru, o.a.agushina@museummhat.ru, r.v.ermoshin@museummhat.ru;+7 (495) 629‒24‒42, +79863407116, +74956925187, +74956923866, +7;55.758851;37.602988;"Сайт доступен; запись музея требует проверки"
Дом-музей К.И. Чуковского;ул. Серафимовича, 3, посёлок ДСК Мичуринец;Музеи-квартиры;Писатели и литература;Предварительно по названию;;;;+7 (495) 593-26-70, +7 (495) 695-53-08;55.658152;37.330396;Справочник: актуальность не проверена
Дом-музей К.С. Станиславского;Леонтьевский пер., 6, стр. 1, Москва;Музеи-квартиры;Другие / требуют уточнения;Предварительно по названию;https://museummhat.ru/;https://t.me/museummhat;info@museummhat.ru, arhiv@museummhat.ru, r.v.ermoshin@museummhat.ru, o.a.agushina@museummhat.ru, e.a.peterson@museummhat.ru, d.v.kozhevnikova@museummhat.ru, ks@museummhat.ru, nd@museummhat.ru;+7 (495) 629-95-04, +79863407116, +74956925187, +74956923866, +7;55.758942;37.602797;"Сайт доступен; запись музея требует проверки"
Дом-музей М. Н. Ермоловой;Тверской бул., 11, стр. 1, Москва;Музеи-квартиры;Другие / требуют уточнения;Предварительно по названию;http://www.gctm.ru/, http://www.gctm.ru/branches/dme, https://www.bakhrushinmuseum.ru/;https://t.me/bakhrushinmuseum;gctm@gctm.ru, qluqua@gmail.com;+7 (495) 484-77-77, +7 (499) 484-77-77, +7 /499/ 484-77-77;55.759919;37.599548;"Сайт доступен; запись музея требует проверки"
Дом-музей М. С. Щепкина;ул. Щепкина, 47, стр. 2, Москва;Музеи-квартиры;Другие / требуют уточнения;Предварительно по названию;http://gctm.ru/branch/dom-muzey-m-s-shhepkina, http://www.gctm.ru/;https://t.me/bakhrushinmuseum;gctm@gctm.ru, qluqua@gmail.com;+7 (495) 600-61-49, +7 (499) 484-77-77, +7 /499/ 484-77-77;55.78166;37.629079;"Сайт доступен; запись музея требует проверки"
Дом-музей М.Н. Ермоловой;Тверской бульвар, 11;Музеи-квартиры;Другие / требуют уточнения;Предварительно по названию;http://www.bakhrushinmuseum.ru;https://t.me/bakhrushinmuseum;dilyarsb@yandex.ru, irina-g@gctm.ru, qluqua@gmail.com;+7 /499/ 484-77-77;55.759908;37.599612;"Сайт доступен; запись музея требует проверки"
Дом-музей М.Ю. Лермонтова;улица Малая Молчановка, 2;Музеи-квартиры;Писатели и литература;Предварительно по названию;http://goslitmuz.ru/museums/dom-muzey-m-yu-lermontova/, https://goslitmuz.ru/museums/dom-muzey-m-yu-lermontova;https://t.me/arkamarka_centre, https://t.me/calendar_kids, https://t.me/literaturemuseum;ex@goslitmuz.ru, info@goslitmuz.ru, kniga@goslitmuz.ru, media@goslitmuz.ru, y.glotova@goslitmuz.ru, arkamarka@goslitmuz.ru;+7 (495) 695‒53‒08, +7 (495) 695-53-08;55.753595;37.594187;"Сайт доступен; запись музея требует проверки"
Дом-музей Марины Цветаевой;Борисоглебский переулок, 6 ст1;Музеи-квартиры;Писатели и литература;Предварительно по названию;http://dommuseum.ru/;https://t.me/tsvetaevamuseum;253amuzeicvetaevoi@culture.mos, 3amuzeicvetaevoi@culture.mos, altukhovakn@culture.mos, fedorovani@culture.mos, muzeicvetaevoi@culture.mos, priemnaja@culture.mos, AltukhovaKN@culture.mos.ru, muzeicvetaevoi@culture.mos.ru;+7 (495) 695‒35‒43, +7 (495) 697‒53‒69, +7 (495) 697‒59‒97;55.754233;37.590154;"Сайт доступен; запись музея требует проверки"
Дом-музей Марины Цветаевой;Борисоглебский пер., 6, стр. 1, Москва;Музеи-квартиры;Писатели и литература;Предварительно по названию;http://www.dommuseum.ru/, https://dzen.ru/domtsvetaevoi;https://t.me/tsvetaevamuseum;muzeicvetaevoi@culture.mos.ru, AltukhovaKN@culture.mos.ru;+7 (495) 695-35-43, +7 (495) 697-32-80, +7 (495) 697-61-94, +7 (495) 697-80-51;55.754228;37.590078;"Сайт доступен; запись музея требует проверки"
Дом-музей писательницы Галины Серебряковой;ул. Лермонтова, 2, посёлок ДСК Мичуринец;Музеи-квартиры;Писатели и литература;Предварительно по названию;;;;;55.654806;37.323846;Справочник: актуальность не проверена
Дом-музей Фёдора Конюхова;Садовническая улица, 77 ст4;Музеи-квартиры;Другие / требуют уточнения;Предварительно по названию;;;;+7 (495) 951‒75‒01;55.735515;37.643673;Справочник: актуальность не проверена
Домик на плотине;ул. Старые Кузьминки, 10, Москва;Музеи;Другие / требуют уточнения;Предварительно по названию;;;;;55.690578;37.786948;Справочник: актуальность не проверена
Домик Петра I;просп. Андропова, 39, стр. 12, Москва;Музеи;Другие / требуют уточнения;Предварительно по названию;;;;;55.66736;37.667117;Справочник: актуальность не проверена
Домик Петра I, касса;;Музеи;Другие / требуют уточнения;Предварительно по названию;http://mgomz.ru, http://mgomz.ru/ru/place/domik-petra-i;https://t.me/kolomenskoe_moscow;hotel@mgomz.ru, info@mgomz.ru, kmm@mgomz.ru, mgomz@culture.mos, pr@mgomz.ru, pressa@avtonomiya.tatar, tickets@mgomz.ru, wedding@mgomz.ru;;55.667704;37.667671;"Сайт доступен; запись музея требует проверки"
Домик Петра I, музей;проспект Андропова, 39 ст12;Музеи;Другие / требуют уточнения;Предварительно по названию;http://mgomz.ru;https://t.me/kolomenskoe_moscow;;+7 (499) 614‒88‒80, +7 (499) 615‒27‒68;55.66738;37.667174;"Сайт доступен; запись музея требует проверки"
Домъ парфюмера, музей;переулок Столешников, 7 ст2;Музеи;Быт, ремёсла и гастрономия;Предварительно по названию;http://perfumer-house.ru, http://Www.osmogenes.ru;https://t.me/perfumer_house, https://t.me/osmogenes;olga.g@osmogenes.ru;+ 79852916656, +79852916656;55.763151;37.614271;"Сайт доступен; запись музея требует проверки"
ДОСААФ России, музей боевой и трудовой славы;Ташкентская улица, 26 к2;Музеи;Военная история;Предварительно по названию;http://dosaaf-auto.ru;;dosaafuvao@mail.ru, info@dosaaf-auto.ru, oogodosaafuvao@mail.ru, opluvao@mail.ru;+74953762131, +74953764374;55.700516;37.806407;"Сайт доступен; запись музея требует проверки"
Доходный дом Любощинских-Вернадских;Зубовский бул., 15, стр. 1, Москва;Музеи;Другие / требуют уточнения;Предварительно по названию;https://goslitmuz.ru/, https://www.goslitmuz.ru/museums/dom-lyuboshchinsky/;https://t.me/arkamarka_centre, https://t.me/calendar_kids, https://t.me/literaturemuseum;arkamarka@goslitmuz.ru, ex@goslitmuz.ru;+7 (495) 695-53-08;55.735899;37.591621;"Сайт доступен; запись музея требует проверки"
Другое искусство;ул. Чаянова, 15, Москва;Музеи;Искусство и архитектура;Предварительно по названию;http://museum.rggu.ru/;https://t.me/rggu_official;centre_museum@rggu.ru, rsuh@rsuh.ru, rggu@rggu.ru, shkarenkov.p@rggu.ru, pavlenko.ov@rggu.ru, suslenkov.my@rggu.ru, trifonov.nn@rggu.ru, efremov.aa@rggu.ru, zabotkina@rggu.ru, egoyan.le@rggu.ru, alipov.pa@rggu.ru, berezina.n@rggu.ru, 204@rggu.ru, vaza.am@rggu.ru, gorchakova.av@rggu.ru, adm_apu@rggu.ru, sazonov.pv@rggu.ru, trofimova.o@rggu.ru, shalamkovsa@rggu.ru;;55.776542;37.595677;"Сайт доступен; запись музея требует проверки"
Е.К.АртБюро;Малый Кисельный пер., 4, корп. 1, Москва;Музеи;Другие / требуют уточнения;Предварительно по названию;http://ekartmoscow.ru/;https://t.me/ekartbureau;;+7 (495) 768-65-91;55.765166;37.626875;"Сайт доступен; запись музея требует проверки"
Еврейский музей и центр толерантности;улица Образцова, 11 ст1а;Музеи;Религия и духовная культура;Предварительно по названию;http://www.jewish-museum.ru, https://www.jewish-museum.ru/;https://t.me/jewishmuseum;child@jewish-museum.ru, excursion@jewish-museum.ru, info@jewish-museum.ru, keepers@jewish-museum.ru, tc@jewish-museum.ru;+7 (495) 645‒05‒50, +7 (495) 645-05-50, +74956450550, +74956450550,280, +74956450550,210;55.789311;37.607665;"Сайт доступен; запись музея требует проверки"
Екатерина, фонд культуры;улица Кузнецкий Мост, 21/5;Музеи;Другие / требуют уточнения;Предварительно по названию;;https://t.me/ekaterinafoundation;;+7 (495) 621‒55‒22;55.762537;37.628157;Справочник: актуальность не проверена
Есенин-центр Московского государственного музея С. А. Есенина;пер. Чернышевского, 4, стр. 2, Москва;Музеи;Писатели и литература;Предварительно по названию;https://esenin-museum.ru/yesenin-center;;burtsevays@culture.mos.ru, efremovaep1@culture.mos.ru, morozkinaav@culture.mos.ru, mutlovamm@culture.mos.ru, muzeiesenina@culture.mos.ru;+7 (495) 688-79-90;55.782116;37.609198;Справочник: актуальность не проверена
Есенинский культурный центр;переулок Сивцев Вражек, 44/28;Музеи;Писатели и литература;Предварительно по названию;;;;+7 (499) 252‒83‒44;55.74649;37.586162;Справочник: актуальность не проверена
Есенинский культурный центр;пер. Сивцев Вражек, 44/28, Москва;Музеи;Писатели и литература;Предварительно по названию;;;;+7 (499) 252-83-44;55.746793;37.586443;Справочник: актуальность не проверена
Живая история, музей;улица Земляной Вал, 27 ст3;Музеи;История и культура;Предварительно по названию;http://zhivayaistoriya.com, http://zhivayaistoriya.ru, http://zhivayaistoriya.ru/;https://t.me/museum_1;veronika-pxo@mail.ru, Veronika-pxo@mail.ru;+79055481101;55.759177;37.658728;"Сайт доступен; запись музея требует проверки"
Живая история, музей;Автозаводская улица, 20 ст5;Музеи;История и культура;Предварительно по названию;http://zhivayaistoriya.ru, https://zhivayaistoriya.ru/;https://t.me/museum_1;veronika-pxo@mail.ru, Veronika-pxo@mail.ru;+79055481101;55.706196;37.63862;"Сайт доступен; запись музея требует проверки"
Жили-были, дом-музей сказок;Измайловское шоссе, 73ж;Музеи-квартиры;Интерактивные и необычные;Предварительно по названию;;https://t.me/domskazok_moskva;;;55.794018;37.751121;Справочник: актуальность не проверена
Жилой корпус экспериментального РЖСКТ Показательное строительство;Гоголевский бул., 8, Москва;Музеи;Наука и техника;Предварительно по названию;;;;;55.746263;37.601334;Справочник: актуальность не проверена
Забавушка;1-я Пугачёвская ул., 17, стр. 5, Москва;Музеи;Другие / требуют уточнения;Предварительно по названию;http://www.zabawushka.ru/;https://t.me/aistseoru, https://t.me/aistseonn;info@aistseo.ru;+79290530221;55.796602;37.73319;"Сайт доступен; запись музея требует проверки"
Забавушка, музей народной игрушки;1-я Пугачёвская улица, 17;Музеи;Быт, ремёсла и гастрономия, История и культура;Предварительно по названию;http://zabawushka.ru;https://t.me/muz_zabawushka, https://t.me/aistseoru, https://t.me/aistseonn;info@zabawushka.ru, info@aistseo.ru;+79290530221;55.796647;37.733337;"Сайт доступен; запись музея требует проверки"
Закладной камень памятника С.Д. Шереметеву;Москва, поселение Рязановское, село Остафьево;Музеи;История и культура;Предварительно по названию;http://www.ostafyevomuseum.ru/;https://t.me/ostafyevo;info@ostafyevomuseum.ru;;55.495569;37.500743;"Сайт доступен; запись музея требует проверки"
Запасной командный пункт Верховного Главнокомандующего Красной Армии И.В. Сталина периода Великой Отечественной войны 1941-1945;Советская ул., 80, стр. 22, Москва;Музеи;Военная история, История и культура;Предварительно по названию;https://stalinbunker.ru/;;;;55.797392;37.751081;"Сайт доступен; запись музея требует проверки"
Запасной командный пункт Верховного Главнокомандующего Красной Армии И.В. Сталина периода Великой Отечественной войны 1941-1945 гг.;Советская улица, 80 ст22;Музеи;Военная история, История и культура;Предварительно по названию;http://www.cmaf.ru;https://t.me/cmaf_ru;cmvs_dm@mil.ru;+7 (499) 166‒67‒68, +0 (000) 000-00-00, +7 (495) 681-4877;55.797454;37.751163;"Сайт доступен; запись музея требует проверки"
Зеркальный лабиринт;ул. Новый Арбат, 15, Москва;Музеи;Другие / требуют уточнения;Предварительно по названию;https://tochkag.net/;;;8 (800) 302-35-31;55.751948;37.592499;"Сайт доступен; запись музея требует проверки"
Зеркальный лабиринт;просп. Мира, 119, стр. 55, Москва;Музеи;Другие / требуют уточнения;Предварительно по названию;https://msk.smile-park.ru/;;support@smile-park.ru;8 (800) 600-58-08, 84993258100;55.835482;37.623206;"Сайт доступен; запись музея требует проверки"
Зиг-Заг;Большой Спасоглинищевский пер., 9/1с10, Москва;Музеи;Другие / требуют уточнения;Предварительно по названию;;;;;55.754948;37.637406;Справочник: актуальность не проверена
Златоустовский мужской монастырь;Большой Златоустинский пер., 5, стр. 3, Москва;Музеи;Религия и духовная культура;Предварительно по названию;http://zlatoustmonastyr.ru/;;your@email.com, zlatoustmonastyr@yandex.ru;;55.759301;37.633463;"Сайт доступен; запись музея требует проверки"
Золотые комнаты усадьбы Демидовых;Гороховский пер., 4, корп. 1, Москва;Музеи;История и культура;Предварительно по названию;;;;;55.764665;37.661955;Справочник: актуальность не проверена
Зоологический музей МГУ;Большая Никитская ул., 2, Москва;Музеи;Природа и естествознание;Предварительно по названию;http://izmmu.ru/, http://zmmu.msu.ru/, http://zmmu.org/;https://t.me/zmmumsu;izmmu@zmmu.msu.ru, kovaleva@zmmu.msu.ru, ladygin@zmmu.msu.ru, support@ticketscloud.org, zmmu@zmmu.msu.ru, ladyginav@my.msu.ru, olimp-zmmu@org.msu.ru;+7 (495) 629-39-48, 74956293948, +7 (495) 629–39–48, +74956293948;55.755802;37.609111;"Сайт доступен; запись музея требует проверки"
И не помнить об этом нельзя, военно-патриотический музей;улица Бехтерева, 21 к1;Музеи;Военная история;Предварительно по названию;http://sch904u.mskobr.ru/o-nas/obshchestvennaya-zhizn/muzey-i-ne-pomnit-ob-etom-nelzya;;904@edu.mos, 904recservice@sch904.ru, arhipovaee@sch904.ru, barabanovamv@sch904.ru, blik_2004@mail.ru, bogdanovaai@sch904.ru, davydova@sch904.ru, galuzinaoa@mail.ru, karas9123@mail.ru, katerinadem@rambler.ru, khovanskayaly@edu.mos, komarovaa@sch904.ru, kosovatl@sch904.ru, lalina@sch904.ru, matinkinin@sch904.ru, mikhalinaei@sch904.ru, nikitinaon@sch904.ru, nikonovvu@sch904.ru, oksanal555@yandex.ru, pelageya07@inbox.ru, polinakaw2007@gmail.com, radetskayasv@mos.ru, radetskayasv@sch904.ru, rudavka2008@gmail.com, rudavkaym@sch904.ru, scooter1507@mail.ru, sieedinaas@sch904.ru, skokorulina@gmail.com, urdihanovafb@sch904.ru, xarkova@sch904.ru, yefimovaea@sch904.ru, zaripovama@sch904.ru, zmeuss@sch904.ru;+7 (495) 325‒29‒14;55.630917;37.652383;"Сайт доступен; запись музея требует проверки"
Ивановский зал РГБ;ул. Воздвиженка, 3, стр. 5А, Москва;Музеи;Другие / требуют уточнения;Предварительно по названию;https://www.rsl.ru/;https://t.me/leninka_ru;nbros@rsl.ru;+7 (499) 557-04-70, 8 (800) 100-57-90, +74995570470, +7(499)557-04-70,11-82;55.750703;37.608096;"Сайт доступен; запись музея требует проверки"
Избушка Бабы-Яги;Измайловское ш., 73Ж, Москва;Музеи;Другие / требуют уточнения;Предварительно по названию;http://www.kremlin-izmailovo.com/, http://www.kremlin-izmailovo.com/muzei/izbushka-baby-yagi;https://t.me/kremlin_izmailovo;;+7 (495) 215-54-37;55.794185;37.751813;"Сайт доступен; запись музея требует проверки"
Измайлово, Московский объединенный музей-заповедник;;Музеи;История и культура;Предварительно по названию;http://www.mgomz.ru;https://t.me/kolomenskoe_moscow;;+7 (499) 165‒13‒36, +7 (499) 782‒89‒17, +7 (499) 782‒89‒21;55.792124;37.764519;"Сайт доступен; запись музея требует проверки"
Измайловская Николаевская военная богадельня;Москва, Восточный административный округ, район Измайлово, городок имени Баумана, 1, стр. 3;Музеи;Военная история, История и культура;Предварительно по названию;;;;;55.791177;37.765535;Справочник: актуальность не проверена
Измайловский кремль, музей анимации;Измайловское шоссе, 73ж;Музеи;История и культура;Предварительно по названию;http://animamuseum.ru;https://t.me/muzeimultikov;larisa_vibor@mail.ru;+7 (495) 940‒69‒60, +74959406960, +79104380804, +79104399191;55.794333;37.749318;"Сайт доступен; запись музея требует проверки"
Ингосстрах, музей;Пятницкая улица, 14 ст12;Музеи;Другие / требуют уточнения;Предварительно по названию;http://ingos.ru;https://t.me/ingosofficial;www@ingos.ru;+7 (495) 956‒55‒55, +78001007755;55.743102;37.626542;"Сайт доступен; запись музея требует проверки"
Инженерный корпус;Лаврушинский пер., 12, Москва;Музеи;Другие / требуют уточнения;Предварительно по названию;http://www.tretyakovgallery.ru/for-visitors/museums/inzhenernyy-korpus/, https://www.tretyakovgallery.ru/;;acceess@tretyakov.ru, access@tretyakov.ru, golubkina2014@yandex.ru, membership@tretyakov.ru, samara@tretyakov.ru, u003eacceess@tretyakov.ru, u003eaccess@tretyakov.ru;+7 (495) 957-07-27, +7 (495) 957-07-27 (колл-центр), +7 (929) 515-82-94 (музей);55.740869;37.621106;"Сайт доступен; запись музея требует проверки"
Иннопарк;Театральный пр., 5, стр. 1, Москва;Музеи;Другие / требуют уточнения;Предварительно по названию;https://park-inno.ru/;;65036-1736899200-1736901000@park-inno.ru, 65037-1736985600-1736987400@park-inno.ru, 65038-1737072000-1737073800@park-inno.ru, 65039-1737158400-1737160200@park-inno.ru, av@park-inno.ru, info_cdm@park-inno.ru, manager@park-inno.ru;+7 (499) 502-80-10;55.760137;37.624097;Справочник: актуальность не проверена
Инсектопия;Беговая ул., 24, Москва;Музеи;Другие / требуют уточнения;Предварительно по названию;https://vk.link/insectopia_moscow;;;;55.779807;37.558671;"Сайт доступен; запись музея требует проверки"
Институт Русского афона;Космодамианская набережная, 4/22 к Б;Музеи;Другие / требуют уточнения;Предварительно по названию;;;;;55.743941;37.639913;Справочник: актуальность не проверена
Интеграция, государственный музей-культурный центр им. Н. А. Островского;Тверская улица, 14;Музеи;Другие / требуют уточнения;Предварительно по названию;;https://t.me/tverskaya14;premiya@culture.mos.ru;+7 (495) 629‒49‒20, +7 (495) 629‒85‒52;55.764283;37.606622;Справочник: актуальность не проверена
Интерактивный музей мозга;Автозаводская улица, 18;Музеи;Интерактивные и необычные;Предварительно по названию;http://mozg.moscow;https://t.me/brain_museum;ilove_mybrain@gmail.com, info@mozg.team;+7(939)8537929;55.70467;37.642528;"Сайт доступен; запись музея требует проверки"
Интерактивный музей Московский Анатомикум;7-я Кожуховская ул., 9, Москва;Музеи;Наука и техника, Интерактивные и необычные;Предварительно по названию;http://mos-anatomikum.ru/;;muzey@anatomikum-moscow.ru;+7 (916) 790-32-52, +79873022110;55.710692;37.675109;"Сайт доступен; запись музея требует проверки"
Интерактивный музейный комплекс Буран;просп. Мира, 119, стр. 333, Москва;Музеи;Интерактивные и необычные;Предварительно по названию;http://vdnh.ru/, https://vdnh.ru/events/interaktivnyy-muzeynyy-kompleks-buran/;;info@vdnh.ru, press@vdnh.ru, app@vdnh.ru, tickets@vdnh.ru, admin_museum@vdnh.ru, tour_registration@vdnh.ru, museum@vdnh.ru, expo@vdnh.ru, events@vdnh.ru, souvenirs@vdnh.ru, adv@vdnh.ru, partners@vdnh.ru, rabota@vdnh.ru, cosmos@vdnh.ru;+7 (495) 544-34-00, 8(495) 544-34-00, +74957483420, +74955443400, +74957483480, +74959743366, +74959743535, +79859696055, +74959743302, +79166331083, +74991810396, +74997602585;55.832012;37.62306;"Сайт доступен; запись музея требует проверки"
Интерактивный политехнический музей Дедушкин чердак;Измайловское ш., 73Ж, Москва;Музеи;Наука и техника, Интерактивные и необычные;Предварительно по названию;http://www.museumcherdak.ru/;https://t.me/museumcherdak;museumcherdak@gmail.com;+79660867861, +79015018085, +79164415554;55.794351;37.749187;"Сайт доступен; запись музея требует проверки"
Интерактивный политехнический музей Дедушкин чердак, музей для детей от 1 до 101 года;Измайловское шоссе, 73ж;Музеи;Наука и техника, Интерактивные и необычные;Предварительно по названию;http://www.museumcherdak.ru;https://t.me/museumcherdak;museumcherdak@gmail.com;+79660867861, +79015018085, +79164415554;55.794253;37.749293;"Сайт доступен; запись музея требует проверки"
Информационный центр Музеев Московского Кремля;Москва, Центральный административный округ, Тверской район, Кремль, вл1;Музеи;История и культура;Предварительно по названию;https://www.kreml.ru/;https://t.me/kremlinmuseums;head@kremlin.museum.ru, m.koroleva@kremlin.museum.ru, morozova@kremlin.museum.ru, press@kremlin.museum.ru, zabolotskikh@kremlin.museum.ru, buro16@kreml.ru, buro15@kreml.ru, deti@kreml.ru, medvedeva@kreml.ru, head@kreml.ru, partners@kreml.ru, kazarian@kreml.ru, malygina@kreml.ru, press@kreml.ru, milovzorova@kreml.ru, faleev@kreml.ru, design@kreml.ru, blagov@kreml.ru, andreeva.m@kreml.ru, maria.zhulina@kreml.ru, nch@kreml.ru, library@kreml.ru, store@kreml.ru, g.mikhailova@kreml.ru, Julia.Kh@kreml.ru, job@kreml.ru;+7 (495) 621-63-23, +7 (495) 695-41-46, +7 (495) 695-41-56, +7 (495) 697-03-49, +74956970349, +74956954631, +74956954146, +74956903094, +74956957581, +74956974115, null, +74956959558, +74956959723, +74956904858, +74956954187, +74956978086, +74956957927, +74956959665, +74956958541, +74956975579, +74956974361, +74956956649, +74956974062, +74956454631, +74956240902, +74956953812, +74956953912, +74956959887, +74956970878, +74956959575, +74956240264, +74956959842, +74956957064, +74956953998, +74956976096, +74956956575;55.751421;37.613157;"Сайт доступен; запись музея требует проверки"
Историко-мемориальный зал Федерального казенного учреждения Войсковая часть 83466;Рублёвское ш., 68, стр. 2, Москва;Музеи;История и культура;Предварительно по названию;;;;;55.770958;37.380884;Справочник: актуальность не проверена
Историко-спортивный музей Рус Гцолифк;Сиреневый бул., 4, Москва;Музеи;История и культура, Спорт;Предварительно по названию;http://museum.sportedu.ru/;;;;55.801078;37.759844;Справочник: актуальность не проверена
Историческая площадка Паровозное депо Подмосковная;2-й Амбулаторный пр., 8А, Москва;Музеи;История и культура;Предварительно по названию;https://mzd.rzd.ru/ru/11454;;cos@center.rzd.ru, pressa-mzd@yandex.ru;+7 (499) 266-86-02, +7 (499) 266-86-09, +7 (499) 623-39-14;55.813873;37.528434;Справочник: актуальность не проверена
Историческая экспозиция пожарно-спасательной службы;улица Пречистенка, 22/2 ст2;Музеи;История и культура;Предварительно по названию;http://xn--b1ae4ad.xn--p1ai/museum/129;https://t.me/ptvystavka, https://t.me/museumpss149;info@vdpo.ru, inteb@mail.ru, 149@edu.mos.ru;8 (903) 729-02-06, 8 (916) 949-87-22;55.742324;37.594805;"Сайт доступен; запись музея требует проверки"
Историческая экспозиция пожарно-спасательной службы;ул. Пречистенка, 22/2, Москва;Музеи;История и культура;Предварительно по названию;https://вдпо.рф/museum/129;https://t.me/ptvystavka, https://t.me/museumpss149;inteb@mail.ru, info@vdpo.ru, 149@edu.mos.ru;8 (903) 729-02-06, 8 (916) 949-87-22;55.742381;37.594685;"Сайт доступен; запись музея требует проверки"
История автомобильных дорог России, музей;Бакунинская улица, 81;Музеи;Транспорт, История и культура;Предварительно по названию;;;;;55.781079;37.695206;Справочник: актуальность не проверена
Итальянский домик;ул. Юности, 2, стр. 10, Москва;Музеи;Другие / требуют уточнения;Предварительно по названию;;;;;55.735207;37.811173;Справочник: актуальность не проверена
Кадашевская слобода, канцелярия;Кадашёвский тупик, 2 ст6;Музеи;Другие / требуют уточнения;Предварительно по названию;http://www.kadashi.ru/item/1785-muzej-kadashevskaya-sloboda.html;;fox1536@ya.ru, voskreskadashi@mail.ru;;55.743082;37.623145;"Сайт доступен; запись музея требует проверки"
Кадашевская слобода, музей;Кадашёвский тупик, 2 ст5;Музеи;Другие / требуют уточнения;Предварительно по названию;http://www.kadashi.ru/item/1785-muzej-kadashevskaya-sloboda.html;;fox1536@ya.ru, voskreskadashi@mail.ru;;55.743255;37.622969;"Сайт доступен; запись музея требует проверки"
Калининградский янтарный комбинат;ул. Арбат, 21, стр. 1, Москва;Музеи;Другие / требуют уточнения;Предварительно по названию;https://ambercombine.ru/;https://t.me/ambercombine;mail@ambercombine.ru;;55.750467;37.595256;"Сайт доступен; запись музея требует проверки"
Картинная галерея фабрики К. Жиро;ул. Тимура Фрунзе, 11, стр. 48, Москва;Музеи;Искусство и архитектура;Предварительно по названию;;;;;55.73561;37.585687;Справочник: актуальность не проверена
Квартира Г. М. Кржижановского, экспозиционно-мемориальный отдел;Садовническая улица, 30 ст1;Музеи-квартиры;История и культура;Предварительно по названию;http://m.dzen.ru/sovrhistory, http://sovrhistory.ru;https://t.me/sovrhistory;museum@sovrhistory.ru, pr.sovr@yandex.ru, buro@sovrhistory.ru, kr-presnya@sovrhistory.ru, Sadovnicheskaya@sovrhistory.ru, galereya@sovrhistory.ru, Podpolye@sovrhistory.ru, katyn-memorial@mail.ru, mednoe@sovrhistory.ru;+7 (495) 699‒52‒17, +7 (495) 953‒06‒40, +7 (495) 959‒59‒94, +74956996724, +74992523035, +74956997418, +74955908356, +74992516943, +74812305642, Экскурсионное бюро;55.746298;37.6335;"Сайт доступен; запись музея требует проверки"
Квартира семьи Маяковских;Студенецкий пер., 6, Москва;Музеи-квартиры;Писатели и литература;Предварительно по названию;http://музеймаяковского.рф/, https://muzeimayakovskogo.ru/museum/dochka/kvartira-semi-mayakovskikh-na-krasnoy-presne/;https://t.me/mayakovskymuseum;Muzeimayakovskogo@culture.mos.ru;+7 (495) 605-19-29, +7 (495) 621-71-83, +7 (499) 255-01-86;55.758257;37.556604;"Сайт доступен; запись музея требует проверки"
Китайгородская стена;Китайгородский проезд, 2 ст1;Музеи;Другие / требуют уточнения;Предварительно по названию;http://www.zaryadyepark.ru/services/kitaygorodskaya-stena/;https://t.me/zaryadye_official;a.atroschenko@zaryadyepark.ru, a.gataulina@zaryadyepark.ru, a.priklonsky@zaryadyepark.ru, a.silantyev@zaryadyepark.ru, a.sotin@zaryadyepark.ru, a.zorin@zaryadyepark.ru, d.shishkin@zaryadyepark.ru, e.arefyeva@zaryadyepark.ru, e.golovin@zaryadyepark.ru, e.ignatova@zaryadyepark.ru, e.kononov@zaryadyepark.ru, e.novikov@zaryadyepark.ru, e.sapunov@zaryadyepark.ru, e.voitsekhovskaya@zaryadyepark.ru, feedback@zaryadye-park.ru, i.demidov@zaryadyepark.ru, iy.veliksar@zaryadyepark.ru, k.karpenko@zaryadyepark.ru, l.karpenko@zaryadyepark.ru, l.malinovskaya@zaryadyepark.ru, m.gurev@zaryadyepark.ru, m.zanikov@zaryadyepark.ru, n.vinogradov@zaryadyepark.ru, o.burkova@zaryadyepark.ru, o.karpenko@zaryadyepark.ru, p.fomenko@zaryadyepark.ru, p.zhivagin@zaryadyepark.ru, parkzaryadye@culture.mos, pr@zaryadye.com, press@zaryadye-park.ru, press@zaryadyepark.ru, s.orlova@zaryadyepark.ru, support@zaryadye-park.ru, support@zaryadyepark.ru, u.shirikov@zaryadyepark.ru, u.suvorova@zaryadyepark.ru, v.arsentyev@zaryadyepark.ru, v.dvirnik@zar, Feedback@zaryadye-park.ru, parkzaryadye@culture.mos.ru, marketing@zaryadyepark.ru, edu@zaryadyepark.ru, tour@zaryadyepark.ru, englishcourt@zaryadyepark.ru, work@zaryadye.com;+7 (495) 531-05-05, +7 (495) 531-05-00, +7 (495) 531-05-45, +7 (495) 531-05-34, +7 (495) 531-05-32, 8 (495) 531-05-00, +7 (495) 531-05-04, +7 (985) 007-17-97;55.750733;37.632388;"Сайт доступен; запись музея требует проверки"
Ключ земли, геологический музей;Малая Юшуньская улица, 1 к1;Музеи;Природа и естествознание;Предварительно по названию;http://keymineral.ru, https://keymineral.ru/;https://t.me/keymineral;lambino@yandex.ru;+79169335948;55.653095;37.594878;"Сайт доступен; запись музея требует проверки"
Книжная гостиная, читальный зал;ул. Крымский Вал, 10, Москва;Музеи;Другие / требуют уточнения;Предварительно по названию;https://www.tretyakovgallery.ru/;;;+7 (495) 957-07-27, +7 (495) 957-07-27 (колл-центр), +7 (929) 515-82-94 (музей);55.734501;37.605149;"Сайт доступен; запись музея требует проверки"
Коллекция , музей;бульвар Братьев Весниных, 3;Музеи;Другие / требуют уточнения;Предварительно по названию;;;;;55.697077;37.639379;Справочник: актуальность не проверена
Колокольня Ивана Великого;Кремлёвская наб., 1, стр. 10, Москва;Музеи;Другие / требуют уточнения;Предварительно по названию;https://ivan-the-great-bell-tower.kreml.ru/, https://www.kreml.ru/;https://t.me/kremlinmuseums;head@kremlin.museum.ru, m.koroleva@kremlin.museum.ru, morozova@kremlin.museum.ru, press@kremlin.museum.ru, zabolotskikh@kremlin.museum.ru, buro16@kreml.ru, buro15@kreml.ru, deti@kreml.ru, medvedeva@kreml.ru, head@kreml.ru, partners@kreml.ru, kazarian@kreml.ru, malygina@kreml.ru, press@kreml.ru, milovzorova@kreml.ru, faleev@kreml.ru, design@kreml.ru, blagov@kreml.ru, andreeva.m@kreml.ru, maria.zhulina@kreml.ru, nch@kreml.ru, library@kreml.ru, store@kreml.ru, g.mikhailova@kreml.ru, Julia.Kh@kreml.ru, job@kreml.ru;+7 (495) 695-41-46, +7 (495) 697-03-49, +74956970349, +74956954631, +74956954146, +74956903094, +74956957581, +74956974115, null, +74956959558, +74956959723, +74956904858, +74956954187, +74956978086, +74956957927, +74956959665, +74956958541, +74956975579, +74956974361, +74956956649, +74956974062, +74956454631, +74956240902, +74956953812, +74956953912, +74956959887, +74956970878, +74956959575, +74956240264, +74956959842, +74956957064, +74956953998, +74956976096, +74956956575;55.75073;37.618231;"Сайт доступен; запись музея требует проверки"
Комплекс Передних ворот;просп. Андропова, 39, стр. 3, Москва;Музеи;Другие / требуют уточнения;Предварительно по названию;;;;;55.667645;37.669383;Справочник: актуальность не проверена
КонфеКтная лавка;Мерзляковский пер., 15, Москва;Музеи;Другие / требуют уточнения;Предварительно по названию;;;;;55.756835;37.59648;Справочник: актуальность не проверена
Конюшенный двор;просп. Андропова, 39, стр. 52, Москва;Музеи;Другие / требуют уточнения;Предварительно по названию;http://mgomz.ru/;https://t.me/kolomenskoe_moscow;;+7 (499) 614-88-80;55.664009;37.661324;"Сайт доступен; запись музея требует проверки"
Конюшенный двор, музей;проспект Андропова, 39 ст52;Музеи;Другие / требуют уточнения;Предварительно по названию;http://mgomz.ru;https://t.me/kolomenskoe_moscow;golovizninaav@culture.mos.ru;+7 (499) 615‒27‒68;55.664072;37.661331;"Сайт доступен; запись музея требует проверки"
Космонавтика и авиация, музей;проспект Мира, 119 ст34;Музеи;Наука и техника, Транспорт;Предварительно по названию;http://cosmos.vdnh.ru;;457227b83f0142d7b132b18b3e2b6238@glitchtip.vdnh, admin_museum@vdnh.ru, adv@vdnh.ru, doverie@vdnh.ru, events@vdnh.ru, expo@vdnh.ru, info@moskvarium.ru, info@vdnh.ru, it@vdnh.ru, kantropov@vdnh.ru, lektorij@vdnh.ru, loyalty@vdnh.ru, museum@vdnh.ru, ngoncharova@vdnh.ru, orion@vdnh.ru, orionpartners@vdnh.ru, orionpr@vdnh.ru, partners@vdnh.ru, press@vdnh.ru, rabota@vdnh.ru, rent@vdnh.ru, souvenirs@vdnh.ru, tickets@vdnh.ru, tour_registration@vdnh.ru, tour@atom.museum, zamnieva@vdnh.ru;+7 (495) 544‒34‒00, +7 (495) 966‒19‒29, 8(495) 544-34-00;55.835434;37.621194;"Сайт доступен; запись музея требует проверки"
Краеведческий музей при храме Владимирской иконы Божией Матери;Новогорская улица, 37 ст2;Музеи;Искусство и архитектура, История и культура, Религия и духовная культура;Предварительно по названию;http://hram-kurkino.ru;;kurkinohram@gmail.com, kurkinohram1672@gmail.com, kurkinohram2020@mail.ru;+7 (495) 572‒34‒31;55.889561;37.380293;"Сайт доступен; запись музея требует проверки"
Краеведческий музей Солнцево;улица Авиаторов, 7;Музеи;История и культура;Предварительно по названию;;;;+7 (495) 435‒81‒43;55.640906;37.40419;Справочник: актуальность не проверена
Красная роза;ул. Тимура Фрунзе, 11, Москва;Музеи;Другие / требуют уточнения;Предварительно по названию;;;;;55.735385;37.586827;Справочник: актуальность не проверена
Креативное пространство Новый Манеж;Георгиевский пер., 3/3, Москва;Музеи;Другие / требуют уточнения;Предварительно по названию;https://newmanege.ru/;https://t.me/events_mosproducer;arenda@mosproducer.ru;+7 (495) 715-15-15, +7 (499) 728-00-58;55.759423;37.615426;"Сайт доступен; запись музея требует проверки"
Кремлевская школа верховой езды;просп. Мира, 119, стр. 232, Москва;Музеи;История и культура;Предварительно по названию;https://kremlin-ksk.ru/;https://t.me/kremlinksk;partner@kremlin-ksk.ru, info@kremlin-ksk.ru, esb@kremlin-ksk.ru;+7 (495) 212-06-03, +74952120603, +79671032410, +79031830413, ;55.837166;37.628047;"Сайт доступен; запись музея требует проверки"
Кремль в Измайлово;Измайловское ш., 73Ж, Москва;Музеи;История и культура;Предварительно по названию;https://www.kremlin-izmailovo.com/;https://t.me/kremlin_izmailovo;;+7 (495) 215-54-37;55.794746;37.74945;"Сайт доступен; запись музея требует проверки"
Кремль в Измайлово, культурно-развлекательный комплекс;;Музеи;История и культура;Предварительно по названию;http://www.kremlin-izmailovo.com;https://t.me/kremlin_izmailovo;event@i-kremlin.ru, info@historyguns.ru, pressa@i-kremlin.ru;+7 (495) 215‒54‒37;55.79434;37.750481;"Сайт доступен; запись музея требует проверки"
Кукольный дом;Плотников пер., 21, стр. 1, Москва;Музеи;Быт, ремёсла и гастрономия;Предварительно по названию;http://dombulata.ru/;https://t.me/dombulata;;+7 (499) 241-55-18;55.74758;37.587978;"Сайт доступен; запись музея требует проверки"
Кукольный дом Ольги Окуджава;Плотников переулок, 21 ст1;Музеи;Быт, ремёсла и гастрономия;Предварительно по названию;http://dombulata.ru;https://t.me/dombulata;fondbulata@yandex.ru;+7 (499) 241‒55‒18, +7 (499) 241‒55‒34;55.74757;37.588092;"Сайт доступен; запись музея требует проверки"
Культурный центр Внуково;Большая Внуковская ул., 6, посёлок Внуково;Музеи;Другие / требуют уточнения;Предварительно по названию;https://kulturazao.ru/branches/kulturnye-tsentry/vnukovo;;ccvnukovo@culture.mos.ru, okczao-call@culture.mos.ru;+7 (495) 109-03-00, +7 (495) 927-67-65;55.613409;37.295006;Справочник: актуальность не проверена
Культурный центр Митино, музей морского космического флота;Пятницкое ш., 45, Москва;Музеи;Наука и техника, Транспорт;Предварительно по названию;https://kulturaszao.ru/kcmitino;https://t.me/fincult_info;okcszao-224@culture.mos.ru, okcszao-224no@culture.mos.ru, okcszao-225@culture.mos.ru, okcszao-226-1@culture.mos.ru, okcszao-226-2@culture.mos.ru, okcszao-226@culture.mos.ru, okcszao-227@culture.mos.ru, okcszao-228@culture.mos.ru, okcszao-229@culture.mos.ru, okcszao@culture.mos.ru;+7 (495) 751-28-04, +7 (495) 794-05-06, +7 (495) 794-10-20, +7 (495) 495-91-10;55.858176;37.349329;"Сайт доступен; запись музея требует проверки"
Культурный центр посольства Армении в России;Армянский переулок, 2;Музеи;Другие / требуют уточнения;Предварительно по названию;;;;+7 (495) 970‒93‒34;55.760826;37.634433;Справочник: актуальность не проверена
Купеческий дом, музей;Троицкая улица, 7/1 ст1;Музеи;Другие / требуют уточнения;Предварительно по названию;;;;+7 (495) 681‒11‒04;55.774857;37.62235;Справочник: актуальность не проверена
Кусково, государственный музей-заповедник;;Музеи;История и культура;Предварительно по названию;http://kuskovo.ru;https://t.me/kuskovo_museum;support@russpass.ru, zakaz@kuskovo.ru, museum_kuskovo@mail.ru, pr@kuskovo.ru, AvdoninSV@culture.mos.ru, OvchinnikovaOA1@culture.mos.ru, GrigorevaEY@culture.mos.ru, EreminaOI1@culture.mos.ru, GribovaIM@culture.mos.ru, KovalskayaEB@culture.mos.ru, OsipovaNP1@culture.mos.ru, SemchenkoSA@culture.mos.ru;+7 (495) 370‒01‒50, +7 (495) 375‒31‒31, %0A+74953753131%0A, +74953753131;55.736771;37.809598;"Сайт доступен; запись музея требует проверки"
Кутузовская изба, музей;Кутузовский проспект, 38 ст2;Музеи;Другие / требуют уточнения;Предварительно по названию;http://www.1812panorama.ru;https://t.me/panorama1812;museiborodbitva@culture.mos;+7 (499) 148‒19‒67;55.739724;37.523206;"Сайт доступен; запись музея требует проверки"
Кухонный флигель;ул. Юности, 2, Москва;Музеи;Другие / требуют уточнения;Предварительно по названию;http://kuskovo.ru/;https://t.me/kuskovo_museum;zakaz@kuskovo.ru, museum_kuskovo@mail.ru, pr@kuskovo.ru, AvdoninSV@culture.mos.ru, OvchinnikovaOA1@culture.mos.ru, GrigorevaEY@culture.mos.ru, EreminaOI1@culture.mos.ru, GribovaIM@culture.mos.ru, KovalskayaEB@culture.mos.ru, OsipovaNP1@culture.mos.ru, SemchenkoSA@culture.mos.ru;+7 (495) 375-31-31, %0A+74953753131%0A, +74953753131;55.734969;37.80887;"Сайт доступен; запись музея требует проверки"
Легендарный Севастополь;пр. Шокальского, 7, корп. 2, Москва;Музеи;Другие / требуют уточнения;Предварительно по названию;;;;;55.874399;37.64316;Справочник: актуальность не проверена
Лекторий Музея им. Андрея Рублева;Андроньевская площадь, 8, Москва;Музеи;Другие / требуют уточнения;Предварительно по названию;https://rublev-museum.ru/poster/lectures;https://t.me/rublevmuseum;info@rublev-museum.ru, secretary@rublev-museum.ru;+7 (495) 678-14-67, +7 (495) 678-98-03;55.748103;37.671874;"Сайт доступен; запись музея требует проверки"
Леоново-Усадьба Хованских, г. Москва;улица Докукина, 15 ст1;Музеи;История и культура;Предварительно по названию;http://kuskovo.ru, http://russpass.ru/usadby-moskvy;https://t.me/kuskovo_museum;zakaz@kuskovo.ru, museum_kuskovo@mail.ru, pr@kuskovo.ru, AvdoninSV@culture.mos.ru, OvchinnikovaOA1@culture.mos.ru, GrigorevaEY@culture.mos.ru, EreminaOI1@culture.mos.ru, GribovaIM@culture.mos.ru, KovalskayaEB@culture.mos.ru, OsipovaNP1@culture.mos.ru, SemchenkoSA@culture.mos.ru;%0A+74953753131%0A, +74953753131;55.841546;37.644136;"Сайт доступен; запись музея требует проверки"
Лесная сказка, музей;МКАД 36 километр, 1в;Музеи;Природа и естествознание, Интерактивные и необычные;Предварительно по названию;;;;+7 (499) 643‒38‒43;55.585162;37.547473;Справочник: актуальность не проверена
Лица победы, исторический депозитарий;площадь Победы, 3;Музеи;Военная история, История и культура;Предварительно по названию;http://historydepositarium.ru;https://t.me/historydepositarium;lica@victorymuseum.ru;+7 (499) 449‒82‒16, +74994498194;55.731226;37.504892;"Сайт доступен; запись музея требует проверки"
Локомотив, музей;Большая Черкизовская улица, вл125 ст1;Музеи;Спорт;Предварительно по названию;;https://t.me/fclokomotiv;;+7 (495) 500‒31‒03, +7 (495) 500‒31‒09;55.804506;37.741448;Справочник: актуальность не проверена
Ломаковский музей старинных автомобилей и мотоциклов;Краснодарская улица, вл58;Музеи;Транспорт;Предварительно по названию;http://lomakovka.ru, http://www.lomakovka.ru/;;1museum@mail.ru, catmus@cityline.ru, little-muk@mtu-net.ru, zverev@rinet.ru;+7 (499) 356‒79‒95, +7 (499) 356-79-95;55.674754;37.77167;"Сайт доступен; запись музея требует проверки"
Лукойл, музей;Сретенский бульвар, 9/2 ст1;Музеи;Другие / требуют уточнения;Предварительно по названию;http://museum.lukoil.ru/ru;https://t.me/lukoilofficial;museum.lukoil@lukoil.com, <Museum.Lukoil@lukoil.com>;+7 (495) 627‒44‒44, +7 (495) 628‒98‒41, +7(968);55.766729;37.635116;"Сайт доступен; запись музея требует проверки"
Лунариум, интерактивное пространство;Садовая-Кудринская улица, 5 ст1;Музеи;Интерактивные и необычные;Предварительно по названию;http://planetarium-moscow.ru;;cafe@planetarium-moscow.ru, info@planetarium-moscow.ru, lunarium@planetarium-moscow.ru;+7 (495) 221‒76‒90;55.761114;37.583728;Справочник: актуальность не проверена
Луч;Тверская ул., 3, Москва;Музеи;Другие / требуют уточнения;Предварительно по названию;http://luchgallery.com/;https://t.me/luchgallery;; +7 919 990 42 25;55.757456;37.61299;"Сайт доступен; запись музея требует проверки"
Люблино, Московский объединенный музей-заповедник;Летняя улица, 1 к1;Музеи;Другие / требуют уточнения;Предварительно по названию;http://park-kuzminki.ru/lublino/, http://www.mgomz.ru;https://t.me/kuzminki_lublino, https://t.me/kolomenskoe_moscow;info@park-kuzminki.ru, parkkuzminki@culture.mos, pr@park-kuzminki.ru, parkkuzminki@culture.mos.ru, zakaz@park-kuzminki.ru;+7 (495) 350‒15‒53, +7 (499) 722‒71‒89, +74991753369, 8 (925) 000-16-36, 8 (495) 350-15-53, +7 (499) 175-33-69, +7 (495) 291-70-53;55.688534;37.743356;"Сайт доступен; запись музея требует проверки"
М.и.р. водки, музей истории русской водки;Рублёвское шоссе, 30 к1;Музеи;Быт, ремёсла и гастрономия, История и культура;Предварительно по названию;http://mirvodki.com;;box@mirvodki.com;;55.74709;37.420118;"Сайт доступен; запись музея требует проверки"
М.и.р. шоколада Крылатское;Рублёвское шоссе, 30 к1;Музеи;Быт, ремёсла и гастрономия;Предварительно по названию;http://lgc.mirchocolat.ru;;9220099@gmail.com;+7 (495) 225‒14‒94, +79772760736;55.74709;37.420118;"Сайт доступен; запись музея требует проверки"
Мавзолей В.И. Ленина;Красная площадь, 9, Москва;Музеи;История и культура;Предварительно по названию;;;;+7 (495) 623-55-27;55.753673;37.619881;Справочник: актуальность не проверена
Майолики, художественный музей;Потаповский переулок, 12;Музеи;Искусство и архитектура;Предварительно по названию;http://majolicamuseum.ru/;https://t.me/majolicamuseum;majolicamuseum@yandex.ru;8-910-437-13-22;55.7599;37.641295;"Сайт доступен; запись музея требует проверки"
Макет космического корабля Буран;просп. Мира, 119, стр. 333, Москва;Музеи;Наука и техника;Предварительно по названию;http://vdnh.ru/, http://vdnh.ru/events/vystavki/interaktivnyy-muzeynyy-kompleks-buran/?sphrase_id=116248, https://vdnh.ru/places/maket-kosmicheskogo-korablya-buran/;;info@vdnh.ru, press@vdnh.ru, app@vdnh.ru, tickets@vdnh.ru, admin_museum@vdnh.ru, tour_registration@vdnh.ru, museum@vdnh.ru, expo@vdnh.ru, events@vdnh.ru, souvenirs@vdnh.ru, adv@vdnh.ru, partners@vdnh.ru, rabota@vdnh.ru, cosmos@vdnh.ru;+7 (495) 544-34-00, 8(495) 544-34-00, +74957483420, +74955443400, +74957483480, +74959743366, +74959743535, +79859696055, +74959743302, +79166331083, +74991810396, +74997602585;55.832002;37.62313;"Сайт доступен; запись музея требует проверки"
Макет Москвы, выставочный центр;проспект Мира, 119 ст75а;Музеи;Другие / требуют уточнения;Предварительно по названию;http://www.maketmoskvy.ru;https://t.me/maketmoskvy;;+79252373728, +79252373729, 79252373728, 79252373729;55.834368;37.630117;"Сайт доступен; запись музея требует проверки"
Малый выставочный зал;Нижняя Сыромятническая ул., 10, стр. 7, Москва;Музеи;Другие / требуют уточнения;Предварительно по названию;https://www.artplay.ru/, https://www.artplay.ru/events/rent/malyy-vystavochnyy-zal.html;https://t.me/artplay_mos;arenda@artplay.ru, event@artplay.ru, marketing@artplay.ru, ic@artplay.ru, sec@artplay.ru, uk@artplay.ru, exhibitions@artplay.ru;+7 495 620 08 83, +74956200882, +7 (495) 620 08 82, +7 (495) 620 08 83, + 7 (968) 861 88 01, + 7 (915) 251 44 77 — для арендаторов Артплэй, +7 (916) 278 75 29 — заявка на аренду, +7 903 166 88 33, +79037854445 — по вопросам приобретения контента;55.752078;37.66874;"Сайт доступен; запись музея требует проверки"
Марс, центр современного искусства;Пушкарёв переулок, 5;Музеи;Искусство и архитектура;Предварительно по названию;http://clck.ru/35MCYS;https://t.me/artcenter_mars;admin@centermars.ru, info@centermars.ru;+7 (495) 623‒66‒90, +74956236690, +79169035544;55.768981;37.6268;"Сайт доступен; запись музея требует проверки"
Мастерская-музей карамели;Бакунинская улица, 14 ст13;Музеи;Быт, ремёсла и гастрономия;Предварительно по названию;;;;;55.773397;37.681793;Справочник: актуальность не проверена
Матрёшка;пр. Сокольнического Круга, 9, Москва;Музеи;Быт, ремёсла и гастрономия;Предварительно по названию;;;;;55.794239;37.679044;Справочник: актуальность не проверена
МГАВМиБ-МВА имени К.И. Скрябина, Кафедра зоологии, Зоологический музей;ул. Академика Скрябина, 23, Москва;Музеи;Природа и естествознание, Музыка, театр и кино;Предварительно по названию;;;;;55.698648;37.793267;Справочник: актуальность не проверена
Медиацентр;ул. Варварка, 6, стр. 1, Москва;Музеи;Другие / требуют уточнения;Предварительно по названию;;;;+7 (495) 531-05-00;55.751459;37.62707;Справочник: актуальность не проверена
Медицинский музей Истории гигиены труда и профпатологии;просп. Будённого, 31, Москва;Музеи;Наука и техника, История и культура;Предварительно по названию;;;;+7 (495) 365-02-09, +7 (495) 366-09-77, +7 (495) 918-30-10;55.767266;37.731363;Справочник: актуальность не проверена
Медовое Коломенское;просп. Андропова, 39, стр. 33, Москва;Музеи;История и культура;Предварительно по названию;http://mgomz.ru/, http://mgomz.ru/kolomenskoe, http://www.mgomz.ru/ekspozitsii/medovoe-kolomenskoe-v-usadbe-pasechnika;https://t.me/kolomenskoe_moscow;hotel@mgomz.ru, info@mgomz.ru, kmm@mgomz.ru, mgomz@culture.mos.ru, pr@mgomz.ru, tickets@mgomz.ru, wedding@mgomz.ru;+7 (499) 612-52-17, +7 (499) 614-88-80, +7 (499) 615-27-68, +7 (499) 615-27-71, +7 (499) 782-89-17, +7 (499) 782-89-21;55.668228;37.664633;"Сайт доступен; запись музея требует проверки"
Международный совет музеев;Лаврушинский переулок, 3/8 ст2;Музеи;История и культура;Предварительно по названию;http://icom-russia.com/;https://t.me/icom_russia;directorate@icom-russia.com, ethics@icom.museum, members@icom-russia.com, o.chistanova@icom-russia.com, secretariat@icom.museum;+7 (495) 951‒04‒08;55.743428;37.620274;"Сайт доступен; запись музея требует проверки"
Международный фонд искусств им. Ст.Д. Эрьзи;Автозаводская улица, 1;Музеи;Искусство и архитектура, История и культура;Предварительно по названию;http://erzia-fond.com;https://t.me/erzia_official;curator@erzia-fond.com, erzia-fond@inbox.ru, hebut@mail.ru, mdati@tin.it, u003ecurator@erzia-fond.com;+7 (495) 133‒65‒13;55.710481;37.665582;"Сайт доступен; запись музея требует проверки"
Мемориальная квартира А. И. Сумбатова-Южина;Большой Палашёвский пер., 5/1, Москва;Музеи-квартиры;История и культура;Предварительно по названию;http://www.maly.ru/yuzhin;https://t.me/maly_theatre;press@maly.ru, sumbatov.yuzhin@maly.ru, theatre@maly.ru, solominaalexandra@gmail.com, korableva@maly.ru, mteatr@maly.ru, annfom@maly.ru, tivl08@mail.ru, anna.suhareva78@mail.ru, kogmaria@mail.ru, izotov1@yandex.ru, cadr@maly.ru, knz@maly.ru, zakaz@maly.ru, npo@maly.ru, gmt@maly.ru, men@maly.ru, support@maly.ru; (495)624-42-01, , +7 (495) 625-64-50, +7 (495) 623-54-54, +7 (499) 237-28-91,  8(495)623-17-57, +7 (495) 625-43-37, +7 (495) 625-84-45, +7 (495) 625-33-73, +7 (910) 450-06-96, +7(34667) 439 70, 8 (982) 508-09-31, +7 (495) 624-74-80, +7 (495) 623-65-17, +7 (495) 625-29-58, +7 (495) 623-24-45, +7 (495) 623-23-02, +7 (495) 625-48-59, +7 (495) 621-47-71, +7 (495) 623-56-20, +7 (495) 624-42-01, +7 (495) 624-42-34, +7 (499) 237-44-72, +7 (495) 625-13-97, +7 (495) 621-06-41, +7 (495) 625-26-27, +7 (985) 159-59-28, +7 (495) 623-60-59, +7 (495) 621-63-28, +7 (495) 181-59-23, +7 (916) 646-72-37, +7 (495) 624-62-54, +7 (495) 625-15-50;55.764288;37.598711;"Сайт доступен; запись музея требует проверки"
Мемориальная квартира А.И. Сумбатова-Южина, музей;Большой Палашёвский переулок, 5/1;Музеи-квартиры;История и культура;Предварительно по названию;http://maly.ru/yuzhin;https://t.me/maly_theatre;anna.suhareva78@mail.ru, annfom@maly.ru, cadr@maly.ru, gmt@maly.ru, izotov1@yandex.ru, knz@maly.ru, malytheatre.kogalym@yandex.ru, mteatr@maly.ru, press@maly.ru, solominaalexandra@gmail.com, sumbatov.yuzhin@maly.ru, support@maly.ru, theatre@maly.ru, tivl08@mail.ru, zakaz@maly.ru, zolototrubova@maly.ru, korableva@maly.ru, kogmaria@mail.ru, npo@maly.ru, men@maly.ru; (495)624-42-01, , +7 (495) 625-64-50, +7 (495) 623-54-54, +7 (499) 237-28-91,  8(495)623-17-57, +7 (495) 625-43-37, +7 (495) 625-84-45, +7 (495) 625-33-73, +7 (910) 450-06-96, +7(34667) 439 70, 8 (982) 508-09-31, +7 (495) 624-74-80, +7 (495) 623-65-17, +7 (495) 625-29-58, +7 (495) 623-24-45, +7 (495) 623-23-02, +7 (495) 625-48-59, +7 (495) 621-47-71, +7 (495) 623-56-20, +7 (495) 624-42-01, +7 (495) 624-42-34, +7 (499) 237-44-72, +7 (495) 625-13-97, +7 (495) 621-06-41, +7 (495) 625-26-27, +7 (985) 159-59-28, +7 (495) 623-60-59, +7 (495) 621-63-28, +7 (495) 181-59-23, +7 (916) 646-72-37, +7 (495) 624-62-54, +7 (495) 625-15-50;55.764288;37.598686;"Сайт доступен; запись музея требует проверки"
Мемориальная квартира Андрея Белого;улица Арбат, 55;Музеи-квартиры;Писатели и литература, История и культура;Предварительно по названию;http://pushkinmuseum.ru;https://t.me/pushkin_museum;dolohova.julia@mail.ru, info@a-s-pushkinmus.ru, otdelkadrovgmp@mail.ru, presspr@pushkinmuseum.ru, pushkinmus@culture.mos, support@pushkinmuseum.ru, username@yourmail.ru, %20pushkinmus@culture.mos.ru, DolokhovaYV@culture.mos.ru;+7 (499) 241‒77‒02, +7 (499) 241‒85‒28;55.747491;37.585684;"Сайт доступен; запись музея требует проверки"
Мемориальная квартира Андрея Белого;ул. Арбат, 55/32, Москва;Музеи-квартиры;Писатели и литература, История и культура;Предварительно по названию;http://kvartira-belogo.guru.ru/, http://www.pushkinmuseum.ru/;https://t.me/pushkin_museum;%20pushkinmus@culture.mos.ru, DolokhovaYV@culture.mos.ru, presspr@pushkinmuseum.ru;+7 (495) 637-56-74, +7 (499) 241-77-02, +7 (499) 241-78-99, +7 (499) 241-85-28, +7 (499) 241-92-95, +7 (499) 244-77-02;55.747481;37.58558;"Сайт доступен; запись музея требует проверки"
Мемориальная квартира Святослава Рихтера;Большая Бронная улица, 2/6;Музеи-квартиры;История и культура;Предварительно по названию;http://pushkinmuseum.ru, http://sviatoslav-richter.ru, http://zen.yandex.ru/id/5d7a188597b5d400af97319, http://www.sviatoslav-richter.ru/, https://pushkinmuseum.art/museum/buildings/richter/;https://t.me/pushkin_museum, https://t.me/theartsmuseum;bel.art@eposgroup.ru, vladimir@eposgroup.ru, museum4all@arts-museum.ru, tickets@arts-museum.ru, %20pushkinmus@culture.mos.ru, DolokhovaYV@culture.mos.ru, presspr@pushkinmuseum.ru, museyon@arts-museum.ru, pushkinyouth@arts-museum.ru, finearts@arts-museum.ru, anna.ragulina@arts-museum.ru, kadr@arts-museum.ru, excurs@arts-museum.ru, press@arts-museum.ru, friends@arts-museum.ru, nadezda.bogdanova@arts-museum.ru;+7 (495) 695‒83‒46, +7 (495) 697‒06‒05, +7 (495) 697‒72‒05, +7 (495) 695-83-46, +7 (495) 697-72-05, +74956099520;55.759996;37.597562;"Сайт доступен; запись музея требует проверки"
Мемориальная музей-квартира Г.М. Кржижановского;Садовническая ул., 30, стр. 1, Москва;Музеи-квартиры;История и культура;Предварительно по названию;;;;;55.746242;37.633447;Справочник: актуальность не проверена
Мемориальный дом-музей академика И. В. Курчатова;площадь Академика Курчатова, 1, Москва;Музеи-квартиры;Наука и техника, История и культура;Предварительно по названию;;;;;55.801404;37.477126;Справочник: актуальность не проверена
Мемориальный дом-музей академика И.В. Курчатова;площадь Академика Курчатова, 1 ст42;Музеи-квартиры;Наука и техника, История и культура;Предварительно по названию;http://nrcki.ru;;bolotina_ov@nrcki.ru, cntb@nrcki.ru, evreenkov_ai@nrcki.ru, minisheva_mn@nrcki.ru, nrcki@nrcki.ru, zakharchenko_ie@nrcki.ru;+7 (499) 196‒92‒26;55.798421;37.476339;Справочник: актуальность не проверена
Мемориальный дом-музей академика С.П. Королёва;1-я Останкинская улица, 28;Музеи-квартиры;История и культура;Предварительно по названию;http://jivo.chat/2sY5UIoauC, http://kosmo-museum.ru, http://kosmo-museum.ru/, http://www.kosmo-museum.ru/mdmk;https://t.me/kosmo_museum;en.space.2024@yandex.ru, museikosmonavtiki@culture.mos.ru, pedagog-mmk@yandex.ru;+7 (499) 750‒23‒00, +7 (495) 683-78-68, +7 (499) 750-23-00;55.82329;37.632026;"Сайт доступен; запись музея требует проверки"
Мемориальный дом-музей Великой княгини Елисаветы Феодоровны;ул. Большая Ордынка, 34, стр. 5, Москва;Музеи-квартиры;История и культура;Предварительно по названию;https://www.mmom.ru/, https://www.mmom.ru/kultura/muzey/;https://t.me/obitelmiloserdia;mmom@mmom.ru, museum@mmom.ru, dobro@mmom.ru, press.mmom@mmom.ru;+7 (499) 350-51-81, +74997042173;55.737756;37.624056;"Сайт доступен; запись музея требует проверки"
Мемориальный кабинет Гайдара, музей;Газетный переулок, 5 ст1;Музеи;История и культура;Предварительно по названию;http://iep.ru/ru/e-t-gaydar/muzey-egora-gaydara.php;https://t.me/institut_gaidara;info@iep.ru, nobody@nowhere.com, press@iep.ru, webmaster@iep.ru;+7 (495) 629‒47‒13, +7 (495) 648‒14‒14, +74956294713, +74956296413, +74956956770;55.757556;37.607213;"Сайт доступен; запись музея требует проверки"
Мемориальный кабинет Е. Т. Гайдара;Газетный пер., 3, Москва;Музеи;История и культура;Предварительно по названию;http://www.iep.ru/;https://t.me/institut_gaidara;info@iep.ru;+74956294713, +74956296413, +74956956770;55.757547;37.608404;"Сайт доступен; запись музея требует проверки"
Мемориальный кабинет-музей академика А.Н. Несмеянова;ул. Вавилова, 28, Москва;Музеи;История и культура;Предварительно по названию;http://www.ineos.ac.ru/;;web@ineos.ac.ru, wokadm@ineos.ac.ru;+7 (499) 135-78-25;55.7004;37.575396;"Сайт доступен; запись музея требует проверки"
Мемориальный кабинет-музей академика А.П. Виноградова;улица Косыгина, 19 ст1;Музеи;История и культура;Предварительно по названию;http://museum.ru/M1635;;;+7 (495) 939‒70‒20, +7 (495) 939‒77‒00;55.706051;37.551986;Справочник: актуальность не проверена
Мемориальный кабинет-музей Маршала Советского Союза Г. К. Жукова;ул. Знаменка, 19, стр. 3, Москва;Музеи;История и культура;Предварительно по названию;;;;+7 (495) 696-22-98;55.750699;37.601729;Справочник: актуальность не проверена
Мемориальный кабинет-музей Маршала Советского Союза Г.К. Жукова;улица Знаменка, 19;Музеи;История и культура;Предварительно по названию;http://cmaf.ru/museums/memorialnyy-kabinet-muzey-gk-zhukova/;https://t.me/cmaf_ru;cmvs_dm@mil.ru;+7 (495) 696‒22‒98, +0 (000) 000-00-00, +7 (495) 681-4877;55.750436;37.603648;"Сайт доступен; запись музея требует проверки"
Мемориальный кабинет-музей Н.И. Вавилова;ул. Губкина, 3, стр. 4, Москва;Музеи;История и культура;Предварительно по названию;;;;;55.696187;37.56425;Справочник: актуальность не проверена
Мемориальный музей А. Н. Скрябина;Большой Николопесковский переулок, 11 ст1;Музеи;Музыка, театр и кино, История и культура;Предварительно по названию;http://scriabinmuseum.ru;https://t.me/scriabinmuseum;concerscriabin@gmail.com, concert@scriabinmuseum.ru, pr@scriabinmuseum.ru, priemnaja@culture.mos, rgop-eca.mm@culture.mos, scriabinmuseum@culture.mos, scriabinmuseum@culture.mos.ru;+7 (499) 241‒19‒01, 74992417876, 74992411901, 74992411900, 74992417704, 74992411410, 74992415661, 74992516730, 74992517614;55.750787;37.590183;"Сайт доступен; запись музея требует проверки"
Мемориальный музей А. П. Виноградова;ул. Косыгина, 19, Москва;Музеи;История и культура;Предварительно по названию;;;;;55.70542;37.549894;Справочник: актуальность не проверена
Мемориальный музей А.Н. Скрябина;Большой Николопесковский пер., 11, стр. 1, Москва;Музеи;Музыка, театр и кино, История и культура;Предварительно по названию;https://scriabinmuseum.ru/;https://t.me/scriabinmuseum;scriabinmuseum@culture.mos.ru, pr@scriabinmuseum.ru;+7 (499) 241-19-00, +7 (499) 241-19-01, 74992417876, 74992411901, 74992411900, 74992417704, 74992411410, 74992415661, 74992516730, 74992517614;55.750777;37.590081;"Сайт доступен; запись музея требует проверки"
Мемориальный музей В.П. Горячкина Московского института инженеров сельскохозяйственного производства;ул. Прянишникова, 14, стр. 3, Москва;Музеи;История и культура;Предварительно по названию;;;;+7 (495) 976-40-17;55.836422;37.557041;Справочник: актуальность не проверена
Мемориальный музей Евгении Сергеевны Коваленко;3-я Владимирская ул., 26А, Москва;Музеи;История и культура;Предварительно по названию;https://www.evgenia20.ru/, https://www.evgenia20.ru/museum;;istoria@pochtamt.ru;+7 (495) 304-37-94;55.754994;37.786157;"Сайт доступен; запись музея требует проверки"
Мемориальный музей-кабинет академика П. Л. Капицы;улица Косыгина, 2 ст20;Музеи;История и культура;Предварительно по названию;;;;+7 (499) 137‒32‒30;55.709941;37.573334;Справочник: актуальность не проверена
Мемориальный музей-квартира Е.Ф. Гнесиной;улица Поварская, 30-36 ст1;Музеи-квартиры;Музыка, театр и кино, История и культура;Предварительно по названию;http://gnesina-museum.com;https://t.me/gnesina_museum;museum@gnesin-academy.ru;+7 (495) 690‒45‒05;55.75581;37.59113;Справочник: актуальность не проверена
Мемориальный музей-квартира К. А. Тимирязева;Романов пер., 4, стр. 2, Москва;Музеи-квартиры;История и культура;Предварительно по названию;http://timmuseum.timacad.ru/, https://museum.timacad.ru/, https://museum.timacad.ru/%D0%BC%D0%B5%D0%BC%D0%BE%D1%80%D0%B8%D0%B0%D0%BB%D1%8C%D0%BD%D1%8B%D0%B9-%D0%BC%D1%83%D0%B7%D0%B5%D0%B9-%D0%BA%D0%B2%D0%B0%D1%80%D1%82%D0%B8%D1%80%D0%B0-%D1%82%D0%B8%D0%BC%D0%B8%D1%80%D1%8F%D0%B7/;;;+7 (495) 695-80-64;55.754454;37.609389;Справочник: актуальность не проверена
Мемориальный музей-квартира К.А. Тимирязева, г. Москва;Романов переулок, 4 ст2;Музеи-квартиры;История и культура;Предварительно по названию;http://museum.timacad.ru/%D0%BC%D0%B5%D0%BC%D0%BE%D1%80%D0%B8%D0%B0%D0%BB%D1%8C%D0%BD%D1%8B%D0%B9-%D0%BC%D1%83%D0%B7%D0%B5%D0%B9-%D0%BA%D0%B2%D0%B0%D1%80%D1%82%D0%B8%D1%80%D0%B0-%D1%82%D0%B8%D0%BC%D0%B8%D1%80%D1%8F%D0%B7/;;anatomy_muz@rgau-msha.ru, grishn69@mail.ru, t.condratowa2016@yandex.ru, timmuseum@rgau-msha.ru, timmuseum@yandex.ru;+7 (495) 695‒80‒64;55.754084;37.609551;Справочник: актуальность не проверена
Мемориальный музей-квартира С. В. Образцова;Глинищевский пер., 5/7, Москва;Музеи-квартиры;Музыка, театр и кино, История и культура;Предварительно по названию;http://puppet.ru/, https://puppet.ru/museum/muzey-kvartira;;info@puppet.ru, pr@puppet.ru;;55.763682;37.610969;"Сайт доступен; запись музея требует проверки"
Мемориальный музей-квартира С.В. Образцова;Глинищевский переулок, 5/7;Музеи-квартиры;Музыка, театр и кино, История и культура;Предварительно по названию;http://puppet.ru;;helpme@bartello.ru, info@puppet.ru, pr@puppet.ru, project@puppet.ru;+7 (495) 650‒43‒69, +7 (495) 699‒55‒53;55.763777;37.611382;"Сайт доступен; запись музея требует проверки"
Мемориальный музей-квартира священника Павла Флоренского;Новоконюшенный пер., 12/16, Москва;Музеи-квартиры;Природа и естествознание, История и культура, Религия и духовная культура;Предварительно по названию;http://florenskyfond.ru/, http://florenskyfond.ru/muzei-v-moskve.html;;;;55.73904;37.580515;Справочник: актуальность не проверена
Мемориальный музей-квартира художника А.М. Васнецова;Фурманный пер., 6, Москва;Музеи-квартиры;Искусство и архитектура, История и культура;Предварительно по названию;https://www.tretyakovgallery.ru/, https://www.tretyakovgallery.ru/for-visitors/museums/muzey-kvartira-a-m-vasnetsova/;;acceess@tretyakov.ru, access@tretyakov.ru, golubkina2014@yandex.ru, samara@tretyakov.ru, u003eacceess@tretyakov.ru, u003eaccess@tretyakov.ru;+7 (495) 608-90-45, +7 (495) 951-36-66, +7 (495) 957-07-27, +7 (495) 957-07-27 (колл-центр), +7 (929) 515-82-94 (музей);55.763859;37.648624;"Сайт доступен; запись музея требует проверки"
Метамузей;ул. Павла Корчагина, 4, Москва;Музеи;Другие / требуют уточнения;Предварительно по названию;;;;;55.812843;37.656946;Справочник: актуальность не проверена
МИИТ, дворец культуры;Новосущёвский переулок, 6 ст1;Музеи;Другие / требуют уточнения;Предварительно по названию;http://culture.ru/institutes/83857/dvorec-kultury-rossiiskogo-universiteta-transporta, http://dkmiit.ru;https://t.me/cultrf;info@dkmiit.ru, dkmiit@mail.ru, cultrf@mkrf.ru;+79951212114, +7 (995) 121-21-14;55.789896;37.60551;"Сайт доступен; запись музея требует проверки"
Минералогический музей им. А. Е. Ферсмана;Ленинский проспект, 18 к2;Музеи;Природа и естествознание;Предварительно по названию;http://fmm.ru;https://t.me/fersman_mineralogical_museum;a3190470@ya.ru, alferova.maria@gmail.com, atali@fmm.ru, borisova@fmm.ru, dmz@fmm.ru, dnovgorodova@gmail.com, ernstspiridon@gmail.com, es@fmm.ru, evseev@fmm.ru, generalov@fmm.ru, igorpekov@mail.ru, matvienko@fmm.ru, mineral@fmm.ru, mineralab@mail.ru, nenashevasn@mail.ru, pavlova@fmm.ru, pla58@mail.ru, ygritsenko@rambler.ru;+7 (495) 954‒39‒00;55.718729;37.592931;"Сайт доступен; запись музея требует проверки"
Минералогический музей имени А. Е. Ферсмана РАН;Ленинский просп., 18, корп. 2, Москва;Музеи;Природа и естествознание;Предварительно по названию;http://www.fmm.ru/;;mineral@fmm.ru;+7 (495) 954-39-00;55.718724;37.592813;"Сайт доступен; запись музея требует проверки"
Минералогический музей Российского государственного геологоразведочного университета имени С. Орджоникидзе;ул. Миклухо-Маклая, 23, Москва;Музеи;Природа и естествознание;Предварительно по названию;https://www.mgri.ru/life-v-mgri-rggru/museums/;https://t.me/mgri_official;kmk@mgri.ru, office@mgri.ru;+7 (495) 255-15-10, +74952551510, +74952554020, +74950232404, +74952280083, +74952280087, +74952280086, 84952551510;55.649299;37.512637;"Сайт доступен; запись музея требует проверки"
Митино, культурный центр;Пятницкое шоссе, 45;Музеи;Другие / требуют уточнения;Предварительно по названию;http://kulturaszao.ru/kcmitino;https://t.me/dkmitino, https://t.me/fincult_info;dkmitino@gmail.com, okcszao@culture.mos.ru;+7 (495) 751‒28‒04, +7 (495) 751‒48‒90, +7 (495) 794‒05‒00, +7 (495) 794‒10‒20, +7 (495) 495-91-10;55.858201;37.349296;"Сайт доступен; запись музея требует проверки"
Мишка, музей истории шоколада и какао;улица Малая Красносельская, 7;Музеи;Быт, ремёсла и гастрономия, История и культура;Предварительно по названию;http://chokomuseum.ru;;mishka@babaev.ru;+7 (495) 982‒57‒97, +74959825797;55.786598;37.659379;"Сайт доступен; запись музея требует проверки"
Мобильный кинотеатр;ул. Образцова, 11, стр. 1А, Москва;Музеи;Музыка, театр и кино;Предварительно по названию;;;;;55.789244;37.608086;Справочник: актуальность не проверена
Московская государственная картинная галерея народного художника СССР Ильи Глазунова;ул. Волхонка, 13, Москва;Музеи;Искусство и архитектура, История и культура;Предварительно по названию;http://glazunov-gallery.ru/, http://glazunov.ru/;;bugrovaea@culture.mos.ru, glazunovgallery@culture.mos.ru, ilya_glazunov@mail.ru, korolkovaai@culture.mos.ru, roschupkinatv@culture.mos.ru, rozhkovali1@culture.mos.ru, shabanovapa@culture.mos.ru, tyschenkodg@culture.mos.ru, zhelnovaeg1@culture.mos.ru, info@glazunov-gallery.ru;+7 (495) 691-69-49, +7 (495) 691-84-54, +7 (495) 691-86-34, +7 (495) 691-93-78;55.746432;37.606689;"Сайт доступен; запись музея требует проверки"
Московская Дирекция Транспортного Обслуживания центр Истории и Культуры Транспорта;просп. Мира, 119, стр. 26, Москва;Музеи;Транспорт, История и культура, Спорт;Предварительно по названию;;;;;55.834312;37.621755;Справочник: актуальность не проверена
Московский Анатомикум;7-я Кожуховская улица, 9;Музеи;Наука и техника;Предварительно по названию;http://mos-anatomikum.ru;;muzey@anatomikum-moscow.ru;+7 (916) 790-32-52, +79873022110;55.710082;37.67542;"Сайт доступен; запись музея требует проверки"
Московский архитектурный институт, музей;улица Рождественка, 11 ст3;Музеи;Искусство и архитектура;Предварительно по названию;http://marhi.ru, http://marhi.ru/about/museum;;office@marhi.ru, prk@markhi.ru;+7 (495) 621‒15‒01;55.763432;37.623188;"Сайт доступен; запись музея требует проверки"
Московский городской дом учителя;Вишняковский переулок, 12 ст1;Музеи;Другие / требуют уточнения;Предварительно по названию;http://mgdu.dogm.mos.ru;;aleksandrovass@edu.mos, balobinaos@edu.mos, bastryginami@edu.mos, buterfly1943@yandex.ru, churkinds@edu.mos, deevnv1@edu.mos, elmmus17@mail.ru, ershovasv@bk.ru, kemyashovaoa@edu.mos, ketdrob@yandex.ru, khokhlovaav@edu.mos, khrameevaai@edu.mos, krylovan3@edu.mos, kulaevay@edu.mos, lokotnikovmy@edu.mos, ludmilakrem@yandex.ru, mgdu@edu.mos, olgastar57@mail.ru, oroganova@mail.ru, proshlyakova789@yandex.ru, radziminskayaiv@edu.mos, samonovavv@edu.mos, samonovavvod@edu.mos, sokolenko1949@yandex.ru, spw4@yandex.ru, sysoevaae1@edu.mos, tikhonovamv@edu.mos, verailinichna@rambler.ru, volkovasi@edu.mos, yrm52@mail.ru;+7 (495) 951‒50‒33, +7 (495) 951‒93‒39;55.736059;37.629564;"Сайт доступен; запись музея требует проверки"
Московский государственный музей Вадима Сидура;Новогиреевская улица, 37а;Музеи;Другие / требуют уточнения;Предварительно по названию;;;;+7 (495) 645‒92‒77;55.753113;37.799014;Справочник: актуальность не проверена
Московский государственный музей С. А. Есенина;Большой Строченовский переулок, 24 ст2;Музеи;Писатели и литература;Предварительно по названию;http://esenin-museum.ru, http://jivo.chat/BUfwBceDVU;https://t.me/eseninmuseum;aleksandrovaiv14@culture.mos.ru, morozkinaav@culture.mos.ru, muzeiesenina@culture.mos.ru;+7 (495) 688‒79‒90, +7 (495) 954‒20‒77, +7 (495) 954‒97‒64;55.726663;37.630744;"Сайт доступен; запись музея требует проверки"
Московский государственный музей С. А. Есенина;переулок Чернышевского, 4 ст2;Музеи;Писатели и литература;Предварительно по названию;http://esenin-museum.ru, http://jivo.chat/BUfwBceDVU;https://t.me/eseninmuseum;;+7 (495) 688‒79‒90, +7 (495) 954‒97‒64;55.782194;37.609414;"Сайт доступен; запись музея требует проверки"
Московский государственный музей С. А. Есенина;Клязьминская улица, 21 к2;Музеи;Писатели и литература;Предварительно по названию;http://esenin-museum.ru, http://jivo.chat/BUfwBceDVU, https://esenin-museum.ru/yesenin_cultural_center;https://t.me/eseninmuseum;aleksandrovaiv14@culture.mos.ru, morozkinaav@culture.mos.ru, muzeiesenina@culture.mos.ru;+7 (495) 483‒95‒15, +7 (495) 688‒79‒90, +7 (495) 954‒97‒64, +7 (495) 483-95-15;55.893493;37.528974;"Сайт доступен; запись музея требует проверки"
Московский государственный музей С.А. Есенина;Большой Строченовский пер., 24, стр. 2, Москва;Музеи;Писатели и литература;Предварительно по названию;https://esenin-museum.ru/;;burtsevays@culture.mos.ru, morozkinaav@culture.mos.ru, mutlovamm@culture.mos.ru, muzeiesenina@culture.mos.ru;+7 (495) 688-79-90, +7 (495) 954-97-64, +7 (495) 958-16-74;55.726633;37.630711;Справочник: актуальность не проверена
Московский государственный объединенный художественный историко-архитектурный и природно-ландшафтный музей-заповедник, усадьба Измайлово;Москва, Восточный административный округ, район Измайлово, городок имени Баумана, дв2с14;Музеи;Искусство и архитектура, Природа и естествознание, История и культура;Предварительно по названию;http://www.mgomz.ru/;https://t.me/kolomenskoe_moscow;kolomenskoe100konkurs@mail.ru;+7 (499) 165-12-36, +7 (499) 165-13-36;55.791824;37.763364;"Сайт доступен; запись музея требует проверки"
Московский государственный объединенный художественный историко-архитектурный и природно-ландшафтный музей-заповедник, усадьба Люблино;Тихая ул., 23, стр. 1, Москва;Музеи;Искусство и архитектура, Природа и естествознание, История и культура;Предварительно по названию;http://mgomz.ru/;https://t.me/kolomenskoe_moscow;;+7 (499) 612-52-17, +7 (499) 782-89-17;55.686004;37.741633;"Сайт доступен; запись музея требует проверки"
Московский государственный объединённый музей-заповедник, отдел образовательных и просветительских программ;Большая ул., 84, Москва;Музеи;Другие / требуют уточнения;Предварительно по названию;;;;;55.673907;37.669582;Справочник: актуальность не проверена
Московский государственный университет им. М.В. Ломоносова, Музей землеведения;Ленинские Горы, 1;Музеи;Природа и естествознание;Предварительно по названию;http://www.museum.msu.ru;https://t.me/earthsciencemuseum;dsp@mes.msu, dubinin@mes.msu, info@mes.msu, osipov202@mail.ru, smr49@mail.ru;+7 (495) 939‒14‒15, +7 (495) 939‒29‒76;55.702895;37.530641;"Сайт доступен; запись музея требует проверки"
Московский дом А.А. Ахматовой, мемориальное пространство;Никитский переулок, 4а ст1;Музеи;История и культура;Предварительно по названию;;;;+7 (495) 926‒41‒14;55.757133;37.610606;Справочник: актуальность не проверена
Московский дом Достоевского, музейный центр;улица Достоевского, 2;Музеи;Писатели и литература;Предварительно по названию;http://goslitmuz.ru/museums/moskovskij-dom-dostoevskogo/;https://t.me/literaturemuseum, https://t.me/arkamarka_centre, https://t.me/calendar_kids;ex@goslitmuz.ru, info@goslitmuz.ru, kniga@goslitmuz.ru, media@goslitmuz.ru, y.glotova@goslitmuz.ru, arkamarka@goslitmuz.ru;+7 (495) 695‒53‒08;55.783497;37.610377;"Сайт доступен; запись музея требует проверки"
Московский дом национальностей;Новая Басманная ул., 4, стр. 1, Москва;Музеи;Другие / требуют уточнения;Предварительно по названию;https://mdn.ru/;https://t.me/mdnmos;monitoring@fadn.gov.ru, office@mdn.ru, novikovvv13@mos.ru;+7 (495) 625-17-35, +7 (495) 625-47-43, +7 (495) 625-47-56, +7 (495) 625-78-74, +7 (495) 625-81-29, +7 (495) 625-90-18;55.769056;37.65386;"Сайт доступен; запись музея требует проверки"
Московский Дом художника;ул. Кузнецкий Мост, 11, стр. 1, Москва;Музеи;Другие / требуют уточнения;Предварительно по названию;http://mdx.ru/;;;+7 (495) 624-24-50, +7 (495) 628-81-41;55.762103;37.622207;"Сайт доступен; запись музея требует проверки"
Московский зоопарк, музей;Большая Грузинская улица, 1 ст17;Музеи;Другие / требуют уточнения;Предварительно по названию;http://moscowzoo.ru;https://t.me/moscowzoo_official;;+7 (499) 252‒29‒51;55.762725;37.575353;"Сайт доступен; запись музея требует проверки"
Московский Кремль;Москва, Ивановская площадь;Музеи;История и культура;Предварительно по названию;https://www.kreml.ru/;https://t.me/kremlinmuseums;head@kremlin.museum.ru, m.koroleva@kremlin.museum.ru, morozova@kremlin.museum.ru, press@kremlin.museum.ru, zabolotskikh@kremlin.museum.ru, buro16@kreml.ru, buro15@kreml.ru, deti@kreml.ru, medvedeva@kreml.ru, head@kreml.ru, partners@kreml.ru, kazarian@kreml.ru, malygina@kreml.ru, press@kreml.ru, milovzorova@kreml.ru, faleev@kreml.ru, design@kreml.ru, blagov@kreml.ru, andreeva.m@kreml.ru, maria.zhulina@kreml.ru, nch@kreml.ru, library@kreml.ru, store@kreml.ru, g.mikhailova@kreml.ru, Julia.Kh@kreml.ru, job@kreml.ru;+7 (495) 695-41-46, +7 (495) 697-03-49, +74956970349, +74956954631, +74956954146, +74956903094, +74956957581, +74956974115, null, +74956959558, +74956959723, +74956904858, +74956954187, +74956978086, +74956957927, +74956959665, +74956958541, +74956975579, +74956974361, +74956956649, +74956974062, +74956454631, +74956240902, +74956953812, +74956953912, +74956959887, +74956970878, +74956959575, +74956240264, +74956959842, +74956957064, +74956953998, +74956976096, +74956956575;55.751426;37.618879;"Сайт доступен; запись музея требует проверки"
Московский Кремль, исторический комплекс;;Музеи;История и культура;Предварительно по названию;http://www.kreml.ru;https://t.me/kremlinmuseums;buro16@kreml.ru, buro15@kreml.ru, deti@kreml.ru, medvedeva@kreml.ru, head@kreml.ru, partners@kreml.ru, kazarian@kreml.ru, malygina@kreml.ru, press@kreml.ru, milovzorova@kreml.ru, faleev@kreml.ru, design@kreml.ru, blagov@kreml.ru, andreeva.m@kreml.ru, maria.zhulina@kreml.ru, nch@kreml.ru, library@kreml.ru, store@kreml.ru, g.mikhailova@kreml.ru, Julia.Kh@kreml.ru, job@kreml.ru;+7 (495) 695‒41‒46, +7 (495) 697‒03‒49, +74956970349, +74956954631, +74956954146, +74956903094, +74956957581, +74956974115, null, +74956959558, +74956959723, +74956904858, +74956954187, +74956978086, +74956957927, +74956959665, +74956958541, +74956975579, +74956974361, +74956956649, +74956974062, +74956454631, +74956240902, +74956953812, +74956953912, +74956959887, +74956970878, +74956959575, +74956240264, +74956959842, +74956957064, +74956953998, +74956976096, +74956956575;55.752123;37.618067;"Сайт доступен; запись музея требует проверки"
Московский музей анимации;Измайловское ш., 73Ж, Москва;Музеи;Другие / требуют уточнения;Предварительно по названию;;;;;55.794384;37.749269;Справочник: актуальность не проверена
Московский музей дизайна;улица Крымский Вал, 10;Музеи;Искусство и архитектура;Предварительно по названию;http://moscowdesignmuseum.ru, http://moscowdesignmuseum.ru/, https://www.tretyakovgallery.ru/;;volodina@moscowdesignmuseum.ru, info@moscowdesignmuseum.ru;+7 (495) 917-41-16, +7 (495) 957-07-27, +7 (495) 957-07-27 (колл-центр), +7 (929) 515-82-94 (музей);55.734612;37.604413;"Сайт доступен; запись музея требует проверки"
Московский Музей Кошки;ул. Екатерины Будановой, 8, корп. 2, Москва;Музеи;Другие / требуют уточнения;Предварительно по названию;https://moscow-cat-museum.wixsite.com/moscow-cat-museum;;;;55.730127;37.427633;"Сайт доступен; запись музея требует проверки"
Московский музей парфюмерии;ул. Арбат, 36/2с1, Москва;Музеи;Быт, ремёсла и гастрономия;Предварительно по названию;https://museumperfume.ru/;https://t.me/perfume_museum, https://t.me/perfumetaken;info@museumperfume.ru, press@museumperfume.ru;+7916555-74-74, +7916670-74-74;55.748793;37.588848;"Сайт доступен; запись музея требует проверки"
Московский музей современного искусства;Гоголевский бульвар, 10 ст2;Музеи;Искусство и архитектура;Предварительно по названию;http://mmoma.ru;https://t.me/mmoma;guide@mmoma.ru, hello@rukav.space, mmoma@culture.mos, sansieva@mmoma.ru, studio@mmoma.ru, u003eguide@mmoma.ru, vasilenko@youngart.ru, mmoma@culture.mos.ru, research@mmoma.ru, andrew@mmoma.ru, secretary@mmoma.ru, info@mmoma.ru, VasilevaVV5@culture.mos.ru, pr@mmoma.ru, development@mmoma.ru, education@mmoma.ru, sidurmuseum@mmoma.ru, nalbandyan@mmoma.ru, DegtyarevaNS1@culture.mos.ru, freeworkshops@mmoma.ru, cadre@mmoma.ru, library@mmoma.ru, urist@mmoma.ru, tv@mmoma.ru;+7 (495) 231‒44‒10, +7 (495) 690‒68‒70, +7 (495) 699‒80‒52, +7 (495) 691-47-56, +74956507521, +7(495)6998052, +74956946375, +74956500563, +7 495 691 44 74, +7 495 690 68 70, +74956500578, +74959185181, +74956507490, +74956507504, +74956507358, +74956998052, +74956994880, +74956997991, +74992403146, +7 495 699 80 52;55.746545;37.600432;"Сайт доступен; запись музея требует проверки"
Московский музей современного искусства;улица Петровка, 25 ст1;Музеи;Искусство и архитектура;Предварительно по названию;http://mmoma.ru;https://t.me/mmoma;guide@mmoma.ru, hello@rukav.space, mmoma@culture.mos, sansieva@mmoma.ru, studio@mmoma.ru, u003eguide@mmoma.ru, vasilenko@youngart.ru, mmoma@culture.mos.ru, research@mmoma.ru, andrew@mmoma.ru, secretary@mmoma.ru, info@mmoma.ru, VasilevaVV5@culture.mos.ru, pr@mmoma.ru, development@mmoma.ru, education@mmoma.ru, sidurmuseum@mmoma.ru, nalbandyan@mmoma.ru, DegtyarevaNS1@culture.mos.ru, freeworkshops@mmoma.ru, cadre@mmoma.ru, library@mmoma.ru, urist@mmoma.ru, tv@mmoma.ru;+7 (495) 690‒68‒70, +7 (495) 699‒80‒52, +7 (495) 691-47-56, +74956507521, +7(495)6998052, +74956946375, +74956500563, +7 495 691 44 74, +7 495 690 68 70, +74956500578, +74959185181, +74956507490, +74956507504, +74956507358, +74956998052, +74956994880, +74956997991, +74992403146, +7 495 699 80 52;55.766977;37.61429;"Сайт доступен; запись музея требует проверки"
Московский музей современного искусства;Ермолаевский переулок, 17 ст1;Музеи;Искусство и архитектура;Предварительно по названию;http://mmoma.ru;https://t.me/mmoma;guide@mmoma.ru, hello@rukav.space, mmoma@culture.mos, sansieva@mmoma.ru, studio@mmoma.ru, u003eguide@mmoma.ru, vasilenko@youngart.ru, mmoma@culture.mos.ru, research@mmoma.ru, andrew@mmoma.ru, secretary@mmoma.ru, info@mmoma.ru, VasilevaVV5@culture.mos.ru, pr@mmoma.ru, development@mmoma.ru, education@mmoma.ru, sidurmuseum@mmoma.ru, nalbandyan@mmoma.ru, DegtyarevaNS1@culture.mos.ru, freeworkshops@mmoma.ru, cadre@mmoma.ru, library@mmoma.ru, urist@mmoma.ru, tv@mmoma.ru;+7 (495) 690‒68‒70, +7 (495) 699‒80‒52, +7 (495) 691-47-56, +74956507521, +7(495)6998052, +74956946375, +74956500563, +7 495 691 44 74, +7 495 690 68 70, +74956500578, +74959185181, +74956507490, +74956507504, +74956507358, +74956998052, +74956994880, +74956997991, +74992403146, +7 495 699 80 52;55.765528;37.592268;"Сайт доступен; запись музея требует проверки"
Московский музей современного искусства;Большая Грузинская улица, 15;Музеи;Искусство и архитектура;Предварительно по названию;http://mmoma.ru;https://t.me/mmoma;guide@mmoma.ru, hello@rukav.space, mmoma@culture.mos, sansieva@mmoma.ru, studio@mmoma.ru, u003eguide@mmoma.ru, vasilenko@youngart.ru, mmoma@culture.mos.ru, research@mmoma.ru, andrew@mmoma.ru, secretary@mmoma.ru, info@mmoma.ru, VasilevaVV5@culture.mos.ru, pr@mmoma.ru, development@mmoma.ru, education@mmoma.ru, sidurmuseum@mmoma.ru, nalbandyan@mmoma.ru, DegtyarevaNS1@culture.mos.ru, freeworkshops@mmoma.ru, cadre@mmoma.ru, library@mmoma.ru, urist@mmoma.ru, tv@mmoma.ru;+7 (495) 690‒68‒70, +7 (495) 699‒80‒52, +7 (495) 691-47-56, +74956507521, +7(495)6998052, +74956946375, +74956500563, +7 495 691 44 74, +7 495 690 68 70, +74956500578, +74959185181, +74956507490, +74956507504, +74956507358, +74956998052, +74956994880, +74956997991, +74992403146, +7 495 699 80 52;55.766158;37.577037;"Сайт доступен; запись музея требует проверки"
Московский музей современного искусства;Гоголевский бульвар, 10 ст1;Музеи;Искусство и архитектура;Предварительно по названию;http://mmoma.ru;https://t.me/mmoma;guide@mmoma.ru, hello@rukav.space, mmoma@culture.mos, sansieva@mmoma.ru, studio@mmoma.ru, u003eguide@mmoma.ru, vasilenko@youngart.ru, mmoma@culture.mos.ru, research@mmoma.ru, andrew@mmoma.ru, secretary@mmoma.ru, info@mmoma.ru, VasilevaVV5@culture.mos.ru, pr@mmoma.ru, development@mmoma.ru, education@mmoma.ru, sidurmuseum@mmoma.ru, nalbandyan@mmoma.ru, DegtyarevaNS1@culture.mos.ru, freeworkshops@mmoma.ru, cadre@mmoma.ru, library@mmoma.ru, urist@mmoma.ru, tv@mmoma.ru;+7 (495) 690‒68‒70, +7 (495) 699‒80‒52, +7 (495) 691-47-56, +74956507521, +7(495)6998052, +74956946375, +74956500563, +7 495 691 44 74, +7 495 690 68 70, +74956500578, +74959185181, +74956507490, +74956507504, +74956507358, +74956998052, +74956994880, +74956997991, +74992403146, +7 495 699 80 52;55.747073;37.600357;"Сайт доступен; запись музея требует проверки"
Московский музей современного искусства;ул. Петровка, 25, Москва;Музеи;Искусство и архитектура;Предварительно по названию;http://www.mmoma.ru/, https://mmoma.timepad.ru/;https://t.me/mmoma;mmoma@culture.mos.ru, research@mmoma.ru, andrew@mmoma.ru, secretary@mmoma.ru, info@mmoma.ru, VasilevaVV5@culture.mos.ru, pr@mmoma.ru, development@mmoma.ru, education@mmoma.ru, sidurmuseum@mmoma.ru, nalbandyan@mmoma.ru, DegtyarevaNS1@culture.mos.ru, freeworkshops@mmoma.ru, cadre@mmoma.ru, library@mmoma.ru, urist@mmoma.ru, tv@mmoma.ru;+7 (495) 690-68-70, +7 (495) 691-47-56, +74956507521, +7(495)6998052, +74956946375, +74956500563, +7 495 691 44 74, +7 495 690 68 70, +74956500578, +74959185181, +74956507490, +74956507504, +74956507358, +74956998052, +74956994880, +74956997991, +74992403146, +7 495 699 80 52;55.767011;37.614227;"Сайт доступен; запись музея требует проверки"
Московский музей современного искусства;Ермолаевский пер., 17, стр. 1, Москва;Музеи;Искусство и архитектура;Предварительно по названию;http://www.mmoma.ru/;https://t.me/mmoma;mmoma@culture.mos.ru, research@mmoma.ru, andrew@mmoma.ru, secretary@mmoma.ru, info@mmoma.ru, VasilevaVV5@culture.mos.ru, pr@mmoma.ru, development@mmoma.ru, education@mmoma.ru, sidurmuseum@mmoma.ru, nalbandyan@mmoma.ru, DegtyarevaNS1@culture.mos.ru, freeworkshops@mmoma.ru, cadre@mmoma.ru, library@mmoma.ru, urist@mmoma.ru, tv@mmoma.ru;+7 (495) 690-68-70, +7 (495) 691-47-56, +74956507521, +7(495)6998052, +74956946375, +74956500563, +7 495 691 44 74, +7 495 690 68 70, +74956500578, +74959185181, +74956507490, +74956507504, +74956507358, +74956998052, +74956994880, +74956997991, +74992403146, +7 495 699 80 52;55.765483;37.592259;"Сайт доступен; запись музея требует проверки"
Московский музей современного искусства;Гоголевский бул., 10, стр. 1, Москва;Музеи;Искусство и архитектура;Предварительно по названию;http://mmoma.ru/;https://t.me/mmoma;mmoma@culture.mos.ru, research@mmoma.ru, andrew@mmoma.ru, secretary@mmoma.ru, info@mmoma.ru, VasilevaVV5@culture.mos.ru, pr@mmoma.ru, development@mmoma.ru, education@mmoma.ru, sidurmuseum@mmoma.ru, nalbandyan@mmoma.ru, DegtyarevaNS1@culture.mos.ru, freeworkshops@mmoma.ru, cadre@mmoma.ru, library@mmoma.ru, urist@mmoma.ru, tv@mmoma.ru;+7 (495) 690-68-70, +7 (495) 691-47-56, +74956507521, +7(495)6998052, +74956946375, +74956500563, +7 495 691 44 74, +7 495 690 68 70, +74956500578, +74959185181, +74956507490, +74956507504, +74956507358, +74956998052, +74956994880, +74956997991, +74992403146, +7 495 699 80 52;55.746994;37.600225;"Сайт доступен; запись музея требует проверки"
Московский планетарий;Садовая-Кудринская ул., 5, стр. 1, Москва;Музеи;Другие / требуют уточнения;Предварительно по названию;https://www.planetarium-moscow.ru/;;;+7 (495) 221-76-90;55.761392;37.583571;Справочник: актуальность не проверена
Московский университет;Моховая ул., 11, стр. 9, Москва;Музеи;Другие / требуют уточнения;Предварительно по названию;;;;+7 (495) 629-37-23, +7 (495) 629-59-68, +7 (495) 629-76-60;55.756866;37.61182;Справочник: актуальность не проверена
Московский центр искусств;Неглинная ул., 14, стр. 1А, Москва;Музеи;Искусство и архитектура;Предварительно по названию;;;;;55.763836;37.620527;Справочник: актуальность не проверена
Москонцерт, Музыкальная квартира;1-я Тверская-Ямская ул., 16/23с1, Москва;Музеи-квартиры;Музыка, театр и кино;Предварительно по названию;http://www.mosconcert.moscow/;https://t.me/mosconcerto;mosconcert@culture.mos.ru, FBOX-salesmsc@culture.mos.ru, press.mosconcert@mail.ru, ShtyrovaIN1@culture.mos.ru;+7 (495) 612-51-60, +7 (495) 680-20-49, +7 (495) 621-00-22, +74957359968, +74956148547, +74956120075, 8 (495) 612 51 60;55.77295;37.591572;"Сайт доступен; запись музея требует проверки"
Мосметрострой;Цветной бул., 17, Москва;Музеи;Транспорт;Предварительно по названию;;;;;55.771814;37.620107;Справочник: актуальность не проверена
Моторы войны;ул. Рогожский Вал, 9/2с2, Москва;Музеи;Военная история;Предварительно по названию;https://warmotors.ru/;https://t.me/uhjxwpuc1gximday;;+79857743577;55.742376;37.678552;"Сайт доступен; запись музея требует проверки"
Моторы войны, музей;улица Рогожский Вал, 9/2 ст2;Музеи;Военная история;Предварительно по названию;http://warmotors.ru;https://t.me/uhjxwpuc1gximday, https://t.me/warmotors;;+79857743577;55.742412;37.678747;"Сайт доступен; запись музея требует проверки"
Моховая башня Сумского острога;просп. Андропова, 39, стр. 63, Москва;Музеи;Другие / требуют уточнения;Предварительно по названию;;;;;55.673539;37.677942;Справочник: актуальность не проверена
Музеи Московского Кремля, Грановитая палата;Кремлёвская наб., 1, Москва;Музеи;История и культура;Предварительно по названию;http://armoury-chamber.kreml.ru/, https://www.kreml.ru/;https://t.me/kremlinmuseums;buro16@kreml.ru, buro15@kreml.ru, deti@kreml.ru, medvedeva@kreml.ru, head@kreml.ru, partners@kreml.ru, kazarian@kreml.ru, malygina@kreml.ru, press@kreml.ru, milovzorova@kreml.ru, faleev@kreml.ru, design@kreml.ru, blagov@kreml.ru, andreeva.m@kreml.ru, maria.zhulina@kreml.ru, nch@kreml.ru, library@kreml.ru, store@kreml.ru, g.mikhailova@kreml.ru, Julia.Kh@kreml.ru, job@kreml.ru;+7 (495) 695-41-46, +7 (495) 697-03-49, +74956970349, +74956954631, +74956954146, +74956903094, +74956957581, +74956974115, null, +74956959558, +74956959723, +74956904858, +74956954187, +74956978086, +74956957927, +74956959665, +74956958541, +74956975579, +74956974361, +74956956649, +74956974062, +74956454631, +74956240902, +74956953812, +74956953912, +74956959887, +74956970878, +74956959575, +74956240264, +74956959842, +74956957064, +74956953998, +74956976096, +74956956575;55.750514;37.616785;"Сайт доступен; запись музея требует проверки"
Музеи Московского Кремля, кассы;Москва, Центральный административный округ, Тверской район, Кремль, вл1;Музеи;История и культура;Предварительно по названию;https://www.kreml.ru/;https://t.me/kremlinmuseums;buro16@kreml.ru, buro15@kreml.ru, deti@kreml.ru, medvedeva@kreml.ru, head@kreml.ru, partners@kreml.ru, kazarian@kreml.ru, malygina@kreml.ru, press@kreml.ru, milovzorova@kreml.ru, faleev@kreml.ru, design@kreml.ru, blagov@kreml.ru, andreeva.m@kreml.ru, maria.zhulina@kreml.ru, nch@kreml.ru, library@kreml.ru, store@kreml.ru, g.mikhailova@kreml.ru, Julia.Kh@kreml.ru, job@kreml.ru;+7 (495) 695-41-46, +74956970349, +74956954631, +74956954146, +74956903094, +74956957581, +74956974115, null, +74956959558, +74956959723, +74956904858, +74956954187, +74956978086, +74956957927, +74956959665, +74956958541, +74956975579, +74956974361, +74956956649, +74956974062, +74956454631, +74956240902, +74956953812, +74956953912, +74956959887, +74956970878, +74956959575, +74956240264, +74956959842, +74956957064, +74956953998, +74956976096, +74956956575;55.751522;37.613446;"Сайт доступен; запись музея требует проверки"
Музеи Московского Кремля, лекторий;Манежная ул., 7, Москва;Музеи;История и культура;Предварительно по названию;https://www.kreml.ru/, https://www.kreml.ru/learning/lectures/;https://t.me/kremlinmuseums;buro16@kreml.ru, buro15@kreml.ru, deti@kreml.ru, medvedeva@kreml.ru, head@kreml.ru, partners@kreml.ru, kazarian@kreml.ru, malygina@kreml.ru, press@kreml.ru, milovzorova@kreml.ru, faleev@kreml.ru, design@kreml.ru, blagov@kreml.ru, andreeva.m@kreml.ru, maria.zhulina@kreml.ru, nch@kreml.ru, library@kreml.ru, store@kreml.ru, g.mikhailova@kreml.ru, Julia.Kh@kreml.ru, job@kreml.ru;+7 (495) 695-41-46, +7 (495) 697-41-15, +74956970349, +74956954631, +74956954146, +74956903094, +74956957581, +74956974115, null, +74956959558, +74956959723, +74956904858, +74956954187, +74956978086, +74956957927, +74956959665, +74956958541, +74956975579, +74956974361, +74956956649, +74956974062, +74956454631, +74956240902, +74956953812, +74956953912, +74956959887, +74956970878, +74956959575, +74956240264, +74956959842, +74956957064, +74956953998, +74956976096, +74956956575;55.750391;37.611165;"Сайт доступен; запись музея требует проверки"
Музей;8-я улица Соколиной Горы, 8 к2;Музеи;Другие / требуют уточнения;Предварительно по названию;http://weliycenter.ru;;enter@yandex.ru, weliycenter@yandex.ru;+79663425453, +7 966 342 54 53;55.76665;37.735948;"Сайт доступен; запись музея требует проверки"
Музей;Первомайская улица, 93;Музеи;Другие / требуют уточнения;Предварительно по названию;;;;;55.794265;37.806582;Справочник: актуальность не проверена
Музей;Перовское ш., 43, Москва;Музеи;Другие / требуют уточнения;Предварительно по названию;http://mlrz.ru/;;hotline@mlrz.ru, hr@mlrz.ru, info@mlrz.ru;;55.739858;37.751349;"Сайт доступен; запись музея требует проверки"
Музей;ул. Юности, 2, стр. 7, Москва;Музеи;Другие / требуют уточнения;Предварительно по названию;;;;;55.737985;37.810907;Справочник: актуальность не проверена
Музей;Ташкентская ул., 26, корп. 2, Москва;Музеи;Другие / требуют уточнения;Предварительно по названию;;;;;55.700564;37.806422;Справочник: актуальность не проверена
Музей;просп. Андропова, 39, Москва;Музеи;Другие / требуют уточнения;Предварительно по названию;http://www.mgomz.ru/;https://t.me/kolomenskoe_moscow;;+7 (499) 612-52-28, +7 (499) 615-27-68, +7 (499) 615-87-05, +7 (499) 617-14-19, +7 (499) 782-89-17;55.67205;37.665183;"Сайт доступен; запись музея требует проверки"
Музей;Сретенский бул., 9/2с1, Москва;Музеи;Другие / требуют уточнения;Предварительно по названию;https://museum.lukoil.ru/ru/;https://t.me/lukoilofficial;museum.lukoil@lukoil.com, <Museum.Lukoil@lukoil.com>;+7(968);55.766586;37.635513;"Сайт доступен; запись музея требует проверки"
Музей;просп. Будённого, 18, Москва;Музеи;Другие / требуют уточнения;Предварительно по названию;;;;;55.76836;37.728074;Справочник: актуальность не проверена
Музей 157-й Неманской стрелковой дивизии;улица Зои и Александра Космодемьянских, 6а;Музеи;Другие / требуют уточнения;Предварительно по названию;http://sch717s.mskobr.ru/o-nas/obshchestvennaya-zhizn/muzey-boevoy-slavyi;;717@edu.mos, 7660714@mail.ru, astakhovaav6@edu.mos, balobina@sch717.ru, belyachkova@sch717.ru, bogodukhov@sch717.ru, bogodukhovpm@edu.mos, copilca@yandex.ru, detsadik-1514@yandex.ru, efremenko@sch717.ru, karpovaen4@edu.mos, klychevsb@edu.mos, korneeva@sch717.ru, kozhevnikova@sch717.ru, lumango@yandex.ru, morozova.e.s@bk.ru, musaeva@sch717.ru, rakhmatulina@sch717.ru, shumovama4@edu.mos, valkovichaa@edu.mos, vnukovskaya@sch717.ru, vydrich@sch717.ru;+7 (499) 150‒01‒51, +7 (499) 150‒14‒13, +7 (499) 150‒79‒01;55.81794;37.507017;"Сайт доступен; запись музея требует проверки"
Музей 2-ой гвардейской Краснознамённой танковой армии;ул. Лобачевского, 54, Москва;Музеи;Военная история;Предварительно по названию;;;;;55.672798;37.493;Справочник: актуальность не проверена
Музей 295-й стрелковой Херсонской дивизии;Открытое ш., 29, Москва;Музеи;Другие / требуют уточнения;Предварительно по названию;https://sch1246v.mskobr.ru/muzejnyj_kompleks/muzej_boevoj_slavy_295_strelkovoj_divizii/;;;+7 (499) 167-80-23;55.830012;37.763153;"Сайт доступен; запись музея требует проверки"
Музей Az;2-я Тверская-Ямская ул., 20-22с2, Москва;Музеи;Другие / требуют уточнения;Предварительно по названию;;;;;55.772231;37.593953;Справочник: актуальность не проверена
Музей VI съезда коммунистической партии Китая;Парковая улица, 18;Музеи;Другие / требуют уточнения;Предварительно по названию;http://www.moscowccc.ru/kopiya-o-centre;;moskvaccc@gmail.com;+7 (499) 918‒08‒61;55.535744;37.154208;Справочник: актуальность не проверена
Музей VI съезда коммунистической партии Китая;Парковая ул., 18, посёлок Первомайское;Музеи;Другие / требуют уточнения;Предварительно по названию;https://www.moscowccc.ru/kopiya-o-centre;;;;55.535716;37.154127;Справочник: актуальность не проверена
Музей авиации и космонавтики;улица Генерала Белова, вл7;Музеи;Наука и техника, Транспорт;Предварительно по названию;;;;+7 (499) 112‒03‒13;55.623205;37.718374;Справочник: актуальность не проверена
Музей автомобильных историй;улица Коптевская, 71;Музеи;Транспорт, История и культура;Предварительно по названию;http://autostory.pro;https://t.me/favoritavtorynka;museum@autostory.pro, muzautostory@gmail.com, contact@mamo-favorit.ru;+7 (499) 116‒66‒12, +74951725295;55.831988;37.518817;"Сайт доступен; запись музея требует проверки"
Музей автомобильных историй В. Попова;Коптевская ул., 71, Москва;Музеи;Транспорт, История и культура;Предварительно по названию;http://autostory.pro/;https://t.me/favoritavtorynka;example@mail.ru, muzautostory@gmail.com, contact@mamo-favorit.ru;+7 (495) 172-52-95, +74951725295;55.83201;37.518757;"Сайт доступен; запись музея требует проверки"
Музей АГПС МЧС России;ул. Бориса Галушкина, 4, Москва;Музеи;Другие / требуют уточнения;Предварительно по названию;https://вдпо.рф/museum/198;https://t.me/ptvystavka, https://t.me/museumpss149;inteb@mail.ru, info@vdpo.ru, 149@edu.mos.ru;8 (903) 729-02-06, 8 (916) 949-87-22;55.825652;37.650222;"Сайт доступен; запись музея требует проверки"
Музей академического театра Российской армии;Суворовская площадь, 2, Москва;Музеи;Военная история, Музыка, театр и кино;Предварительно по названию;http://teatrarmii.ru/;https://t.me/teatrarmii;info@teatrarmii.ru, sales@teatrarmii.ru, teatr.armii@yandex.ru, bilet@teatrarmii.ru, m.avimskaya@yandex.ru;+7 (495) 681-51-20, +7 (495) 681-57-19, +74956811043, +74956815120, +74956813573, +74956815719;55.782743;37.613971;"Сайт доступен; запись музея требует проверки"
Музей акварели;улица Академика Варги, 15;Музеи;Другие / требуют уточнения;Предварительно по названию;http://mvk.academy-andriaka.ru/exhibitions/muzey-akvareli/, http://academy-andriaka.ru/, http://academy.andriaka.ru/, http://andriaka.ru/;https://t.me/academy_of_watercolor;mvk@aaii.ru, academiya@aaii.ru;+7 (495) 531‒55‒55, 84955315555, +74955315555, +79685525555;55.634363;37.48102;"Сайт доступен; запись музея требует проверки"
Музей альпинизма;Бауманская улица, 20 ст7;Музеи;Другие / требуют уточнения;Предварительно по названию;https://muz-alp.ru/;;museumalpinizma@mail.ru;+7 903 593 60 15;55.77515;37.676484;"Сайт доступен; запись музея требует проверки"
Музей анатомии им. Б.К. Гиндце;Тимирязевская улица, 44;Музеи;Наука и техника;Предварительно по названию;http://museum.timacad.ru/%D0%BC%D1%83%D0%B7%D0%B5%D0%B9-%D0%B0%D0%BD%D0%B0%D1%82%D0%BE%D0%BC%D0%B8%D0%B8-%D0%B8%D0%BC%D0%B5%D0%BD%D0%B8-%D0%B1-%D0%BA-%D0%B3%D0%B8%D0%BD%D0%B4%D1%86%D0%B5/;https://t.me/anatomy_muz;anatomy_muz@rgau-msha.ru, grishn69@mail.ru, t.condratowa2016@yandex.ru;+7 (499) 977‒64‒52;55.830802;37.553158;Справочник: актуальность не проверена
Музей анатомии имени Б. К. Гиндце;Тимирязевская ул., 44, Москва;Музеи;Наука и техника;Предварительно по названию;;;;;55.830923;37.552966;Справочник: актуальность не проверена
Музей Анны Голубкиной, Государственная Третьяковская галерея;Большой Лёвшинский переулок, 12 ст1;Музеи;Искусство и архитектура, Музыка, театр и кино;Предварительно по названию;http://www.tretyakovgallery.ru/for-visitors/museums/muzey-masterskaya-a-s-golubkinoy/;;acceess@tretyakov.ru, access@tretyakov.ru, bvi@isvek.ru, golubkina2014@yandex.ru, membership@tretyakov.ru, tretyakov@tretyakov.ru, u003eacceess@tretyakov.ru, u003eaccess@tretyakov.ru, u003emembership@tretyakov.ru;+7 (495) 637‒25‒64, +7 (495) 637‒56‒82, +7 (495) 957-07-27 (колл-центр), +7 (929) 515-82-94 (музей), +7 (495) 957-07-27;55.741692;37.585966;"Сайт доступен; запись музея требует проверки"
Музей антропологии им. Д.Н. Анучина;улица Моховая, 11 ст1;Музеи;Другие / требуют уточнения;Предварительно по названию;http://antropos.msu.ru;;;+7 (495) 629‒75‒21;55.755333;37.611948;Справочник: актуальность не проверена
Музей археологии Москвы;Манежная площадь, 1А, Москва;Музеи;История и культура;Предварительно по названию;http://mosmuseum.ru/;https://t.me/mosmuseum, https://t.me/mosburomm, https://t.me/muzarhmos, https://t.me/m_sadovoekoltso, https://t.me/zelmus;g.barilko@mosmuseum.ru, muzeimoskvi@culture.mos.ru, mosburo-mm@culture.mos.ru, deti-mm@culture.mos.ru, pr-mm@culture.mos.ru, rgop-eventsmm@culture.mos.ru;"+7 (495) 692-00-20,  +7 499 731 82 89 / +7 499 717-16-02, +74957390008, +7 495 739-00-08, +7 495 739 00 08, +74956377005, +79684098277, +74956920020, +74956373135, +74956081403, +74956089216, +74953607786, +74997318289, +74997171602, +74957300008;ext=5050";55.756265;37.617197;"Сайт доступен; запись музея требует проверки"
Музей археологии Чудова монастыря;Москва, Кремль;Музеи;История и культура, Религия и духовная культура;Предварительно по названию;;;;;55.752191;37.619465;Справочник: актуальность не проверена
Музей Банка России;Неглинная ул., 12/2с3, Москва;Музеи;Другие / требуют уточнения;Предварительно по названию;http://www.museum.cbr.ru/;https://t.me/museumcbr;expo@cbr.ru;+7 (495) 771-40-07, 8 (800) 300-30-00;55.762318;37.620834;"Сайт доступен; запись музея требует проверки"
Музей барона Мюнхгаузена;улица Народного Ополчения, 12 к6;Музеи;Другие / требуют уточнения;Предварительно по названию;http://баронмюнхаузен.рф/;;;+7 (495) 728‒88‒64;55.771804;37.480976;Справочник: актуальность не проверена
Музей бессонницы ;Красноказарменная улица, 3;Музеи;Другие / требуют уточнения;Предварительно по названию;;;;;55.761186;37.689816;Справочник: актуальность не проверена
Музей Боевой Славы;просп. Вернадского, 55, Москва;Музеи;Военная история;Предварительно по названию;;;;;55.672798;37.504501;Справочник: актуальность не проверена
Музей боевой славы 139-й Рославльской Краснознаменной ордена Суворова стрелковой дивизии;11-я Парковая улица, 50;Музеи;Военная история;Предварительно по названию;;https://t.me/museum139;;;55.807284;37.806387;Справочник: актуальность не проверена
Музей боевой славы 327-й авиадивизии 4-й воздушной армии;Ясеневая улица, 35 к2;Музеи;Военная история;Предварительно по названию;http://gym1636u.mskobr.ru;https://t.me/school_1636;1636@edu.mos, bochkarevaa@1636.ru, elizavetagrigorjevskaya@yandex.ru, glotovaib@edu.mos, iwetti@yandex.ru, kolesov17.79@mail.ru, komissarovaaa@edu.mos, kopeykina_anna@mail.ru, korolevaop3@edu.mos, krayushkina2010@mail.ru, lopatinda@edu.mos, m.sapunowa2018@yandex.ru, maamarkina@gmail.com, marik-74@yandex.ru, marina_ivasichek@mail.ru, miroshnikovaav1@edu.mos, natka.zhur@mail.ru, nazarovaveronika67@gmail.com, nebrat-zenia@mail.ru, newmoscow@mossport.ru, romanovaiv@1636.ru, romanovaiv1636@edu.mos, romanovaiv4@edu.mos, semenkova2305@yandex.ru, semenkovayv@edu.mos, sosbr@mos.ru, strela45org@mail.ru, suleymanovalr1@edu.mos, tatyanatomina@rambler.ru, v.manenkova@bk.ru, vianufrieva33@gmail.com, zubarevak@mail.ru, zulkh@yandex.ru;+7 (495) 398‒79‒59;55.607791;37.738754;"Сайт доступен; запись музея требует проверки"
Музей боевой славы 327-й авиадивизии 4-й воздушной армии;Воронежская улица, 8 к5;Музеи;Военная история;Предварительно по названию;;;;;55.607747;37.727124;Справочник: актуальность не проверена
Музей боевой славы 43-й армии;Профсоюзная улица, 142 к5;Музеи;Военная история;Предварительно по названию;http://gym1507uz.mskobr.ru/obrazovanie/muzei/muzej_43_armii;;;+7 (495) 338‒32‒00, +7 (495) 420‒70‒44;55.626772;37.504463;"Сайт доступен; запись музея требует проверки"
Музей боевой славы 6-го гвардейского механизированного корпуса 4-й танковой армии;Октябрьская ул., 81, Москва;Музеи;Военная история;Предварительно по названию;https://sch-mr.mskobr.ru/orlov_vasilij_fedorovich_geroj_sovetskogo_soyuza_gvardii_polkovnik;;;;55.795981;37.612294;"Сайт доступен; запись музея требует проверки"
Музей боевой славы и интернациональной дружбы 303-й ИАД и 1-ого ОИАП Нормандия-Неман;Кутузовский просп., 80, Москва;Музеи;Военная история;Предварительно по названию;;;;;55.7258;37.4557;Справочник: актуальность не проверена
Музей боевой славы Российской Армии;Перекопская ул., 28, Москва;Музеи;Военная история;Предварительно по названию;;;;;55.661598;37.5704;Справочник: актуальность не проверена
Музей Брестской крепости школы № 444 имени героя-комиссара Е. М. Фомина;Нижняя Первомайская ул., 14, Москва;Музеи;Другие / требуют уточнения;Предварительно по названию;;;;;55.790619;37.796464;Справочник: актуальность не проверена
Музей быта советских ученых;ул. Маршала Новикова, 1, Москва;Музеи;Быт, ремёсла и гастрономия;Предварительно по названию;;;;;55.800471;37.46981;Справочник: актуальность не проверена
Музей В. И. Даля;Большая Грузинская улица, 4/6 ст9;Музеи;Другие / требуют уточнения;Предварительно по названию;http://museumdal.ru;;museumdal@yandex.ru;;55.761757;37.580311;"Сайт доступен; запись музея требует проверки"
Музей В.А. Тропинина и московских художников его времени;Щетининский переулок, 10 ст1;Музеи;Искусство и архитектура;Предварительно по названию;http://museum-tropinina.ru;https://t.me/museum_tropinin;arkhipovaev3@culture.mos, kuznetsovama17@culture.mos, muzeitropinina@culture.mos, popovaas4@culture.mos, rodchenkoiv@culture.mos, sarychevama2@culture.mos, simkinaaa@culture.mos, muzeitropinina@culture.mos.ru;+7 (495) 953‒97‒50, +7 (495) 959‒11‒03, +7 (495) 959‒12‒16, +7 (495) 959‒22‒20, +73472999904;55.733894;37.622748;"Сайт доступен; запись музея требует проверки"
Музей В.А. Тропинина и московских художников его времени;Щетининский пер., 10, стр. 1, Москва;Музеи;Искусство и архитектура;Предварительно по названию;http://museum-tropinina.ru/;;muzeitropinina@culture.mos.ru;+7 (495) 953-97-50, +7 (495) 959-11-03, +73472999904;55.733776;37.622811;"Сайт доступен; запись музея требует проверки"
Музей В.И. Даля;Большая Грузинская ул., 4-6с9, Москва;Музеи;Другие / требуют уточнения;Предварительно по названию;https://museumdal.ru/;;museumdal@yandex.ru;;55.761801;37.580278;"Сайт доступен; запись музея требует проверки"
Музей Вадима Сидура, ММОМА;Новогиреевская улица, 37а;Музеи;Другие / требуют уточнения;Предварительно по названию;http://mmoma.ru;https://t.me/mmoma;guide@mmoma.ru, hello@rukav.space, mmoma@culture.mos, sansieva@mmoma.ru, studio@mmoma.ru, u003eguide@mmoma.ru, vasilenko@youngart.ru, mmoma@culture.mos.ru, research@mmoma.ru, andrew@mmoma.ru, secretary@mmoma.ru, info@mmoma.ru, VasilevaVV5@culture.mos.ru, pr@mmoma.ru, development@mmoma.ru, education@mmoma.ru, sidurmuseum@mmoma.ru, nalbandyan@mmoma.ru, DegtyarevaNS1@culture.mos.ru, freeworkshops@mmoma.ru, cadre@mmoma.ru, library@mmoma.ru, urist@mmoma.ru, tv@mmoma.ru;+7 (495) 918‒51‒81, +7 (495) 918‒51‒82, +7 (495) 690-68-70, +7 (495) 918-51-81, +7 (495) 918-51-82, +7 (495) 691-47-56, +74956507521, +7(495)6998052, +74956946375, +74956500563, +7 495 691 44 74, +7 495 690 68 70, +74956500578, +74959185181, +74956507490, +74956507504, +74956507358, +74956998052, +74956994880, +74956997991, +74992403146, +7 495 699 80 52;55.753113;37.799014;"Сайт доступен; запись музея требует проверки"
Музей ватной игрушки;Плетешковский переулок, 5;Музеи;Быт, ремёсла и гастрономия;Предварительно по названию;http://manufactura-mi.ru/museum, http://toysmk.ru;https://t.me/vata_butik_official, https://t.me/vata_museum;s.tradicii@mail.ru, mailto:s.tradicii@mail.ru;+79104224572, +79250541146, +7 (910) 422 45 72;55.77127;37.677052;"Сайт доступен; запись музея требует проверки"
Музей ватной игрушки;Плетешковский пер., 5, Москва;Музеи;Быт, ремёсла и гастрономия;Предварительно по названию;;;;;55.771225;37.677053;Справочник: актуальность не проверена
Музей ВДНХ;просп. Мира, 119, стр. 228, Москва;Музеи;Другие / требуют уточнения;Предварительно по названию;http://vdnh.ru/events/vystavki/muzey-vdnkh/, http://vdnh.ru/places/maket-kosmicheskogo-korablya-buran/, https://vdnh.ru/, https://vdnh.ru/places/muzey-vdnkh/;;info@vdnh.ru, press@vdnh.ru, app@vdnh.ru, tickets@vdnh.ru, admin_museum@vdnh.ru, tour_registration@vdnh.ru, museum@vdnh.ru, expo@vdnh.ru, events@vdnh.ru, souvenirs@vdnh.ru, adv@vdnh.ru, partners@vdnh.ru, rabota@vdnh.ru, cosmos@vdnh.ru;+7 (495) 544-34-00, 8(495) 544-34-00, +74957483420, +74955443400, +74957483480, +74959743366, +74959743535, +79859696055, +74959743302, +79166331083, +74991810396, +74997602585;55.826683;37.63871;"Сайт доступен; запись музея требует проверки"
Музей Виктора Васнецова;переулок Васнецова, 13 ст1;Музеи;Искусство и архитектура;Предварительно по названию;http://www.tretyakovgallery.ru/for-visitors/museums/dom-muzey-v-vasnetsova/;;acceess@tretyakov.ru, access@tretyakov.ru, bvi@isvek.ru, membership@tretyakov.ru, tretyakov@tretyakov.ru, u003eacceess@tretyakov.ru, u003eaccess@tretyakov.ru, u003emembership@tretyakov.ru;+7 (495) 681‒13‒29, +7 (495) 957-07-27 (колл-центр), +7 (929) 515-82-94 (музей), +7 (495) 957-07-27;55.776771;37.626179;"Сайт доступен; запись музея требует проверки"
Музей ВОВ им. Подольских курсантов;улица Подольских Курсантов, 16а;Музеи;Другие / требуют уточнения;Предварительно по названию;;;;+7 (495) 381‒72‒38;55.605664;37.619956;Справочник: актуальность не проверена
Музей воды;Саринский проезд, 13 ст5;Музеи;Другие / требуют уточнения;Предварительно по названию;;;;+7 (495) 676‒92‒13;55.729208;37.656749;Справочник: актуальность не проверена
Музей воды АО Мосводоканал;Саринский пр., 13, стр. 5, Москва;Музеи;Другие / требуют уточнения;Предварительно по названию;;;;+7 (495) 676-26-89, +7 (495) 676-92-13;55.729181;37.656798;Справочник: актуальность не проверена
Музей военной формы;Большая Никитская улица, 46/17 ст1;Музеи;Военная история;Предварительно по названию;http://www.museum-vf.ru;https://t.me/museumvf;academy@rvio.org, ddv@rvio.org, info@dostoevsky-club.ru, museum@rvio.org, vizit@rvio.org;+7 (495) 648‒18‒10, +7 (495) 648‒18‒13, +74956481813, +74956481810, +7 (495) 648-18-09, +74956481809, 7(495)648-18-11;55.758102;37.591224;"Сайт доступен; запись музея требует проверки"
Музей военной формы;Большая Никитская ул., 46/17с1, Москва;Музеи;Военная история;Предварительно по названию;https://museum-vf.ru/, https://rvio.histrf.ru/;https://t.me/museumvf, https://t.me/rviorf;museum@rvio.org, academy@rvio.org, info@dostoevsky-club.ru, rvio@rvio.ru;+7 (495) 648-18-10, +7 (495) 648-18-13, +74956481813, +74956481810, +7 (495) 648-18-09, +74956481809, 7(495)648-18-11, +74956481812;55.758058;37.591456;"Сайт доступен; запись музея требует проверки"
Музей Восстания Машин;Берсеневский переулок, 2 ст1;Музеи;Транспорт;Предварительно по названию;http://msk.musbot.ru;https://t.me/anastasia_musbot;info@musbot.ru, vasb@zhfobg.eh;+7 (495) 646‒86‒52, +74956468652, 84956468652;55.740981;37.609393;"Сайт доступен; запись музея требует проверки"
Музей восстания машин;Берсеневский пер., 2, стр. 1, Москва;Музеи;Транспорт;Предварительно по названию;https://msk.musbot.ru/;https://t.me/anastasia_musbot;;+7 (495) 646-86-52, +74956468652, 84956468652;55.740951;37.609371;"Сайт доступен; запись музея требует проверки"
Музей времени и часов;Русаковская улица, 1;Музеи;Быт, ремёсла и гастрономия;Предварительно по названию;http://www.watchmuseum.ru, https://www.watchmuseum.ru/;https://t.me/museumofwatch;info@watchmuseum.ru, watchmuseum@ya.ru, Watchmuseum@ya.ru;+79262231560;55.781715;37.669929;"Сайт доступен; запись музея требует проверки"
Музей Всероссийского института авиационных материалов;улица Радио, 17 к11;Музеи;Транспорт;Предварительно по названию;http://museum.viam.ru, http://museum.viam.ru/;;museum@viam.ru;+7 (499) 261‒86‒77, +7 (499) 263‒86‒71, +7 (499) 267‒86‒09, +7 (499) 263-88-84;55.763682;37.676228;"Сайт доступен; запись музея требует проверки"
Музей Г.О.Р.А.;Москва, Западный административный округ, район Дорогомилово, территория парка Победы, аллея Солдат;Музеи;Другие / требуют уточнения;Предварительно по названию;https://goramuseum.ru/, https://victorymuseum.ru/museum-complex/ploshchadka-voennoy-tekhniki-30-40gg-xx-veka;https://t.me/muzeypobedy;info@victorymuseum.ru, zakaz@victorymuseum.ru;+7 (499) 449-81-81, +74994498181;55.729063;37.508336;"Сайт доступен; запись музея требует проверки"
Музей Гараж;ул. Крымский Вал, 9, стр. 32, Москва;Музеи;Искусство и архитектура;Предварительно по названию;https://10.garagemca.org/, https://garagemca.org/ru;https://t.me/garagemca;u003ewelcome@garagemca.org, welcome@garagemca.org, mediators@garagemca.org, library@garagemca.org, pg@garagemca.org, shop@garagemca.org, cafe@garagemca.org, tours@garagemca.org, openmuseum@garagemca.org, pr@garagemca.org, members@garagemca.org, corporate@garagemca.org, patronship@garagemca.org, events@garagemca.org, web@garagemca.org, screen@garagemca.org;+7 (495) 645-05-20, +74956450520, +79263331482;55.727774;37.601526;"Сайт доступен; запись музея требует проверки"
Музей гаража особого назначения ФСО России;просп. Мира, 119, стр. 53, Москва;Музеи;Искусство и архитектура, Транспорт;Предварительно по названию;http://gon-museum.ru/, https://dzen.ru/gonmuseum;https://t.me/gonmuseum, https://t.me/museumgon;gonmuseum@kremlin9.com, tokareva_eo@kremlin9.com;+7 (495) 500-03-17, +7 (495) 500-03-33, +7 (495) 638-08-20, +7(495) 638-08-20, +79251125243;55.837112;37.62138;"Сайт доступен; запись музея требует проверки"
Музей Гарри Поттера;просп. Мира, 119, стр. 519, Москва;Музеи;Другие / требуют уточнения;Предварительно по названию;http://домгарри.рф/museum;https://t.me/mirgarry, https://t.me/dom_garry, https://t.me/markofi;domgarry@yandex.ru, domgarry@ya.ru;+74956498428, +79309374704, +79959053847, +79581757824, +79175863584, +79251935330, ‪+79777031329‬, +79110916476;55.832879;37.631125;"Сайт доступен; запись музея требует проверки"
Музей Гарри Поттера, интерактивная выставка;проспект Мира, 119 ст519;Музеи;Интерактивные и необычные;Предварительно по названию;http://xn--80afcsrlra.xn--p1ai/museum;https://t.me/dom_garry, https://t.me/mirgarry, https://t.me/markofi;domgarry@ya.ru, domgarry@yandex.ru;+74956498428, +79309374704, +79959053847, +79581757824, +79175863584, +79251935330, ‪+79777031329‬, +79110916476;55.832993;37.631138;"Сайт доступен; запись музея требует проверки"
Музей генерал-губернатора Москвы Великого князя Сергея Александровича и истории Императорского православного палестинского общества;ул. Забелина, 3, стр. 2, Москва;Музеи;История и культура, Религия и духовная культура;Предварительно по названию;http://www.ippo.ru/about/centre/1/1/, http://www.ippo.ru/museum;https://t.me/infoippo;info@ippo.ru, ippo1882@yandex.ru, muzei-ippo@yandex.ru;+7 (495) 797-55-95;55.755146;37.638014;"Сайт доступен; запись музея требует проверки"
Музей Героев Советского Союза и России;Большая Черёмушкинская улица, 24 к3;Музеи;Другие / требуют уточнения;Предварительно по названию;http://gmom.ru, https://gmom.ru/;https://t.me/gmom_museum;ggmom@bk.ru, museioboronimoskvi@culture.mos, premiya@culture.mos, museioboronimoskvi@culture.mos.ru;+7 (499) 744‒30‒25, +7 (499) 124-02-22;55.681762;37.583889;"Сайт доступен; запись музея требует проверки"
Музей героизма;проспект Мира, 119 ст59;Музеи;Другие / требуют уточнения;Предварительно по названию;http://vdnh.ru;;info@vdnh.ru, press@vdnh.ru, app@vdnh.ru, tickets@vdnh.ru, admin_museum@vdnh.ru, tour_registration@vdnh.ru, museum@vdnh.ru, expo@vdnh.ru, events@vdnh.ru, souvenirs@vdnh.ru, adv@vdnh.ru, partners@vdnh.ru, rabota@vdnh.ru, cosmos@vdnh.ru;+7 (495) 544‒34‒00, 8(495) 544-34-00, +74957483420, +74955443400, +74957483480, +74959743366, +74959743535, +79859696055, +74959743302, +79166331083, +74991810396, +74997602585;55.832983;37.627994;"Сайт доступен; запись музея требует проверки"
Музей гимназии 1512;Косинская ул., 24А, Москва;Музеи;Другие / требуют уточнения;Предварительно по названию;;;;;55.718187;37.830114;Справочник: актуальность не проверена
Музей городского хозяйства Москвы;проспект Мира, 119 ст5;Музеи;Другие / требуют уточнения;Предварительно по названию;http://kghmuseum.ru;https://t.me/vdnh_moscow;info@kghmuseum.ru;+7 (495) 609‒20‒25;55.828702;37.629667;"Сайт доступен; запись музея требует проверки"
Музей далёкой галактики;Загородное шоссе, 9 к1;Музеи;Другие / требуют уточнения;Предварительно по названию;;;;+7 (495) 682‒42‒22;55.692874;37.607495;Справочник: актуальность не проверена
Музей Далёкой Галактики;Загородное ш., 9, стр. 1, Москва;Музеи;Другие / требуют уточнения;Предварительно по названию;;;;+7 (495) 682-42-22;55.692815;37.607388;Справочник: актуальность не проверена
Музей декоративно-прикладного и промышленного искусства, МГХПА им. С.Г. Строганова;Волоколамское шоссе, 9 ст1;Музеи;Искусство и архитектура;Предварительно по названию;http://xn----7sbabalfgj4as1arld1aqs8v.xn--p1ai;https://t.me/stroganovacademy, https://t.me/stroganovuniversity;ahr@mghpu.ru, artschool@mghpu.ru, belyakov@mghpu.ru, buh@mghpu.ru, burtsev@mghpu.ru, chumovatov@mghpu.ru, comdesign@mghpu.ru, dad@mghpu.ru, delo@mghpu.ru, design-dekanat@mghpu.ru, dfdpi@mghpu.ru, dfiruser@mghpu.ru, dpo@mghpu.ru, dst@mghpu.ru, dudina@mghpu.ru, fdo@mghpu.ru, feo@mghpu.ru, gornova@mghpu.ru, grafika@mghpu.ru, hr@mghpu.ru, info@mghpu.ru, interior@mghpu.ru, istrog@mghpu.ru, jurist@mghpu.ru, kalugina@mghpu.ru, kddi@mghpu.ru, keramika@mghpu.ru, lavrentyev@mghpu.ru, levashev@mghpu.ru, makolkin@mghpu.ru, mdj@mghpu.ru, mds@mgphu.ru, mebel@mghpu.ru, metall@mghpu.ru, miheev@mghpu.ru, mikheev@mghpu.ru, museum@mghpu.ru, pc-academy@mghpu.ru, pc-kddi@mghpu.ru, pr@mghpu.ru, priemkddi@mghpu.ru, priemkom@mghpu.ru, prom@mghpu.ru, r-mebel@mghpu.ru, rhm@mghpu.ru, ridcenter@mghpu.ru, rmdg@mghpu.ru, rubtsova@mghpu.ru, sdt@mghpu.ru, silk_way@mghpu.ru, simonyan@mghpu.ru, slepukhin@mghpu.ru, sreda@mghpu.ru, steklo@mghpu.ru, tergrigorov@mghpu.ru, textil@mghpu.ru, tii@mghpu.ru, troschinskaya.al@gmail.com, uch-upr@mghpu.ru, archive@mghpu.ru, grevtsova@mghpu.ru, o.efremova@mghpu.ru, mds@mghpu.ru, myshlyavtseva@mghpu.ru, vistavkom@mghpu.ru;+7 (499) 158‒15‒68;55.807622;37.49859;"Сайт доступен; запись музея требует проверки"
Музей декоративно-прикладного искусства;Чечёрский проезд, 22 к1;Музеи;Искусство и архитектура;Предварительно по названию;http://damuseum.ru;https://t.me/damuseum;e-mail@mail.ru, marketing.damuseum@yandex.ru, mpc-vmdpni@yandex.ru, u.sergunina@damuseum.ru;+7 (499) 973‒32‒19, +74999733214, +74956090146, +74993900243;55.538417;37.539617;"Сайт доступен; запись музея требует проверки"
Музей деревянной игрушки;Восточная улица, 4 к1;Музеи;Быт, ремёсла и гастрономия;Предварительно по названию;http://kustari.net;;;1-303-893-0552;55.714581;37.657885;"Сайт доступен; запись музея требует проверки"
Музей деревянной игрушки;Краснодонская ул., 39, Москва;Музеи;Быт, ремёсла и гастрономия;Предварительно по названию;http://kustari.net/;;;1-303-893-0552;55.673749;37.749683;"Сайт доступен; запись музея требует проверки"
Музей деревянной игрушки в КЦ ЗИЛ;Восточная ул., 4, корп. 1, стр. 4, Москва;Музеи;Быт, ремёсла и гастрономия;Предварительно по названию;http://www.kustari.net/;;;1-303-893-0552;55.714308;37.656919;"Сайт доступен; запись музея требует проверки"
Музей детского дома Молодая гвардия;посёлок детского дома Молодая Гвардия, 2;Музеи;Другие / требуют уточнения;Предварительно по названию;;;;;55.629931;37.259031;Справочник: актуальность не проверена
Музей детства;Театральный проезд, 5;Музеи;Другие / требуют уточнения;Предварительно по названию;http://cdm-moscow.ru;https://t.me/cdm_moscow, https://t.me/ne_detskii;;+7 (495) 777‒80‒77;55.759774;37.62444;"Сайт доступен; запись музея требует проверки"
Музей детства;Театральный пр., 5, стр. 1, Москва;Музеи;Другие / требуют уточнения;Предварительно по названию;https://audioguide.cdm-moscow.ru/, https://dzen.ru/cdmmoscow;https://t.me/cdm_moscow;;+7 (495) 777-80-77;55.759791;37.624444;"Сайт доступен; запись музея требует проверки"
Музей Динамо;Ленинградский просп., 36, стр. 28, Москва;Музеи;Спорт;Предварительно по названию;https://dynamomuseum.ru/;;;+7 (495) 568-10-01, 8 (800) 302-19-23;55.789314;37.560881;Справочник: актуальность не проверена
Музей династии Дурова;ул. Дурова, 2, стр. 2, Москва;Музеи;История и культура;Предварительно по названию;https://www.ugolokdurova.ru/museum;https://t.me/theatredurov;personal@uddmos.ru, press@uddmos.ru, teatrugolokdurova@culture.mos.ru;+7 (495) 631-30-47, +7 495 631-44-63, +7 495 631-30-47;55.779479;37.620915;"Сайт доступен; запись музея требует проверки"
Музей доброты и милосердия им. Елизаветы Глинки;Пятницкая улица, 18 ст3;Музеи;Другие / требуют уточнения;Предварительно по названию;;;;;55.742178;37.62766;Справочник: актуальность не проверена
Музей Дом брошенных кукол;Измайловское ш., 73Ж, Москва;Музеи;Быт, ремёсла и гастрономия;Предварительно по названию;;;;;55.794578;37.750631;Справочник: актуальность не проверена
Музей дома культуры Всероссийского общества слепых;ул. Куусинена, 19А, Москва;Музеи;Другие / требуют уточнения;Предварительно по названию;http://museum-ksrk.ru/, http://www.ksrk.ru/;;info@ksrk.ru, lagovitsa@yandex.ru, veralikhacheva@museum-ksrk.ru;+7 (495) 123-47-18, +74951234783, 84953413541, 84951234783, 84951234796, 84951234726, 84951234718, 84951234715, 84951234720, 84951234739, 84951234784, 84951234769, 84951234731;55.787998;37.511247;"Сайт доступен; запись музея требует проверки"
Музей еврейского наследия и холокоста;Кутузовский проспект, 53;Музеи;Религия и духовная культура;Предварительно по названию;;;;+7 (499) 148‒08‒87, +7 (499) 148‒19‒07;55.730258;37.496221;Справочник: актуальность не проверена
Музей Жванецкого М.М., музыкальная квартира;1-я Тверская-Ямская улица, 16/23 ст1;Музеи-квартиры;Музыка, театр и кино;Предварительно по названию;http://mosconcert.moscow;https://t.me/mosconcerto;mosconcert@culture.mos, mosconcert@culture.mos.ru, FBOX-salesmsc@culture.mos.ru, press.mosconcert@mail.ru, ShtyrovaIN1@culture.mos.ru;+7 (495) 612-51-60, +7 (495) 680-20-49, +7 (495) 621-00-22, +74957359968, +74956148547, +74956120075, 8 (495) 612 51 60;55.773001;37.591467;"Сайт доступен; запись музея требует проверки"
Музей завода им. Ленина;Партийный переулок, 1 к58 ст2;Музеи;История и культура;Предварительно по названию;;;;;55.720797;37.630833;Справочник: актуальность не проверена
Музей ЗАО МОФ Парижская коммуна;Кожевническая улица, 7 ст1;Музеи;Другие / требуют уточнения;Предварительно по названию;http://parcom.ru/soczialnoe-partnerstvo/muzej/;;e_tarasova@pk-obuv.ru, nelli-super@yandex.ru, pariskom@sovintel.ru, personal@pk-obuv.ru;+7 (499) 235‒52‒41;55.729768;37.645835;"Сайт доступен; запись музея требует проверки"
Музей Зверевский центр современного искусства;Новорязанская ул., 29, стр. 4, Москва;Музеи;Искусство и архитектура;Предварительно по названию;http://www.zverevcenter.ru/;;zverevcentr@yandex.ru, zverevgallery@gmail.com;+7 (499) 261-61-96, +7 (499) 265-61-66;55.773297;37.669386;"Сайт доступен; запись музея требует проверки"
Музей Зеленограда;Зеленоград, к1410;Музеи;Другие / требуют уточнения;Предварительно по названию;http://mosmuseum.ru/association/zelenograd/, http://zelmuseum.ru;https://t.me/zelmus, https://t.me/zelmuzeum, https://t.me/mosmuseum, https://t.me/mosburomm, https://t.me/muzarhmos, https://t.me/m_sadovoekoltso;g.barilko@mosmuseum.ru, muzeimoskvi@culture.mos, pr-mm@culture.mos, shteynmillerov@culture.mos, muzeimoskvi@culture.mos.ru, mosburo-mm@culture.mos.ru, deti-mm@culture.mos.ru, pr-mm@culture.mos.ru, rgop-eventsmm@culture.mos.ru;"+7 (499) 717‒16‒02, +7 (499) 731‒45‒12,  +7 499 731 82 89 / +7 499 717-16-02, +74957390008, +7 495 739-00-08, +7 495 739 00 08, +74956377005, +79684098277, +74956920020, +74956373135, +74956081403, +74956089216, +74953607786, +74997318289, +74997171602, +74957300008;ext=5050";55.986717;37.146676;"Сайт доступен; запись музея требует проверки"
Музей Зеленограда;Зеленоград, к360;Музеи;Другие / требуют уточнения;Предварительно по названию;http://mosmuseum.ru/association/zelenograd/, http://zelmuseum.ru, https://mosmuseum.ru/, https://mosmuseum.ru/association/zelenograd/;https://t.me/zelmus, https://t.me/mosmuseum, https://t.me/mosburomm, https://t.me/muzarhmos, https://t.me/m_sadovoekoltso;g.barilko@mosmuseum.ru, muzeimoskvi@culture.mos, pr-mm@culture.mos, shteynmillerov@culture.mos, muzeimoskvi@culture.mos.ru, mosburo-mm@culture.mos.ru, deti-mm@culture.mos.ru, pr-mm@culture.mos.ru, rgop-eventsmm@culture.mos.ru;"+7 (499) 731‒45‒12, +7 (499) 731-82-89,  +7 499 731 82 89 / +7 499 717-16-02, +74957390008, +7 495 739-00-08, +7 495 739 00 08, +74956377005, +79684098277, +74956920020, +74956373135, +74956081403, +74956089216, +74953607786, +74997318289, +74997171602, +74957300008;ext=5050";55.992293;37.218236;"Сайт доступен; запись музея требует проверки"
Музей землеведения Московского государственного университета имени М.В. Ломоносова;Москва, Западный административный округ, район Раменки, территория Ленинские Горы, 1;Музеи;Природа и естествознание;Предварительно по названию;http://cosmos.msu.ru/, http://www.mes.msu.ru/, http://www.msu.ru/, http://www.museum.msu.ru/;https://t.me/fki_abiturient, https://t.me/earthsciencemuseum;;+7 (495) 939-14-15;55.70295;37.530645;"Сайт доступен; запись музея требует проверки"
Музей Зюзинской волости;Перекопская улица, 9а;Музеи;Другие / требуют уточнения;Предварительно по названию;;;;+7 (499) 789‒44‒91;55.657791;37.579154;Справочник: актуальность не проверена
Музей Зюзинской волости;Перекопская ул., 9, Москва;Музеи;Другие / требуют уточнения;Предварительно по названию;;;;;55.657789;37.578999;Справочник: актуальность не проверена
Музей И.С. Тургенева;ул. Остоженка, 37/7с1, Москва;Музеи;Писатели и литература;Предварительно по названию;http://www.pushkinmuseum.ru/, http://www.pushkinmuseum.ru/?q=content/muzey-turgeneva;https://t.me/pushkin_museum;info@a-s-pushkinmus.ru, pushkinmus@culture.mos.ru, %20pushkinmus@culture.mos.ru, DolokhovaYV@culture.mos.ru, presspr@pushkinmuseum.ru;+7 (495) 637-56-74, +7 (495) 695-10-78;55.738737;37.596091;"Сайт доступен; запись музея требует проверки"
Музей изобразительного и декоративно-прикладного искусства Хайрулова В2;2-я ул. Энтузиастов, 5, корп. 17, Москва;Музеи;Искусство и архитектура;Предварительно по названию;http://www.magistrvv.com/;;;+7 (495) 646-70-84;55.748209;37.733221;Справочник: актуальность не проверена
Музей иллюзий;просп. Мира, 119, стр. 55, Москва;Музеи;Интерактивные и необычные;Предварительно по названию;https://msk.smile-park.ru/;;support@smile-park.ru;8 (800) 600-58-08, 84993258100;55.835053;37.623397;"Сайт доступен; запись музея требует проверки"
Музей им. Н.Г. Рубинштейна;Большая Никитская улица, 13;Музеи;Другие / требуют уточнения;Предварительно по названию;;;;+7 (495) 629‒90‒98;55.756365;37.60437;Справочник: актуальность не проверена
Музей Императора Николая II;Токмаков пер., 21/2с1, Москва;Музеи;Другие / требуют уточнения;Предварительно по названию;https://museyfondn2.ru/;https://t.me/annasadrieva, https://t.me/museyfondn2;;+79166176183, +79255176917;55.765603;37.670791;"Сайт доступен; запись музея требует проверки"
Музей Императорского православного палестинского общества;улица Забелина, 3 ст2;Музеи;Религия и духовная культура;Предварительно по названию;http://ippo.ru/museum;https://t.me/infoippo;muzei-ippo@yandex.ru;+7 (495) 797‒55‒95;55.755139;37.638029;"Сайт доступен; запись музея требует проверки"
Музей Ингосстраха;Пятницкая ул., 14, стр. 12, Москва;Музеи;Другие / требуют уточнения;Предварительно по названию;;;;;55.743081;37.626535;Справочник: актуальность не проверена
Музей Индустриализации Земледелия им. В.П. Горячкина;улица Прянишникова, 14 ст3;Музеи;Другие / требуют уточнения;Предварительно по названию;http://timacad.ru;https://t.me/rgaumsha;info@rgau-msha.ru, priem@rgau-msha.ru, press-office@rgau-msha.ru;+7 (499) 977‒92‒19, +74999760480, +78002220402, +74999772347, +74999760460;55.836422;37.557077;"Сайт доступен; запись музея требует проверки"
Музей истории;Новозаводская улица, 18 к1;Музеи;История и культура;Предварительно по названию;http://khrunichevmuseum.tilda.ws;;agd@khrunichev.ru, aksenov.vv@khrunichev.ru;+7 (499) 749‒83‒39;55.753455;37.493777;"Сайт доступен; запись музея требует проверки"
Музей истории авиационного комплекса имени С. В. Ильюшина;Ленинградский просп., 45Г, корп. 14, Москва;Музеи;Транспорт, История и культура;Предварительно по названию;;;;;55.796761;37.527892;Справочник: актуальность не проверена
Музей истории Академии пищевой промышленности;ул. Врубеля, 12, Москва;Музеи;История и культура;Предварительно по названию;;;;;55.804764;37.497863;Справочник: актуальность не проверена
Музей истории АО Государственного космического научно-производственного центра имени М.В. Хруничева;Новозаводская ул., 18, корп. 1, Москва;Музеи;Наука и техника, История и культура;Предварительно по названию;;;;;55.753408;37.493254;Справочник: актуальность не проверена
Музей истории ВДНХ;проспект Мира, 119 ст228;Музеи;История и культура;Предварительно по названию;http://vdnh.ru;https://t.me/vdnh_moscow;457227b83f0142d7b132b18b3e2b6238@glitchtip.vdnh, admin_museum@vdnh.ru, adv@vdnh.ru, doverie@vdnh.ru, events@vdnh.ru, expo@vdnh.ru, info@moskvarium.ru, info@vdnh.ru, it@vdnh.ru, kantropov@vdnh.ru, lektorij@vdnh.ru, loyalty@vdnh.ru, museum@vdnh.ru, ngoncharova@vdnh.ru, orion@vdnh.ru, orionpartners@vdnh.ru, orionpr@vdnh.ru, partners@vdnh.ru, press@vdnh.ru, rabota@vdnh.ru, rent@vdnh.ru, souvenirs@vdnh.ru, tickets@vdnh.ru, tour_registration@vdnh.ru, tour@atom.museum, zamnieva@vdnh.ru, app@vdnh.ru, cosmos@vdnh.ru;+7 (495) 544‒34‒00, 8(495) 544-34-00, +74957483420, +74955443400, +74957483480, +74959743366, +74959743535, +79859696055, +74959743302, +79166331083, +74991810396, +74997602585;55.826552;37.637914;"Сайт доступен; запись музея требует проверки"
Музей истории ВОГ;улица 1905 года, 10а;Музеи;История и культура;Предварительно по названию;http://voginfo.ru;https://t.me/voginfo, https://t.me/helpvog;admin@voginfo.ru;+7 (495) 255‒67‒04, +7 499 255 6704, +7 499 253 2812, +74992556704;55.767354;37.5592;"Сайт доступен; запись музея требует проверки"
Музей истории водки;Измайловское шоссе, 73ж ст1;Музеи;Быт, ремёсла и гастрономия, История и культура;Предварительно по названию;http://www.kremlin-izmailovo.com/muzei/muzey-istorii-vodki;https://t.me/kremlin_izmailovo;info@historyguns.ru;+7 (495) 215‒54‒37;55.794513;37.749591;"Сайт доступен; запись музея требует проверки"
Музей истории водки;Измайловское ш., 73Ж, Москва;Музеи;Быт, ремёсла и гастрономия, История и культура;Предварительно по названию;https://www.kremlin-izmailovo.com/muzei/galereya-art-kreml, https://www.kremlin-izmailovo.com/muzei/muzey-istorii-vodki;https://t.me/kremlin_izmailovo;;;55.794522;37.749524;"Сайт доступен; запись музея требует проверки"
Музей истории военно-морского флота;улица Свободы, 56;Музеи;Военная история, Транспорт, История и культура;Предварительно по названию;http://mosparks.ru/vmf/;https://t.me/museum_of_navy, https://t.me/severnie_parki;info@mosparks.ru, mpksevtushino@culture.mos, mpksevtushino@culture.mos.ru;+7 (495) 640‒73‒55, +7 (495) 640‒73‒56;55.852447;37.456037;"Сайт доступен; запись музея требует проверки"
Музей истории Военно-морского флота России;ул. Свободы, 52, Москва;Музеи;Военная история, Транспорт, История и культура;Предварительно по названию;http://mosparks.ru/, https://mosparks.ru/places/severnoe-tushino/vmf-museum;https://t.me/severnie_parki;mpksevtushino@culture.mos.ru;+7 (495) 640-73-56;55.852255;37.456076;"Сайт доступен; запись музея требует проверки"
Музей истории вычислительной техники;Егерская улица, 4;Музеи;Наука и техника, История и культура;Предварительно по названию;;;;+7 (495) 355‒15‒30;55.793586;37.684356;Справочник: актуальность не проверена
Музей истории гимназического образования;ул. Народного Ополчения, 16, корп. 4, Москва;Музеи;История и культура;Предварительно по названию;;;;+7 (499) 191-25-94;55.772873;37.482174;Справочник: актуальность не проверена
Музей истории ГУЛАГа;1-й Самотёчный переулок, 9;Музеи;История и культура;Предварительно по названию;http://www.gmig.ru;https://t.me/gulagmuseum;doc.gmig@culture.mos, gmig@culture.mos;+7 (495) 621‒73‒10, +7 (495) 681‒88‒82;55.777089;37.613671;Справочник: актуальность не проверена
Музей истории дважды ордена В.И. Ленина Московского радиозавода Темп;ул. Бахрушина, 1, стр. 1, Москва;Музеи;История и культура;Предварительно по названию;;;;;55.737173;37.634397;Справочник: актуальность не проверена
Музей истории евреев в России;Петровско-Разумовская аллея, 10 к3;Музеи;История и культура;Предварительно по названию;http://mievr.ru, http://mievr.ru/;;info@mievr.ru;+7 (495) 656‒45‒71, +7 (495) 656-45-71;55.793688;37.560507;"Сайт доступен; запись музея требует проверки"
Музей истории и технических достижений НИИ ТП;ул. Декабристов, 51, стр. 5А, Москва;Музеи;История и культура;Предварительно по названию;https://niitp.ru/;;info@niitp.ru;+7 (495) 231-38-22, +7 (499) 202-96-45, +74952313822, +74991812012, +74957376958, +74992047966, +74992048577, +74992049120, +74992049121, +74992048611, +74992047788, +74992029209, +74992048090, +74992046949, +74992047781, +74992029200, +74992025022;55.861866;37.625028;"Сайт доступен; запись музея требует проверки"
Музей истории колокольного звона;Лазоревый пр., 15, стр. 1, Москва;Музеи;История и культура;Предварительно по названию;http://sviblovoprav.mskobr.ru/muzej_kolokolov/;;;;55.853722;37.631635;"Сайт доступен; запись музея требует проверки"
Музей истории Лефортово;Крюковская улица, 23;Музеи;Военная история, История и культура;Предварительно по названию;http://mosmuseum.ru, http://mosmuseum.ru/association/lefortovo;https://t.me/lefortovomuseum, https://t.me/mosmuseum, https://t.me/mosburomm, https://t.me/muzarhmos, https://t.me/m_sadovoekoltso, https://t.me/zelmus;dobrolyubovlib@culture.mos, g.barilko@mosmuseum.ru, gerbovy-zal@culture.mos, media@mosmuseum.ru, muzarhmos@culture.mos, muzeimoskvi@culture.mos, pr-mm@culture.mos, rgop-eventsmm@culture.mos, shteynmillerov@culture.mos, teslenkoer@culture.mos, muzeimoskvi@culture.mos.ru, mosburo-mm@culture.mos.ru, deti-mm@culture.mos.ru, pr-mm@culture.mos.ru, rgop-eventsmm@culture.mos.ru;"+7 (495) 360‒77‒86, +7 (495) 360-77-86,  +7 499 731 82 89 / +7 499 717-16-02, +74957390008, +7 495 739-00-08, +7 495 739 00 08, +74956377005, +79684098277, +74956920020, +74956373135, +74956081403, +74956089216, +74953607786, +74997318289, +74997171602, +74957300008;ext=5050";55.7695;37.710947;"Сайт доступен; запись музея требует проверки"
Музей истории МГУ имени М.В. Ломоносова;Ломоносовский просп., 27, Москва;Музеи;История и культура;Предварительно по названию;http://hm.msu.ru/, http://www.msu.ru/, http://www.msu.ru/info/struct/dep/history-msu.html;;;+7 (495) 939-10-00, +7 (495) 939-35-52, +7 (495) 939-43-12;55.698904;37.523447;"Сайт доступен; запись музея требует проверки"
Музей истории медицины;Большая Пироговская ул., 2, стр. 3, Москва;Музеи;Наука и техника, История и культура;Предварительно по названию;;;;+7 (499) 248-35-18;55.731828;37.569863;Справочник: актуальность не проверена
Музей истории медицины МГМСУ имени А. И. Евдокимова;Долгоруковская ул., 4, стр. 7, Москва;Музеи;Наука и техника, История и культура;Предварительно по названию;https://museum.historymed.ru/;;historymed@mail.ru;+7 (499) 972-49-28, 8-499-9789411;55.775006;37.604502;"Сайт доступен; запись музея требует проверки"
Музей истории медицины первого Московского государственного медицинского университета им. И.М. Сеченова;улица Большая Пироговская, 2 ст3;Музеи;Наука и техника, История и культура;Предварительно по названию;http://sechenov.ru/univers/structure/other/muzey-istorii-meditsiny;https://t.me/medmuseumru;pk@staff.sechenov;+7 (499) 248‒10‒86, +7 (499) 248‒35‒18, +7 (499) 248‒70‒09;55.732061;37.569647;Справочник: актуальность не проверена
Музей истории медицины, МГМСУ им. А.И. Евдокимова;Долгоруковская улица, 4 ст7;Музеи;Наука и техника, История и культура;Предварительно по названию;http://museum.historymed.ru;;historymed@mail.ru;+7 (499) 978‒94‒11, 8-499-9789411;55.77502;37.604655;"Сайт доступен; запись музея требует проверки"
Музей истории МОНИКИ;улица Щепкина, 61/2 ст55;Музеи;История и культура;Предварительно по названию;http://www.monikiweb.ru;https://t.me/monikiweb;kruglov@monikiweb.ru, n.tsygankova@monikiweb.ru, mz_moniki_gosp@mosreg.ru, mz_moniki_info@mosreg.ru, mz_moniki_press@mosreg.ru;+7 (499) 674‒07‒09, 122, +74996740709, +74956810303, 1037739023200, 7702066157, +7 (498) 661-41-16, +7 (495) 681-76-40, +7 (495) 631-42-37,  +7(495) 688-92-54;55.787372;37.625759;"Сайт доступен; запись музея требует проверки"
Музей истории Московского государственного университета путей сообщения;ул. Образцова, 9, стр. 9, Москва;Музеи;История и культура;Предварительно по названию;http://miit.ru/portal/page/portal/miit/divs/hist?ct_hist=3&ct_mmc=2&curr_page_divs=1&curr_page_hist=1&curr_page_mmc=1&id_division_divs=379&id_division_hist=379&id_page=1569&id_pi_cpm=3&id_pi_divs=1571&id_pi_hist=1575&id_pi_m2l=67&id_pi_mm=48&id_pi_mmc=64&id_pi_top=1265&idk_info_hist=1137&letter_divs=0&search_divs=0&view_mode_divs=2.0&view_mode_top=1;;;;55.787781;37.607977;"Сайт доступен; запись музея требует проверки"
Музей истории Московского локомотиворемонтного завода;проезд Фрезер, 2;Музеи;История и культура, Спорт;Предварительно по названию;http://mlrz.ru/museum;;hotline@mlrz.ru, hr@mlrz.ru, info@mlrz.ru;+7 (499) 623‒70‒61;55.73998;37.751311;"Сайт доступен; запись музея требует проверки"
Музей истории московского радиозавода;улица Бахрушина, 1 ст1;Музеи;История и культура;Предварительно по названию;;;;+7 (495) 951‒63‒71;55.737208;37.634364;Справочник: актуальность не проверена
Музей истории Московской городской психиатрической больницы им. Н.А. Алексеева;Загородное шоссе, 2 ст1Б;Музеи;История и культура;Предварительно по названию;http://pkb1.ru;https://t.me/pkb1alekseeva;pkb1@zdrav.mos.ru;+7 (495) 952‒11‒14, </a>Версия для слабовидящих, +7 499 143-49-14, +7 495 952 91 61, +7 495 952 88 33;55.697557;37.60568;"Сайт доступен; запись музея требует проверки"
Музей истории Мосэнерго;улица Вавилова, 13 ст5;Музеи;История и культура;Предварительно по названию;http://mosenergo-museum.ru;;info@mosenergo.ru, mosenergo@mosenergo.ru, press-centre@mosenergo.ru;+7 (495) 957‒19‒57;55.702586;37.582913;"Сайт доступен; запись музея требует проверки"
Музей истории науки и техники;4-й Сыромятнический переулок, 1/8 ст6;Музеи;Наука и техника, История и культура;Предварительно по названию;http://mint.museum;https://t.me/mint_museum;mint.museum@mail.ru, mailto:mint.museum@mail.ru;+79999707630;55.755702;37.664846;"Сайт доступен; запись музея требует проверки"
Музей Истории Науки и Техники;4-й Сыромятнический пер., 1/8с21, Москва;Музеи;Наука и техника, История и культура;Предварительно по названию;;;;;55.755517;37.664887;Справочник: актуальность не проверена
Музей истории основания Российского флота;Измайловский пр., вл1Ас2, Москва;Музеи;Транспорт, История и культура;Предварительно по названию;http://kremlin-izmailovo.com/;https://t.me/kremlin_izmailovo;;+7 (495) 215-54-37;55.794081;37.754857;"Сайт доступен; запись музея требует проверки"
Музей истории подводного флота России;Коровинское ш., 24А, Москва;Музеи;Транспорт, История и культура;Предварительно по названию;;;;;55.882;37.522005;Справочник: актуальность не проверена
Музей истории полиграфии и книгоиздания МГУП имени Ивана Федорова;Михалковская ул., 7, Москва;Музеи;История и культура;Предварительно по названию;;;;+7 (495) 223-05-23, +7 (499) 154-08-53;55.837568;37.533156;Справочник: актуальность не проверена
Музей истории полиграфии, книгоиздания и МГУП им. Ивана Федорова;улица Михалковская, 7;Музеи;История и культура;Предварительно по названию;http://mospolytech.ru/ob-universitete/muzei;;a.y.nalivajko@mospolytech.ru, art@mospolytech.ru, d.yu.lavrenov@mospolytech.ru, dpo@mospolytech.ru, help@mospolytech.ru, international@mospolytech.ru, interpo@mospolytech.ru, lms@mospolytech.ru, media@mospolytech.ru, mospolytech@mospolytech.ru, museum@mospolytech.ru, n.v.panokin@mospolytech.ru, okomu@mospolytech.ru, pish.facultet@mospolytech.ru, press@mospolytech.ru, priem@mospolytech.ru, science@mospolytech.ru, spiral-circle@2x.webm, urisa@mospolytech.ru, v.k.nikolaev@mospolytech.ru;+7 (499) 154‒08‒53;55.837574;37.533242;Справочник: актуальность не проверена
Музей истории Преображенского старообрядческого монастыря;улица Преображенский Вал, 25 к1;Музеи;История и культура, Религия и духовная культура;Предварительно по названию;http://prostarover.ru;;a2131416@yandex.ru;+;55.791012;37.716512;"Сайт доступен; запись музея требует проверки"
Музей истории развития газового хозяйства;Мрузовский пер., 11, стр. 1, Москва;Музеи;Наука и техника, История и культура;Предварительно по названию;http://www.mos-gaz.ru/history/museum/;;;+7 (495) 660-60-80;55.757416;37.666959;"Сайт доступен; запись музея требует проверки"
Музей истории района Внуково;улица Большая Внуковская, 6;Музеи;История и культура;Предварительно по названию;http://museum-vnukovo.ru;https://t.me/museum_vnukovo;museum-vnukovo@culture.mos, museum-vnukovo@culture.mos.ru;+7 (495) 927‒67‒65;55.613236;37.294838;"Сайт доступен; запись музея требует проверки"
Музей истории района Внуково;Большая Внуковская ул., 6, посёлок Внуково;Музеи;История и культура;Предварительно по названию;https://kulturazao.ru/branches/muzei/muzey-istorii-rayona-vnukovo/, https://museum-vnukovo.ru/;https://t.me/museum_vnukovo;museum-vnukovo@culture.mos.ru, okczao-call@culture.mos.ru;+7 (495) 927-67-65;55.613372;37.294915;"Сайт доступен; запись музея требует проверки"
Музей истории РГАУ-МСХА;Тимирязевская ул., 45, Москва;Музеи;История и культура;Предварительно по названию;;;;;55.8313;37.551154;Справочник: актуальность не проверена
Музей истории Российского государственного университета нефти и газа им. И.М. Губкина;Ленинский просп., 63, корп. 2, Москва;Музеи;Наука и техника, История и культура;Предварительно по названию;https://gubkin.ru/;;geolog.priem@gubkin.ru, hotline@gubkin.ru, priem@gubkin.ru, rngm.priem@gubkin.ru;+7 (499) 507-80-42, +7 (499) 507-87-87, +7 (499) 507-88-77, +7 (499) 507-88-88;55.692108;37.555359;Справочник: актуальность не проверена
Музей Истории Русского Шоколада Крылатское;Рублёвское ш., 30, корп. 1, Москва;Музеи;Быт, ремёсла и гастрономия, История и культура;Предварительно по названию;http://lgc.mirchocolat.ru/;;9220099@gmail.com;+7 (495) 225-14-94, +79772760736;55.747226;37.420347;"Сайт доступен; запись музея требует проверки"
Музей Истории Русского Шоколада Сокольники;5-й Лучевой просек, 1А, Москва;Музеи;Быт, ремёсла и гастрономия, История и культура;Предварительно по названию;https://sokolniki.mirchocolat.ru/;;;;55.796749;37.676035;"Сайт доступен; запись музея требует проверки"
Музей истории русской водки;Рублёвское ш., 30, корп. 1, Москва;Музеи;Быт, ремёсла и гастрономия, История и культура;Предварительно по названию;https://mirvodki.com/;;;+7 (495) 226-88-08;55.747041;37.420188;"Сайт доступен; запись музея требует проверки"
Музей истории РЭУ имени Г. В. Плеханова;Стремянный пер., 28, стр. 1, Москва;Музеи;История и культура;Предварительно по названию;http://rea.ru/;https://t.me/plekhanovuniverse;abiturient@rea.ru, ff@rea.ru, fmesi@rea.ru, pk.hslaw@rea.ru, rector@rea.ru, vsheib.abiturient@rea.ru, vshsgn@rea.ru, ecoedu@rea.ru;+7 (495) 958-27-43, 84959524012, +74959582743, +74958001200, +74959582831, +74992378656;55.727313;37.629197;"Сайт доступен; запись музея требует проверки"
Музей истории телефона;Садовая-Кудринская улица, 19 ст2;Музеи;Наука и техника, История и культура;Предварительно по названию;http://telhistory.ru, http://telhistory.ru/;;info@telhistory.ru;+7 (495) 800‒08‒00, +7 (495) 800-08-00;55.764944;37.588025;Справочник: актуальность не проверена
Музей истории усадьбы Александрово-Щапово;посёлок Щапово, 13;Музеи;История и культура;Предварительно по названию;http://museum-shchapovo.msk.muzkult.ru/;;schapovo.museum1@mail.ru, schapovo@schapovo.ru;+7 (495) 865-67-60, +7 (495) 865-67-66;55.417152;37.407073;Справочник: актуальность не проверена
Музей истории храма и Первой мировой войны;Ивановская ул., 3, Москва;Музеи;Военная история, История и культура, Религия и духовная культура;Предварительно по названию;http://agios-nicolos.ru/, https://agios-nicolos.ru/музей-храма;https://t.me/storozhkahram;nik-hram@agios-nicolos.ru;%20+7%20(499)%20977-99-31, %20+7%20(929)%20664-24-21, 8 (916) 929-66-70, +7 (929) 664-24-21, +74999779931, +79296642421, 79169296670;55.818576;37.568043;"Сайт доступен; запись музея требует проверки"
Музей истории Черноморского флота;Большая Черёмушкинская улица, 38;Музеи;Транспорт, История и культура;Предварительно по названию;https://sevastopolets-moskva.ru/sections/museum/about.aspx;;1413993@mail.ru, korablik@sevastopolets-moskva.ru, shahmaty@sevastopolets-moskva.ru, shashky@sevastopolets-moskva.ru, slovo@sevastopolets-moskva.ru, voice@sevastopolets-moskva.ru, ensemble@sevastopolets-moskva.ru, khoreografia@sevastopolets-moskva.ru, theatre@sevastopolets-moskva.ru, korablikhoreo@sevastopolets-moskva.ru, korablikvokal@sevastopolets-moskva.ru, foto@sevastopolets-moskva.ru, grafics@sevastopolets-moskva.ru, iso@sevastopolets-moskva.ru, dpi1@sevastopolets-moskva.ru, vmestesila@sevastopolets-moskva.ru, multimedia@sevastopolets-moskva.ru, mail@sevastopolets-moskva.ru;+7 (499) 124-86-22, +74991248622, 74953181963;55.67881;37.580555;"Сайт доступен; запись музея требует проверки"
Музей истории школы № 204 им. Горького;Тихвинская ул., 39, стр. 2, Москва;Музеи;История и культура;Предварительно по названию;;;;;55.792147;37.598798;Справочник: актуальность не проверена
Музей истории шоколада и какао Мишка;ул. Лобачика, 1, стр. 1, Москва;Музеи;Быт, ремёсла и гастрономия, История и культура;Предварительно по названию;http://www.chokomuseum.ru/;;mishka@babaev.ru;+7 (495) 982-57-88, +7 (495) 982-57-97, +74959825797;55.786692;37.659484;"Сайт доступен; запись музея требует проверки"
Музей Истории Электросвязи и Вычислительной Техники;Авиамоторная ул., 8, стр. 4, Москва;Музеи;Наука и техника, История и культура;Предварительно по названию;;;;;55.755451;37.711746;Справочник: актуальность не проверена
Музей истории, МГУ им. М.В. Ломоносова;Ломоносовский проспект, 27;Музеи;История и культура;Предварительно по названию;http://hm.msu.ru, http://msu.ru;;international@rector.msu.ru;+7 (495) 939‒35‒52;55.698713;37.524201;"Сайт доступен; запись музея требует проверки"
Музей истории, РЭУ им. Г.В. Плеханова;Стремянный переулок, 28 ст1;Музеи;История и культура;Предварительно по названию;http://rea.ru;https://t.me/plekhanovuniverse;abiturient@rea.ru, dmitriva.da@rea.ru, fbk@rea.ru, fdo@rea.ru, ff@rea.ru, fforsait@rea.ru, fmesi@rea.ru, foreignst@rea.ru, gotowish@rea.ru, hsci.abiturient@rea.ru, hvostova.ev@rea.ru, kugusheva.em@rea.ru, lebedeva.ip@rea.ru, lks@rea.ru, management@rea.ru, minashkin.ao@rea.ru, outbound@rea.ru, pk.hslaw@rea.ru, pkmedia@rea.ru, pr@rea.ru, rector@rea.ru, smirnov.yi@rea.ru, tereliansky@mail.ru, vsheib.abiturient@rea.ru, vshsgn@rea.ru, ecoedu@rea.ru;+7 (495) 800‒00‒12, 84959524012, +74959582743, +74958001200, +74959582831, +74992378656;55.727359;37.629131;"Сайт доступен; запись музея требует проверки"
Музей К. Г. Паустовского;Кузьминская улица, 8;Музеи;Писатели и литература;Предварительно по названию;http://www.mirpaustowskogo.ru, https://www.mirpaustowskogo.ru/;https://t.me/mirpaustowskogo;dormidontovaai@culture.mos, museipaustovskogo@culture.mos, museipaustowskogo@culture.mos, priemnaja@culture.mos, museipaustovskogo@culture.mos.ru;+7 (499) 172‒77‒91, +7 (499) 172-77-91;55.693976;37.788801;"Сайт доступен; запись музея требует проверки"
Музей Кадашёвская слобода;Кадашёвский тупик, 2, стр. 9, Москва;Музеи;Другие / требуют уточнения;Предварительно по названию;http://museumkadashi.com/;;;;55.742988;37.622873;Справочник: актуальность не проверена
Музей Карамели;Бакунинская ул., 14, стр. 13, Москва;Музеи;Быт, ремёсла и гастрономия;Предварительно по названию;http://музейкарамели.рф/dedmoroz;;;;55.773287;37.681766;Справочник: актуальность не проверена
Музей кино;проспект Мира, 119 ст36;Музеи;Музыка, театр и кино;Предварительно по названию;http://www.museikino.ru;https://t.me/museikino;lib@museikino.ru, museikino@museikino.ru, tour@museikino.ru;+7 (495) 150‒36‒00, +7 (495) 150‒36‒10;55.839679;37.616697;Справочник: актуальность не проверена
Музей киноконцерна Мосфильм;Мосфильмовская улица, 1 ст21;Музеи;Музыка, театр и кино;Предварительно по названию;http://mosfilm.ru, http://www.mosfilm.ru/;https://t.me/mosfilm_official;excursion@mosfilm.ru, m-info@mosfilm.ru, pr@mosfilm.ru, redaktor@mosfilm.ru, reg@mosfilm.ru, guzanova@mosfilm.ru, cpy@mosfilm.ru, tonstudio@mosfilm.ru, international@mosfilm.ru, poly@mosfilm.ru, kot@mosfilm.ru, dkr@mosfilm.ru, avtobaza@mosfilm.ru, hotel@mosfilm.ru, public@mosfilm.ru, agafonova@mosfilm.ru, webmaster@mosfilm.ru;+7 (499) 143‒95‒99, +7 (499) 143-95-99, +74991439100, +74991439599, +7 (499) 143-9599, +7 (499) 143-9891, +7 (499) 143-9100, +7 (499) 143-9803, +7 (499) 143-9700, +7 (499) 143-8604, +7 (499) 143-9525, +7 (499) 143-9529, +7 (499) 143-9401, +7 (499)143-2600, +7 (499) 143-9225, +7 (499) 143-97-29, +7 (499) 143-9186, +7 (499) 143-9593, +7 (499) 143-9430, +7 (499) 143-9116, +7 (499) 143-9200, +7 (499) 143-9163, +7 (499) 143-9314, +7 (499) 143-9182, +7 (499) 143-9778, +7 (499) 143-9118, +7 (499) 143-9238, +7 (499) 143-9579;55.722914;37.530682;"Сайт доступен; запись музея требует проверки"
Музей книги Российской государственной библиотеки;улица Воздвиженка, 3/5 ст4;Музеи;Религия и духовная культура;Предварительно по названию;http://rsl.ru;https://t.me/leninka_ru;a-bibliograf@mail.ru, a-bik@rsl.ru, bik@rsl.ru, bychokov@rsl.ru, davydovala@rsl.ru, filyakinaia@rsl.ru, gubinatl@rsl.ru, ilinaii@rsl.ru, isbn@rsl.ru, issn@rsl.ru, lebedevaom@rsl.ru, lukachiad@rsl.ru, malakhovasa@rsl.ru, mikhaylovse@rsl.ru, moryakovdo@rsl.ru, naydina@rsl.ru, naydinael@rsl.ru, nbros@rsl.ru, nikolenkovv@rsl.ru, orlovaia@rsl.ru, perovagv@rsl.ru, silaevani@rsl.ru, tyumentsevayua@rsl.ru;+7 (495) 622‒86‒72, +7 (499) 557‒04‒70, +74995570470, +7(499)557-04-70,11-82;55.752257;37.608731;"Сайт доступен; запись музея требует проверки"
Музей книги Российской государственной библиотеки;Староваганьковский пер., 22, Москва;Музеи;Религия и духовная культура;Предварительно по названию;http://rsl.ru/;https://t.me/leninka_ru;nbros@rsl.ru;+7 (499) 557-04-70, +74995570470, +7(499)557-04-70,11-82;55.751721;37.608767;"Сайт доступен; запись музея требует проверки"
Музей кнута и пряника;Измайловское ш., 73Ж, Москва;Музеи;Быт, ремёсла и гастрономия;Предварительно по названию;;;;;55.794579;37.750641;Справочник: актуальность не проверена
Музей колоколов, Православная школа им. Преподобного Сергия Радонежского в усадьбе Свиблово;Лазоревый проезд, 15 ст1;Музеи;История и культура, Религия и духовная культура;Предварительно по названию;http://sviblovoprav.mskobr.ru;;elmdem@mail.ru, kultura1499@mail.ru, liza_pr@mail.ru, pravschsviblovo@yandex.ru;;55.853641;37.63167;"Сайт доступен; запись музея требует проверки"
Музей космонавтики;проспект Мира, 111;Музеи;Наука и техника;Предварительно по названию;http://jivo.chat/2sY5UIoauC, http://kosmo-museum.ru;https://t.me/kosmo_museum;en.space.2024@yandex.ru, museikosmonavtiki@culture.mos, orgmk@culture.mos, pedagog-mmk@yandex.ru, museikosmonavtiki@culture.mos.ru;+7 (499) 750‒23‒00;55.822762;37.639734;"Сайт доступен; запись музея требует проверки"
Музей космонавтики;просп. Мира, 111, Москва;Музеи;Наука и техника;Предварительно по названию;https://kosmo-museum.ru/;https://t.me/kosmo_museum;en.space.2024@yandex.ru, museikosmonavtiki@culture.mos.ru, pedagog-mmk@yandex.ru;+7 (499) 750-23-00;55.82271;37.639743;"Сайт доступен; запись музея требует проверки"
Музей космонавтики, администрация музея космонавтики;1-я Останкинская улица, 41/9;Музеи;Наука и техника;Предварительно по названию;http://jivo.chat/2sY5UIoauC, http://kosmo-museum.ru;https://t.me/kosmo_museum;museikosmonavtiki@culture.mos.ru;+7 (495) 602‒20‒73, +7 (499) 750‒23‒00;55.824009;37.629263;"Сайт доступен; запись музея требует проверки"
Музей кочевой культуры;Авиамоторная улица, 30а к1;Музеи;История и культура;Предварительно по названию;http://nomadic.ru, http://www.nomadic.ru/;;haunhalter@yandex.ru;+7 (916) 513-31-48, +7(916)5133148,  +7 (916) 513-31-48;55.744783;37.7191;"Сайт доступен; запись музея требует проверки"
Музей красного креста;Черёмушкинский пр., 5, Москва;Музеи;Другие / требуют уточнения;Предварительно по названию;http://www.redcross.ru/, https://museum.redcross.ru/, https://taplink.cc/redcross_ru;https://t.me/redcross_ru, https://t.me/press_redcross;mail@redcross.ru, help@redcross.ru, press@redcross.ru, donations@redcross.ru, rfl@redcross.ru, CRI1945@redcross.ru, museum@redcross.ru, antifraud@redcross.ru, Museum@redcross.ru;+7 (499) 126-75-71, +74991267571, 88002340707, 88002501859, +74998408008, +74956217175;55.691804;37.572605;"Сайт доступен; запись музея требует проверки"
Музей криптографии;улица Ботаническая, вл25 ст4;Музеи;Наука и техника;Предварительно по названию;http://cryptography-museum.ru;https://t.me/cryptography_museum, https://t.me/cryptographymuseum_bot, https://t.me/kiberbez_darkside_bot;events@cryptography-museum.ru, hello@cryptography-museum.ru, n.bolshakov@cryptography-museum.ru, sasha.salman@yandex.ru, tours@cryptography-museum.ru, u003ehello@cryptography-museum.ru, u003en.bolshakov@cryptography-museum.ru, u003esasha.salman@yandex.ru, u003etours@cryptography-museum.ru, m.ustinova@cryptography-museum.ru;+7 (495) 755‒50‒09, +7 (495) 784‒66‒98, +74957846698;55.830693;37.59742;"Сайт доступен; запись музея требует проверки"
Музей криптографии;Ботаническая ул., 25, стр. 4, Москва;Музеи;Наука и техника;Предварительно по названию;https://cryptography-museum.ru/;https://t.me/cryptography_museum, https://t.me/cryptographymuseum_bot, https://t.me/kiberbez_darkside_bot;admin_museum@vdnh.ru, hello@cryptography-museum.ru, m.ustinova@cryptography-museum.ru;+7 (495) 784-66-98, +74957846698;55.830677;37.597678;"Сайт доступен; запись музея требует проверки"
Музей кукол Barbie;Минская улица, 1г к4;Музеи;Быт, ремёсла и гастрономия;Предварительно по названию;http://tuzova.com;;linasmail@list.ru;;55.712796;37.500774;"Сайт доступен; запись музея требует проверки"
Музей кулинарного искусства;Большой Рогожский переулок, 17 ст1;Музеи;Искусство и архитектура, Быт, ремёсла и гастрономия;Предварительно по названию;;;;;55.743174;37.667763;Справочник: актуальность не проверена
Музей культуры А.Б. Аронова ;улица Кустодиева, 9;Музеи;Другие / требуют уточнения;Предварительно по названию;;;;+7 (495) 621‒12‒82;55.522164;37.41943;Справочник: актуальность не проверена
Музей Кутузовская изба;Кутузовский просп., 38, стр. 2, Москва;Музеи;Другие / требуют уточнения;Предварительно по названию;http://1812panorama.ru/, http://1812panorama.ru/visitors/muzey-kutuzovskaya-izba;https://t.me/panorama1812;;+7 (499) 148-19-27;55.739732;37.52311;"Сайт доступен; запись музея требует проверки"
Музей Лего Brick Star;Неглинная ул., 20, Москва;Музеи;Интерактивные и необычные;Предварительно по названию;http://brickstar.ru/;https://t.me/brick_star_lego;info@brickstar.ru;+7 (495) 999-85-58, +74959998558;55.766181;37.621451;"Сайт доступен; запись музея требует проверки"
Музей Леонида Владимирского, художественная мастерская;Нижний Кисловский пер., 6, стр. 1, Пресненский район, Центральный административный округ, Москва;Музеи;Искусство и архитектура;Предварительно по названию;;;;;55.754438;37.604357;Справочник: актуальность не проверена
Музей леса им. А. Р. Варгаса де Бедемара;улица Прянишникова, 17;Музеи;Другие / требуют уточнения;Предварительно по названию;http://museum.timacad.ru, http://timacad.ru;https://t.me/rgaumsha;grishn69@mail.ru, t.condratowa2016@yandex.ru, info@rgau-msha.ru, priem@rgau-msha.ru, press-office@rgau-msha.ru;+7 (499) 976‒04‒80, +74999760480, +78002220402, +74999772347, +74999760460;55.835172;37.548666;"Сайт доступен; запись музея требует проверки"
Музей леса имени А.Р. Варгаса де Бедемара;ул. Прянишникова, 17, Москва;Музеи;Другие / требуют уточнения;Предварительно по названию;;;;;55.835278;37.548889;Справочник: актуальность не проверена
Музей ликвидаторов последствий аварии на ЧАЭС;ул. Молодцова, 27, корп. 3, Москва;Музеи;Другие / требуют уточнения;Предварительно по названию;https://вдпо.рф/museum/188;https://t.me/ptvystavka, https://t.me/museumpss149;inteb@mail.ru, info@vdpo.ru, 149@edu.mos.ru;8 (903) 729-02-06, 8 (916) 949-87-22;55.877271;37.626641;"Сайт доступен; запись музея требует проверки"
Музей лошади;проспект Мира, 119 ст42;Музеи;Природа и естествознание;Предварительно по названию;;https://t.me/kremlinksk;;;55.838139;37.623386;Справочник: актуальность не проверена
Музей М. А. Булгакова;Большая Садовая улица, 10;Музеи;Писатели и литература;Предварительно по названию;http://bulgakovmuseum.ru;https://t.me/bulgakovmuseum, https://t.me/katyanebergman;agafonovavo@culture.mos, bulgakovmuseum@gmail.com, center.musbulgakova@culture.mos, chukalinakv@culture.mos, chupinaiv1@culture.mos, museibulgakova@culture.mos, nazarovia@culture.mos, orlovany4@culture.mos, pr.bulgakovmuseum@yandex.ru, museibulgakova@culture.mos.ru, center.musbulgakova@culture.mos.ru, AgafonovaVO@culture.mos.ru, BulyginaKV@culture.mos.ru, NazarovIA@culture.mos.ru, ChupinaIV1@culture.mos.ru, PodgornayaEV1@culture.mos.ru;+7 (495) 699‒53‒66, +74992454034, +74956971170, +74956995366, +79060063200, +74956506963, +79067027766;55.767044;37.593892;"Сайт доступен; запись музея требует проверки"
Музей М. А. Булгакова;улица Большая Пироговская, 35а ст1;Музеи;Писатели и литература;Предварительно по названию;http://bulgakovmuseum.ru;https://t.me/bulgakovmuseum, https://t.me/katyanebergman;agafonovavo@culture.mos, bulgakovmuseum@gmail.com, center.musbulgakova@culture.mos, chukalinakv@culture.mos, chupinaiv1@culture.mos, museibulgakova@culture.mos, nazarovia@culture.mos, orlovany4@culture.mos, pr.bulgakovmuseum@yandex.ru, museibulgakova@culture.mos.ru, center.musbulgakova@culture.mos.ru, AgafonovaVO@culture.mos.ru, BulyginaKV@culture.mos.ru, NazarovIA@culture.mos.ru, ChupinaIV1@culture.mos.ru, PodgornayaEV1@culture.mos.ru;+7 (495) 699‒53‒66, +74992454034, +74956971170, +74956995366, +79060063200, +74956506963, +79067027766;55.729251;37.565658;"Сайт доступен; запись музея требует проверки"
Музей М. А. Булгакова, Научно-просветительский центр;Большой Афанасьевский пер., 35-37с4, Москва;Музеи;Писатели и литература;Предварительно по названию;https://bulgakovmuseum.ru/nauchno-prosvetitelskij-tsentr/;https://t.me/bulgakovmuseum, https://t.me/katyanebergman;center.musbulgakova@culture.mos.ru, museibulgakova@culture.mos.ru, AgafonovaVO@culture.mos.ru, BulyginaKV@culture.mos.ru, NazarovIA@culture.mos.ru, ChupinaIV1@culture.mos.ru, PodgornayaEV1@culture.mos.ru;+7 (495) 697-11-70, +74992454034, +74956971170, +74956995366, +79060063200, +74956506963, +79067027766;55.749424;37.59596;"Сайт доступен; запись музея требует проверки"
Музей М.В. Ломоносова;Егерская улица, 4;Музеи;Другие / требуют уточнения;Предварительно по названию;;;;+7 (495) 355‒15‒30;55.793586;37.684356;Справочник: актуальность не проверена
Музей магии;улица Новый Арбат, 7 ст1;Музеи;Интерактивные и необычные;Предварительно по названию;http://magicmuseum.ru/msk, https://magicmuseum.ru/, https://magicmuseum.ru/msk;https://t.me/museum_magic_msk, https://t.me/magicmuseummsk, https://t.me/museummagicmoscow;admin@magicmuseum.ru, reception.msk@magicmuseum.ru, director@magicmuseum.ru, eventor@magicmuseum.ru;8‒800‒550‒82‒04, 8 (800) 550-82-04, +78005508204,  +7 (800) 550-82-04;55.752666;37.597643;"Сайт доступен; запись музея требует проверки"
Музей магистрального транспорта газа;посёлок Газопровод, 101, корп. 1;Музеи;Транспорт, Спорт;Предварительно по названию;http://moskva-tr.gazprom.ru/, http://moskva-tr.gazprom.ru/about/museum;;;;55.582371;37.473756;Справочник: актуальность не проверена
Музей МАРХИ;ул. Рождественка, 11, стр. 3, Москва;Музеи;Другие / требуют уточнения;Предварительно по названию;http://marhi.ru/about/museum/, http://www.marhi.ru/;;office@marhi.ru;+7 (495) 621-15-01;55.763507;37.623174;"Сайт доступен; запись музея требует проверки"
Музей Михаила Афанасьевича Булгакова;Большая Садовая ул., 10, Москва;Музеи;Писатели и литература;Предварительно по названию;http://www.dombulgakova.ru/, https://bulgakovmuseum.ru/;https://t.me/theatre_bulgakova, https://t.me/bulgakovmuseum, https://t.me/katyanebergman;info@dombulgakova.ru, zakaz@dombulgakova.ru, consultant@dombulgakova.ru, expo@dombulgakova.ru, museibulgakova@culture.mos.ru, center.musbulgakova@culture.mos.ru, AgafonovaVO@culture.mos.ru, BulyginaKV@culture.mos.ru, NazarovIA@culture.mos.ru, ChupinaIV1@culture.mos.ru, PodgornayaEV1@culture.mos.ru;+7 (495) 699-53-66, +74959700619, +74957759461, +7%20495%20970%200619, +79169183743, +79032603013, +74992454034, +74956971170, +74956995366, +79060063200, +74956506963, +79067027766;55.767041;37.593958;"Сайт доступен; запись музея требует проверки"
Музей Мозга;Автозаводская ул., 18, Москва;Музеи;Другие / требуют уточнения;Предварительно по названию;http://mozg.moscow/;https://t.me/brain_museum;info@mozg.team;+7(939)8537929;55.704632;37.642573;"Сайт доступен; запись музея требует проверки"
Музей морского флота;улица Большая Ордынка, 19 ст1;Музеи;Транспорт;Предварительно по названию;;https://t.me/nevolnuetsyamore;mmflota@mail.ru;;55.741869;37.625642;Справочник: актуальность не проверена
Музей Москвы;Зубовский бул., 2, стр. 1, Москва;Музеи;Другие / требуют уточнения;Предварительно по названию;http://mosmuseum.ru/;https://t.me/mosmuseum, https://t.me/mosburomm, https://t.me/muzarhmos, https://t.me/m_sadovoekoltso, https://t.me/zelmus;g.barilko@mosmuseum.ru, muzeimoskvi@culture.mos.ru, mosburo-mm@culture.mos.ru, deti-mm@culture.mos.ru, pr-mm@culture.mos.ru, rgop-eventsmm@culture.mos.ru;"+7 (495) 637-53-68, +7 (495) 637-70-05, +7 (495) 739-00-08,  +7 499 731 82 89 / +7 499 717-16-02, +74957390008, +7 495 739-00-08, +7 495 739 00 08, +74956377005, +79684098277, +74956920020, +74956373135, +74956081403, +74956089216, +74953607786, +74997318289, +74997171602, +74957300008;ext=5050";55.73636;37.59322;"Сайт доступен; запись музея требует проверки"
Музей Москвы, музейное объединение;Манежная площадь, 1а;Музеи;Другие / требуют уточнения;Предварительно по названию;http://mosmuseum.ru;https://t.me/mosmuseum, https://t.me/mosburomm, https://t.me/muzarhmos, https://t.me/m_sadovoekoltso, https://t.me/zelmus;dobrolyubovlib@culture.mos, g.barilko@mosmuseum.ru, gerbovy-zal@culture.mos, media@mosmuseum.ru, muzarhmos@culture.mos, muzeimoskvi@culture.mos, pr-mm@culture.mos, rgop-eventsmm@culture.mos, shteynmillerov@culture.mos, teslenkoer@culture.mos, muzeimoskvi@culture.mos.ru, mosburo-mm@culture.mos.ru, deti-mm@culture.mos.ru, pr-mm@culture.mos.ru, rgop-eventsmm@culture.mos.ru;"+7 (495) 692‒00‒20, +7 (495) 692‒15‒67,  +7 499 731 82 89 / +7 499 717-16-02, +74957390008, +7 495 739-00-08, +7 495 739 00 08, +74956377005, +79684098277, +74956920020, +74956373135, +74956081403, +74956089216, +74953607786, +74997318289, +74997171602, +74957300008;ext=5050";55.756283;37.617244;"Сайт доступен; запись музея требует проверки"
Музей Москвы, музейное объединение;Зубовский бульвар, 2 ст1;Музеи;Другие / требуют уточнения;Предварительно по названию;http://mosmuseum.ru;https://t.me/mosmuseum, https://t.me/mosburomm, https://t.me/muzarhmos, https://t.me/m_sadovoekoltso, https://t.me/zelmus;dobrolyubovlib@culture.mos, g.barilko@mosmuseum.ru, gerbovy-zal@culture.mos, media@mosmuseum.ru, muzarhmos@culture.mos, muzeimoskvi@culture.mos, pr-mm@culture.mos, rgop-eventsmm@culture.mos, shteynmillerov@culture.mos, teslenkoer@culture.mos, muzeimoskvi@culture.mos.ru, mosburo-mm@culture.mos.ru, deti-mm@culture.mos.ru, pr-mm@culture.mos.ru, rgop-eventsmm@culture.mos.ru;"+7 (495) 739‒00‒08,  +7 499 731 82 89 / +7 499 717-16-02, +74957390008, +7 495 739-00-08, +7 495 739 00 08, +74956377005, +79684098277, +74956920020, +74956373135, +74956081403, +74956089216, +74953607786, +74997318289, +74997171602, +74957300008;ext=5050";55.736434;37.593083;"Сайт доступен; запись музея требует проверки"
Музей Московских стрельцов Стрелецкие палаты;Лаврушинский пер., 17, стр. 1, Москва;Музеи;Другие / требуют уточнения;Предварительно по названию;http://museum.histrf.ru/, http://www.museumrvio.ru/;https://t.me/museumrvio;6481814@mail.ru, press-museum@rvio.org;+7 (495) 648-18-14, +74956481814;55.741133;37.622361;"Сайт доступен; запись музея требует проверки"
Музей Московского авиационного института;Волоколамское ш., 4, корп. 24, Москва;Музеи;Транспорт;Предварительно по названию;;;;;55.8141;37.4998;Справочник: актуальность не проверена
Музей Московского государственного строительного университета;Ярославское ш., 26, корп. 1, Москва;Музеи;Другие / требуют уточнения;Предварительно по названию;;;;;55.858807;37.694151;Справочник: актуальность не проверена
Музей Московского государственного технического университета им. Н.Э. Баумана;2-я Бауманская ул., 5, стр. 2, Москва;Музеи;Другие / требуют уточнения;Предварительно по названию;;;;+7 (499) 263-63-86;55.76693;37.685043;Справочник: актуальность не проверена
Музей Московского машиностроительного производственного объединения Салют;просп. Будённого, 14, Москва;Музеи;Транспорт;Предварительно по названию;;;;;55.777519;37.720183;Справочник: актуальность не проверена
Музей Московского метрополитена;Пресненская набережная, 2;Музеи;Транспорт;Предварительно по названию;http://mosmetro.ru/passengers/services/career-guidance-center;;info@mosmetro.ru, mgnd@bez.mos, mm-profmolodej@transport.mos, music@mosmetro.ru, transport-help@inno.tech;+7 (499) 321‒64‒61, MM-profmolodej@transport.mos.ru, +7 (495) 539-54-54;55.749995;37.541;"Сайт доступен; запись музея требует проверки"
Музей московского образования;Вишняковский пер., 12, стр. 1, Москва;Музеи;Другие / требуют уточнения;Предварительно по названию;http://mgdu.dogm.mos.ru/directions-of-activities/the-moscow-museum-of-education/;;churkinds@edu.mos.ru, mgdu@edu.mos.ru, radziminskayaiv@edu.mos.ru, tikhonovamv@edu.mos.ru, volkovasi@edu.mos.ru;+7 (495) 951-50-33;55.736044;37.62965;"Сайт доступен; запись музея требует проверки"
Музей Московского уголовного розыска;ул. Петровка, 38, стр. 9, Москва;Музеи;Другие / требуют уточнения;Предварительно по названию;;;;;55.770592;37.614727;Справочник: актуальность не проверена
Музей Московского художественного академического театра;Камергерский переулок, 3;Музеи;Искусство и архитектура, Музыка, театр и кино;Предварительно по названию;http://museummhat.ru;https://t.me/museummhat;a.s.knyazeva@museummhat.ru, arhiv@museummhat.ru, d.v.kozhevnikova@museummhat.ru, e.a.peterson@museummhat.ru, info@museummhat.ru, k.b.kerber@museummhat.ru, ks@museummhat.ru, m.a.drobysheva@museummhat.ru, nd@museummhat.ru, news@museummhat.ru, o.a.agushina@museummhat.ru, r.v.ermoshin@museummhat.ru;+7 (495) 692‒38‒66, +7 (495) 692‒51‒87, +79863407116, +74956925187, +74956923866, +7;55.760046;37.613512;"Сайт доступен; запись музея требует проверки"
Музей Московского художественного академического театра;Леонтьевский переулок, 6 ст1;Музеи;Искусство и архитектура, Музыка, театр и кино;Предварительно по названию;http://museummhat.ru;https://t.me/museummhat;a.s.knyazeva@museummhat.ru, arhiv@museummhat.ru, d.v.kozhevnikova@museummhat.ru, e.a.peterson@museummhat.ru, info@museummhat.ru, k.b.kerber@museummhat.ru, ks@museummhat.ru, m.a.drobysheva@museummhat.ru, nd@museummhat.ru, news@museummhat.ru, o.a.agushina@museummhat.ru, r.v.ermoshin@museummhat.ru;+7 (495) 692‒38‒66, +79863407116, +74956925187, +74956923866, +7;55.758851;37.602988;"Сайт доступен; запись музея требует проверки"
Музей Московской государственной академии легкой промышленности;Садовническая улица, 33/2;Музеи;Другие / требуют уточнения;Предварительно по названию;;;;+7 (495) 953‒02‒97;55.745074;37.637187;Справочник: актуальность не проверена
Музей Московской государственной академии легкой промышленности;Садовническая ул., 33, стр. 1, Москва;Музеи;Другие / требуют уточнения;Предварительно по названию;;;;+7 (495) 953-02-97;55.745561;37.637569;Справочник: актуальность не проверена
Музей Московской железной дороги;Кожевническая улица, 2;Музеи;Транспорт;Предварительно по названию;http://mzd.rzd.ru/ru/11452, https://mzd.rzd.ru/ru/11452;;cos@center.rzd.ru, pressa-mzd@yandex.ru;+7 (499) 623‒39‒78, +7 (499) 623-39-14, +7 (499) 623-39-78;55.728354;37.642161;Справочник: актуальность не проверена
Музей Московской окружной железной дороги;3-я Магистральная улица, 19 ст3;Музеи;Транспорт;Предварительно по названию;http://mzd.rzd.ru/ru/11457;;;+7 (499) 623‒25‒58, +7 (499) 623‒39‒78, +7 (499) 623-25-58, +7 (499) 623-39-78;55.766795;37.517589;Справочник: актуальность не проверена
Музей Московской оружейной фабрики БР. Юдиныхъ с 1827г;2-й Лихачёвский пер., 9, корп. 1, Москва;Музеи;Военная история;Предварительно по названию;https://mof.group/;;;;55.846709;37.536481;Справочник: актуальность не проверена
Музей Мосэнерго и энергетики Москвы;ул. Вавилова, 13, Москва;Музеи;Наука и техника;Предварительно по названию;http://mosenergo-museum.ru/, https://www.mosenergo-museum.ru/Contacts/;;mosenergo@mosenergo.ru;+7 (495) 957-19-57;55.702698;37.583185;"Сайт доступен; запись музея требует проверки"
Музей Моё Отечество;ул. Алексея Дикого, 18А, Москва;Музеи;Другие / требуют уточнения;Предварительно по названию;https://sch2093.mskobr.ru/obrazovanie/muzeynoe-delo/muzej;https://t.me/depobr_mos;info@shkola.mos.ru;+7 (495) 302-01-16;55.746383;37.810502;"Сайт доступен; запись музея требует проверки"
Музей МПГУ;просп. Вернадского, 88, Москва;Музеи;Другие / требуют уточнения;Предварительно по названию;http://mpgu.su/ob-mpgu/muzey-mpgu/, http://мпгу.рф/ob-mpgu/muzey-mpgu;https://t.me/mpgu_official, https://t.me/biolife_mpgu, https://t.me/childhoodinstitute, https://t.me/mpguimi, https://t.me/ipp_mpgu_official, https://t.me/doshfak_mpgu;dg.popova@mpgu.su, ev.tega@mpgu.su, mail@mpgu.su, museum@mpgu.su, ums@mpgu.su, vv.lokteva@mpgu.su, ia.kurdukov@mpgu.su, ds.andreeva@mpgu.su, zv.kabisova@mpgu.su, ev.kitushina@mpgu.su, de.vasileva@mpgu.su, ok.id@mpgu.su, na.lukinykh@mpgu.su, media@mpgu.su, lv.shevchenko@mpgu.su, da.bokova@mpgu.su, aa.kunitcyn@mpgu.su, gu.selin@mpgu.su, nv.abashkina@mpgu.su, ad.kalmykova@mpgu.su, isgo@mpgu.su, tg.yakusheva@mpgu.su, en.korneva@mpgu.su, irco@mpgu.su, ms.ananin@mpgu.su, aa.demerza@mpgu.su, rk.ramazanov@mpgu.su, vv.batckaleva@mpgu.su, ao.fotova@mpgu.su, aa.filippova@mpgu.su, ov.podmoskovnaya@mpgu.su, db.aslanbekova@mpgu.su, oi.logoida@mpgu.su, sf.priem@mpgu.su, ta.svechinskaya@mpgu.su, ea.korotkaya1@mpgu.su;+7 (499) 400-02-48, +7 (999) 278-90-85, +7 (495) 683-16-07, +7 (495) 438-17-81, +7 (926) 454-00-29, +7 (926) 453-00-29, +7 (499) 702-41-41 (доб. 2123), +7 (495) 915-55-33, +7 (965) 250-01-19, +7 (999) 909-10-96, +7 (495) 438-18-21, +7 (925) 561-47-49, +7 (999) 356-49-03, +7 (495) 438-19-07, +7 (495) 438-18-45, +7 (915) 107-10-21, +7 (968) 728-82-20, +7 (909) 973-43-34, +7 (495) 608-20-08, +7 (499) 400-02-48 (доб. 951 или 954), +7 (495) 438-07-81, +7 (499) 246-57-12, +7 (499) 400-02-48 (доб. 917), +7 (86133) 4-26-76, +7 (961) 852-25-95, +7 (928) 525-48-05, +7 (964) 012-11-72, +7 (49243) 6-14-35 (доб. 104), +7 (49243) 6-11-11, +7 (910) 771-79-51, +7 (8652) 52-16-81, +7 (920) 839-80-02;55.658556;37.477023;"Сайт доступен; запись музея требует проверки"
Музей МХАТ;Камергерский пер., 3, стр. 1, Москва;Музеи;Музыка, театр и кино;Предварительно по названию;https://dzen.ru/museummhat, https://museummhat.ru/;https://t.me/museummhat;info@museummhat.ru, arhiv@museummhat.ru, r.v.ermoshin@museummhat.ru, o.a.agushina@museummhat.ru, e.a.peterson@museummhat.ru, d.v.kozhevnikova@museummhat.ru, ks@museummhat.ru, nd@museummhat.ru;+7 (495) 629-20-87, +79863407116, +74956925187, +74956923866, +7;55.760078;37.613565;"Сайт доступен; запись музея требует проверки"
Музей Неизвестный солдат;Нижняя Первомайская ул., 7, Москва;Музеи;Другие / требуют уточнения;Предварительно по названию;http://poiskovikirf.ru/;;;;55.79113;37.792892;Справочник: актуальность не проверена
Музей необычных велосипедов;Измайловское шоссе, 73ж ст1;Музеи;Транспорт, Интерактивные и необычные;Предварительно по названию;http://xn--b1agahljhp0c.xn--p1ai;;velomuseum@mail.ru;;55.794513;37.749591;Справочник: актуальность не проверена
Музей необычных велосипедов;Измайловское ш., 73Ж, стр. 1, Москва;Музеи;Транспорт, Интерактивные и необычные;Предварительно по названию;https://веломузей.рф/;;;;55.794527;37.749566;Справочник: актуальность не проверена
Музей НИИ скорой помощи им. Н.В. Склифосовского;Большая Сухаревская площадь, 3, стр. 1, Москва;Музеи;Другие / требуют уточнения;Предварительно по названию;https://sklif.mos.ru/;https://t.me/sklifofficial;sklif@zdrav.mos.ru;+74952801561, +7 (495) 280-15-61, +74956806722, +74957777777, +74956204140, +74955316989, +74991942774, +79998182468, +74956811702;55.773371;37.634959;"Сайт доступен; запись музея требует проверки"
Музей Николая Второго;Токмаков переулок, 21/2 ст1;Музеи;Другие / требуют уточнения;Предварительно по названию;http://museyfondn2.ru;https://t.me/annasadrieva, https://t.me/museyfondn2;sadrievanna@mail.ru;+79166176183, +79255176917;55.765545;37.670715;"Сайт доступен; запись музея требует проверки"
Музей Ниту Мисис;Ленинский просп., 6, Москва;Музеи;Другие / требуют уточнения;Предварительно по названию;https://misis.ru/university/struktura-universiteta/offices/science-office/informmarketingcenter/museum/;;;+7 (495) 638-45-19, +7 (499) 237-86-18;55.727176;37.606813;Справочник: актуальность не проверена
Музей НЛО;ул. Арбат, 11, Москва;Музеи;Другие / требуют уточнения;Предварительно по названию;;;;;55.751466;37.597633;Справочник: актуальность не проверена
Музей нонконформизма;Мясницкая ул., 24/7с2, Москва;Музеи;Другие / требуют уточнения;Предварительно по названию;http://brykina.com/;;.brykina@gmail.com, museumnonconformism@gmail.com;;55.763615;37.636031;"Сайт доступен; запись музея требует проверки"
Музей нумизматики;Большой Афанасьевский пер., 24, Москва;Музеи;История и культура;Предварительно по названию;http://mnk.coinmuseum.ru/, https://coinmuseum.ru/;https://t.me/mnk_museum;info@coinmuseum.ru, pr@coinmuseum.ru;+7 (495) 637-94-26, +74956379426;55.749402;37.597312;"Сайт доступен; запись музея требует проверки"
Музей ОКБ Сухого;ул. Поликарпова, 23А, корп. 5, Москва;Музеи;Другие / требуют уточнения;Предварительно по названию;;;;;55.782319;37.543838;Справочник: актуальность не проверена
Музей оптических иллюзий;улица Косыгина, 28/2;Музеи;Интерактивные и необычные;Предварительно по названию;http://museumofillusions.moscow;https://t.me/arbat16_msk;info@museumofillusions.moscow, info@arbat-16.com, promagnitarbat@gmail.com;+7 (495) 166‒99‒26, +7(495)166-99-26, pr@arbat-16.com, 8(495)166-99-26, info@arbat-16.com, +79250254478, 89119218877;55.708052;37.545329;"Сайт доступен; запись музея требует проверки"
Музей оптических иллюзий;ул. Доватора, 5/9, Москва;Музеи;Интерактивные и необычные;Предварительно по названию;;;;;55.724035;37.569786;Справочник: актуальность не проверена
Музей оптических иллюзий Москвы;ул. Косыгина, 28, стр. 1, Москва;Музеи;Интерактивные и необычные;Предварительно по названию;https://museumofillusions.moscow/?utm_campaign=globus&utm_medium=cpm&utm_source=yandex_maps;https://t.me/arbat16_msk;info@arbat-16.com, promagnitarbat@gmail.com;+7 (495) 166-99-26, +7(495)166-99-26, pr@arbat-16.com, 8(495)166-99-26, info@arbat-16.com, +79250254478, 89119218877;55.708126;37.545322;"Сайт доступен; запись музея требует проверки"
Музей опытного конструкторского бюро А. Н. Туполева;наб. Академика Туполева, 17, Москва;Музеи;Другие / требуют уточнения;Предварительно по названию;https://www.tupolev.ru/;;;+7 (499) 263-77-77;55.760403;37.676592;Справочник: актуальность не проверена
Музей Орловского рысака и русской тройки;6-й Лучевой просек, 21, стр. 9, Москва;Музеи;Другие / требуют уточнения;Предварительно по названию;http://museum-trotter.ru/;;finagenov@yandex.ru;+7 (495) 961-18-74;55.813039;37.682106;"Сайт доступен; запись музея требует проверки"
Музей Оружейный подвал;Никольская ул., 11-13с1, Москва;Музеи;Военная история;Предварительно по названию;https://podval-museum.ru/;;; +79165384951;55.756909;37.621768;"Сайт доступен; запись музея требует проверки"
Музей оружия;Измайловское шоссе, 73ж;Музеи;Военная история;Предварительно по названию;http://moscowarmsmuseum.ru;https://t.me/moscowarmsmuseum;info@historyguns.ru;+7 (926) 545-41-45, +79265454145;55.794301;37.749308;"Сайт доступен; запись музея требует проверки"
Музей оружия;Измайловское ш., 73Ж, Москва;Музеи;Военная история;Предварительно по названию;https://moscowarmsmuseum.ru/;https://t.me/moscowarmsmuseum;info@historyguns.ru;+7 (926) 545-41-45, +79265454145;55.794308;37.749258;"Сайт доступен; запись музея требует проверки"
Музей Отечественной войны 1812 года;площадь Революции, 2/3;Музеи;Военная история;Предварительно по названию;http://www.shm.ru, http://shm.ru/museum/mov/, http://surl.li/jeyi, https://shm.ru/;https://t.me/state_historical_museum, https://t.me/stbasilscathedral;tula.visitor@shm.ru, visitor@shm.ru, loyalty@shm.ru;+7 (495) 692‒37‒31, +7 (495) 698‒24‒97, +7 (495) 692-37-31, +7 (495) 692-40-19, +7 (495) 698-24-97, +74956923731, +74956983304, +74956982497, +74956981256, +74956982658, +74872773165;55.756403;37.618982;"Сайт доступен; запись музея требует проверки"
Музей охоты и рыболовства;Головинское шоссе, 1;Музеи;Природа и естествознание;Предварительно по названию;http://rors.ru;https://t.me/rors_ru;info@rors.ru, rors-vos@yandex.ru, rorscp@mail.ru, museum@rors.ru;+7 (495) 459‒11‒34, +7 (495) 646‒67‒19, +74956466707, +74956466719;55.839611;37.48871;"Сайт доступен; запись музея требует проверки"
Музей охоты и рыболовства ассоциации Росохотрыболовсоюз;Головинское ш., 1, Москва;Музеи;Природа и естествознание;Предварительно по названию;http://www.rors.ru/;https://t.me/rors_ru;rorscp@mail.ru, info@rors.ru, rors-vos@yandex.ru, museum@rors.ru;+7 (495) 646-67-07, +74956466707, +74956466719;55.839873;37.488656;"Сайт доступен; запись музея требует проверки"
Музей П.И. Чайковский и Москва;Кудринская площадь, 46/54с1, Москва;Музеи;Музыка, театр и кино, Быт, ремёсла и гастрономия;Предварительно по названию;https://music-museum.ru/;https://t.me/musicmuseum_ru;chaikovsky@music-museum.ru, goldenveizer@music-museum.ru, golovanov@music-museum.ru, info@music-museum.ru, odilar@music-museum.ru, prokofiev@music-museum.ru, shalyapin@music-museum.ru;+7 (495) 605-65-15, +7 (495) 605-65-15 (доб. 1140), +7 (495) 605-65-15 (доб. 1120), +7 (495) 605-65-15 (доб. 1156), +7 (495) 605-65-15 (доб. 1166), +7 (495) 605-65-15 (доб. 1172), +7 (495) 605-65-15 (доб. 1176), +7 (495) 605-65-15 (доб. 1174);55.758191;37.585421;"Сайт доступен; запись музея требует проверки"
Музей П.И. Чайковского;Кудринская площадь, 46/54 ст2;Музеи;Музыка, театр и кино, Быт, ремёсла и гастрономия;Предварительно по названию;http://music-museum.ru;https://t.me/musicmuseum_ru;chaikovsky@music-museum.ru, email@test.com, goldenveizer@music-museum.ru, golovanov@music-museum.ru, info@music-museum.ru, odilar@music-museum.ru, prokofiev@music-museum.ru, shalyapin@music-museum.ru;+7 (495) 605‒65‒15, +7 (495) 605-65-15, +7 (495) 605-65-15 (доб. 1140), +7 (495) 605-65-15 (доб. 1120), +7 (495) 605-65-15 (доб. 1156), +7 (495) 605-65-15 (доб. 1166), +7 (495) 605-65-15 (доб. 1172), +7 (495) 605-65-15 (доб. 1176), +7 (495) 605-65-15 (доб. 1174);55.758087;37.585403;"Сайт доступен; запись музея требует проверки"
Музей Павла и Сергея Третьяковых;1-й Голутвинский переулок, 16 ст1;Музеи;Искусство и архитектура;Предварительно по названию;http://www.tretyakovgallery.ru/for-visitors/museums/dom-tretyakovyh/;https://t.me/gt_gallery;access@tretyakov.ru, bvi@isvek.ru, membership@tretyakov.ru, tretyakov@tretyakov.ru, u003eaccess@tretyakov.ru, u003emembership@tretyakov.ru;+7 (495) 957‒07‒27, +7 (495) 957-07-27 (колл-центр), +7 (929) 515-82-94 (музей), +7 (495) 957-07-27;55.737685;37.611516;"Сайт доступен; запись музея требует проверки"
Музей Павла и Сергея Третьяковых;1-й Голутвинский пер., 16, стр. 1, Москва;Музеи;Искусство и архитектура;Предварительно по названию;https://www.tretyakovgallery.ru/, https://www.tretyakovgallery.ru/for-visitors/museums/dom-tretyakovyh;;;+7 (495) 957-07-27, +7 (495) 957-07-27 (колл-центр), +7 (929) 515-82-94 (музей);55.737686;37.611501;"Сайт доступен; запись музея требует проверки"
Музей Павла Корина;улица Малая Пироговская, 16 ст5;Музеи;Другие / требуют уточнения;Предварительно по названию;http://tretyakovgallery.ru;;acceess@tretyakov.ru, access@tretyakov.ru, bvi@isvek.ru, membership@tretyakov.ru, tretyakov@tretyakov.ru, u003eacceess@tretyakov.ru, u003eaccess@tretyakov.ru, u003emembership@tretyakov.ru;+7 (495) 957‒07‒88, +7 (495) 957-07-27 (колл-центр), +7 (929) 515-82-94 (музей), +7 (495) 957-07-27;55.728849;37.566879;"Сайт доступен; запись музея требует проверки"
Музей Палаты бояр Романовых;ул. Варварка, 10, Москва;Музеи;Другие / требуют уточнения;Предварительно по названию;http://www.shm.ru/museum/pbr/, https://shm.ru/;https://t.me/state_historical_museum, https://t.me/stbasilscathedral;loyalty@shm.ru, visitor@shm.ru, tula.visitor@shm.ru;+7 (495) 698-12-56, +7 (495) 698-32-35, +74956923731, +74956983304, +74956982497, +74956981256, +74956982658, +74872773165;55.752713;37.629281;"Сайт доступен; запись музея требует проверки"
Музей памяти новомучеников и исповедников Российских;Лихов пер., 6, стр. 1, Москва;Музеи;История и культура;Предварительно по названию;http://museum.lihov6.ru/;;;+7 (495) 114-50-74;55.772176;37.613118;"Сайт доступен; запись музея требует проверки"
Музей памяти погибших воинов в Афганистане, Чечне и других горячих точках;Авиационная ул., 68, Москва;Музеи;Военная история, История и культура;Предварительно по названию;;;;;55.809892;37.454956;Справочник: актуальность не проверена
Музей Память;Егерская улица, 4;Музеи;История и культура;Предварительно по названию;;;;+7 (495) 355‒15‒30;55.793586;37.684356;Справочник: актуальность не проверена
Музей Парка Горького;ул. Крымский Вал, 9, стр. 9, Москва;Музеи;Другие / требуют уточнения;Предварительно по названию;;;;+7 (495) 995-00-20;55.731309;37.603802;Справочник: актуальность не проверена
Музей парка Сокольники;ул. Сокольнический Вал, 1, стр. 1, Москва;Музеи;Другие / требуют уточнения;Предварительно по названию;http://park.sokolniki.com/about/museum/;;;+7 (499) 393-92-22;55.792377;37.676804;Справочник: актуальность не проверена
Музей Петровский путевой дворец;Ленинградский просп., вл40с6, Москва;Музеи;Другие / требуют уточнения;Предварительно по названию;http://mosmuseum.ru/tours/p/petrovskiy-putevoy-dvorets;https://t.me/mosmuseum, https://t.me/mosburomm, https://t.me/muzarhmos, https://t.me/m_sadovoekoltso, https://t.me/zelmus;g.barilko@mosmuseum.ru, muzeimoskvi@culture.mos.ru, mosburo-mm@culture.mos.ru, deti-mm@culture.mos.ru, pr-mm@culture.mos.ru, rgop-eventsmm@culture.mos.ru;" +7 499 731 82 89 / +7 499 717-16-02, +74957390008, +7 495 739-00-08, +7 495 739 00 08, +74956377005, +79684098277, +74956920020, +74956373135, +74956081403, +74956089216, +74953607786, +74997318289, +74997171602, +74957300008;ext=5050";55.793556;37.552171;"Сайт доступен; запись музея требует проверки"
Музей Печатной графики;Цветной бул., 28, стр. 1, Москва;Музеи;Быт, ремёсла и гастрономия;Предварительно по названию;https://printmuseum.ru/;;;79265555947, +79646405080, +79852985521;55.771697;37.622279;"Сайт доступен; запись музея требует проверки"
Музей Пинбола GoPinball;Москва, улица Крымский Вал;Музеи;Интерактивные и необычные;Предварительно по названию;http://www.gopinball.ru/;;go@gopinball.ru;+7 (499) 504-88-01,  +74995048801, +7-499-504-8801;55.73288;37.602775;"Сайт доступен; запись музея требует проверки"
Музей писателя Е. Л. Войскунского;Изюмская улица, 61 к1;Музеи;Писатели и литература;Предварительно по названию;https://sch1161.mskobr.ru/;;;+7 (499) 793‒93‒09, +7 (499) 793-93-09;55.542046;37.561735;"Сайт доступен; запись музея требует проверки"
Музей писателя Леонида Андреева;Изюмская улица, 61 к1;Музеи;Писатели и литература;Предварительно по названию;https://sch1161.mskobr.ru/;;;+7 (499) 793‒93‒09;55.542094;37.562109;"Сайт доступен; запись музея требует проверки"
Музей Победы;площадь Победы, 3;Музеи;Военная история;Предварительно по названию;http://victorymuseum.ru, https://victorymuseum.ru/;https://t.me/muzeypobedy;info@victorymuseum.ru, zakaz@victorymuseum.ru;+7 (499) 449‒81‒81, +7 (499) 449-81-81, +74994498181;55.730857;37.504707;"Сайт доступен; запись музея требует проверки"
Музей под небом;;Музеи;Другие / требуют уточнения;Предварительно по названию;;https://t.me/museumpodnebom;;;55.676408;37.651986;Справочник: актуальность не проверена
Музей пожарной охраны;ул. Дурова, 49, Москва;Музеи;Другие / требуют уточнения;Предварительно по названию;https://вдпо.рф/museum/128;https://t.me/ptvystavka, https://t.me/museumpss149;inteb@mail.ru, info@vdpo.ru, 149@edu.mos.ru;+7 (495) 684-45-38, 8 (903) 729-02-06, 8 (916) 949-87-22;55.778481;37.629345;"Сайт доступен; запись музея требует проверки"
Музей пожарной охраны;Чертановская ул., 40, Москва;Музеи;Другие / требуют уточнения;Предварительно по названию;;;;;55.613803;37.58948;Справочник: актуальность не проверена
Музей покорителей вселенной;Таллинская ул., 16, корп. 4, Москва;Музеи;Другие / требуют уточнения;Предварительно по названию;;;;;55.796837;37.400751;Справочник: актуальность не проверена
Музей Покровского монастыря и Блаженной Матроны Московской;Таганская улица, 58;Музеи;Религия и духовная культура;Предварительно по названию;http://pokrov-monastir.ru/news/muzey_pokrovskogo_monastyrya;;info@pokrov-monastir.ru, u003einfo@pokrov-monastir.ru;+7 (495) 911‒49‒20, +7 (495) 911‒81‒66;55.738648;37.671253;"Сайт доступен; запись музея требует проверки"
Музей Поля чудес;ул. Академика Королёва, вл12, Москва;Музеи;Другие / требуют уточнения;Предварительно по названию;;;;;55.822798;37.607384;Справочник: актуальность не проверена
Музей предпринимателей, меценатов и благотворителей;Донская улица, 9;Музеи;Другие / требуют уточнения;Предварительно по названию;http://muzeydela.ru;https://t.me/muzeydela;info@muzeydela.ru;+7 (499) 237‒53‒49, +7 (499) 237-53-49, +74992375349;55.72476;37.608972;"Сайт доступен; запись музея требует проверки"
Музей Преображенской больницы;улица Матросская Тишина, 20 ст4;Музеи;Другие / требуют уточнения;Предварительно по названию;http://museum.pkb4.ru/, https://www.pkb4.ru/museum/;https://t.me/preobrazhenskyhospital, https://t.me/gannushkin_pkb4;museumpkb@zdav.mos, pkb4@zdrav.mos.ru, pkb4-pb3@zdrav.mos.ru;+7 (495) 150‒54‒45, +7 (495) 268‒04‒16, +7 (495) 268‒89‒62, +7 (495) 150-54-45, 8(495)1505445, 84959630164, 84959634042, 8(495)9630255, 8(495)9631077, 8(499)7803943, 8(499)7803524, 8-499-268-89-62, 8-495-9630164, 8-495-1505445, 8-495-9631453, 8-495-9630964, 8-495-9634042, 8-495-9634046, 8-495-9630229, 8-499-2680416;55.792559;37.699447;"Сайт доступен; запись музея требует проверки"
Музей природы, экоцентр;Родионовская улица, 2;Музеи;Природа и естествознание;Предварительно по названию;http://mosecopros.ru/nature-museum;https://t.me/szaoeco, https://t.me/mosecocentr;ecodomlani@eco.mos, ecomuseum@eco.mos, ecoyug@eco.mos, epts_lesnaya-skazka@eco.mos, epts-bittsles@eco.mos;+7 (495) 753‒12‒68;55.894466;37.40008;"Сайт доступен; запись музея требует проверки"
Музей профайлинга;Бауманская улица, 7;Музеи;Другие / требуют уточнения;Предварительно по названию;http://profiling.museum;https://t.me/profiling_srccs;mail@srccs.su;+7 (499) 350‒90‒55, 8‒800‒777‒42‒70;55.776537;37.676005;Справочник: актуальность не проверена
Музей профайлинга;Бауманская ул., 7, стр. 1, Москва;Музеи;Другие / требуют уточнения;Предварительно по названию;https://profiling.museum/;;;+7 (499) 350-90-55;55.776483;37.676127;Справочник: актуальность не проверена
Музей профессионального образования города Москвы;Велозаводская улица, 8;Музеи;Другие / требуют уточнения;Предварительно по названию;http://mpomos.ru, http://mpomos.ru/;;mpomos@yandex.ru;+7 (495) 675‒09‒24, +7 (495) 675-09-24;55.71113;37.664348;"Сайт доступен; запись музея требует проверки"
Музей Пряника;Большой Козловский пер., 13/17, Москва;Музеи;Быт, ремёсла и гастрономия;Предварительно по названию;https://gingerbread-msk.ru/, https://музей-пряник.рф/;https://t.me/gingerbread_msk, https://t.me/kiberone_krylatskoe, https://t.me/gingerbreadmos;;79850434969, +79109733022;55.765858;37.648051;"Сайт доступен; запись музея требует проверки"
Музей пряника, мастерская;Большой Козловский переулок, 13/17;Музеи;Быт, ремёсла и гастрономия;Предварительно по названию;http://gingerbread-msk.ru/museum;https://t.me/gingerbread_msk, https://t.me/kiberone_krylatskoe, https://t.me/gingerbreadmos;pryanikovoe.delo@gmail.com;79850434969;55.766035;37.648451;"Сайт доступен; запись музея требует проверки"
Музей психологии, дефектологии и логопедии;Цветной бульвар, 19 ст4;Музеи;Другие / требуют уточнения;Предварительно по названию;http://xn--c1adffbadreybi0ax0b.xn--p1ai;;psymuseum@yandex.ru;+79269111879;55.771799;37.619111;"Сайт доступен; запись музея требует проверки"
Музей психологии, дефектологии и логопедии;Цветной бул., 19, стр. 4, Москва;Музеи;Другие / требуют уточнения;Предварительно по названию;https://музейпсихологии.рф/;;psymuseum@yandex.ru;+79269111879;55.771737;37.619108;"Сайт доступен; запись музея требует проверки"
Музей путешествий и паломничества по святым местам;ул. Забелина, 3, стр. 2, Москва;Музеи;Другие / требуют уточнения;Предварительно по названию;http://plmusey.narod.ru/;;plmusey@narod.ru;+7 (495) 390-06-40;55.755154;37.638149;"Сайт доступен; запись музея требует проверки"
Музей радио и телевидения Дедушкиного чердака;Измайловское ш., 71, корп. 5, Москва;Музеи;Музыка, театр и кино;Предварительно по названию;http://www.museumcherdak.ru/;https://t.me/museumcherdak;museumcherdak@gmail.com;+79660867861, +79015018085, +79164415554;55.790615;37.749625;"Сайт доступен; запись музея требует проверки"
Музей радио и телевидения Дедушкиного чердака, музей для детей от 1 до 101 года;Измайловское шоссе, 71е;Музеи;Музыка, театр и кино;Предварительно по названию;http://www.museumcherdak.ru;https://t.me/museumcherdak;museumcherdak@gmail.com;+79660867861, +79015018085, +79164415554;55.790832;37.74988;"Сайт доступен; запись музея требует проверки"
Музей развития электрических сетей Московского региона;ул. Вавилова, 7Б, Москва;Музеи;Другие / требуют уточнения;Предварительно по названию;;;;;55.704887;37.586949;Справочник: актуальность не проверена
Музей района Новогиреево;2-я Владимирская ул., 58, Москва;Музеи;Другие / требуют уточнения;Предварительно по названию;;;;;55.744064;37.788225;Справочник: актуальность не проверена
Музей района Солнцево;улица Авиаторов, 7;Музеи;Другие / требуют уточнения;Предварительно по названию;;;;+7 (495) 435‒09‒20;55.640906;37.40419;Справочник: актуальность не проверена
Музей Ратной Истории г. Москвы;Крутицкая ул., 17, стр. 3, Москва;Музеи;История и культура;Предварительно по названию;https://castle.moscow/;;myemail@mail.ru, info@castle.moscow;+79253093509, +79255294976;55.727765;37.658229;"Сайт доступен; запись музея требует проверки"
Музей ратной истории Москвы;Крутицкая улица, 17 ст3;Музеи;История и культура;Предварительно по названию;http://castle.moscow;https://t.me/mrimsk;info@castle.moscow, myemail@mail.ru;+79253093509, +79255294976;55.727764;37.658183;"Сайт доступен; запись музея требует проверки"
Музей Рерихов;проспект Мира, 119 ст13;Музеи;Искусство и архитектура;Предварительно по названию;http://roerichsmuseum.ru;;info@orientmuseum.ru, press@orientmuseum.ru;+7 (495) 691‒02‒12;55.830647;37.627528;"Сайт доступен; запись музея требует проверки"
Музей Рерихов;просп. Мира, 119, стр. 13, Москва;Музеи;Искусство и архитектура;Предварительно по названию;http://roerichsmuseum.ru/;;info@orientmuseum.ru, press@orientmuseum.ru;+7 (495) 691-02-12, +7 (495) 691-82-19;55.830775;37.627689;"Сайт доступен; запись музея требует проверки"
Музей рециклинга и экологичного образа жизни;Потаповский переулок, 5 ст2;Музеи;Природа и естествознание;Предварительно по названию;;;;+7 (499) 490‒42‒58;55.76185;37.640286;Справочник: актуальность не проверена
Музей РМАНПО;Беломорская ул., 19/38, Москва;Музеи;Другие / требуют уточнения;Предварительно по названию;http://museum.rmapo.ru/;;mmuseum@rmapo.ru;;55.867094;37.476422;"Сайт доступен; запись музея требует проверки"
Музей Российско-Китайской дружбы;1-й Боткинский проезд, 2/6;Музеи;Другие / требуют уточнения;Предварительно по названию;;;;;55.781946;37.555629;Справочник: актуальность не проверена
Музей российско-китайской дружбы;2-й Боткинский пр., 6/2, Москва;Музеи;Другие / требуют уточнения;Предварительно по названию;;;;;55.781838;37.555563;Справочник: актуальность не проверена
Музей Российского Красного Креста;Черёмушкинский проезд, 5;Музеи;Другие / требуют уточнения;Предварительно по названию;http://museum.redcross.ru;https://t.me/redcross_ru;museum@redcross.ru, username@mail.ru, Museum@redcross.ru;+7 (499) 126‒75‒71, +74991267571;55.691891;37.572537;"Сайт доступен; запись музея требует проверки"
Музей Российского университета дружбы народов;ул. Миклухо-Маклая, 10, корп. 3, Москва;Музеи;История и культура;Предварительно по названию;https://www.rudn.ru/;https://t.me/rudnstudentslife;mfc@rudn.ru, pr@rudn.ru, rector@rudn.ru, support@rudn.ru, priem@rudn.ru, rector.staff@rudn.ru, press-rector@rudn.ru, rekets-mo@rudn.ru, katsarskiy-mi@rudn.ru, intstudent@rudn.ru, phd@rudn.ru, verify@rudn.ru, oleynikov-d@rudn.ru, press@rudn.ru, tv@rudn.ru, newspaper@rudn.ru, dmitrieva-eb@rudn.ru, edu.policy@rudn.ru, science@rudn.ru, cooperation@rudn.ru, language.test@rudn.ru, commercial.dept@rudn.ru, techtransfer@rudn.ru, info@rudn-sochi.ru, priem@minobrnauki.gov.ru;+7 (495) 787-38-03, +7 (499) 936-87-87, +7 (495) 434-70-27, +74999368686>, +74999368787, +7 (495) 787-38-03 доп.: 2740, +7 (495) 787-38-03 доп.: 1190, +7 (495) 434-70-16, +7 (499) 936-87-41, +7 (495) 787-38-27, +7 (499) 936-86-94, + 7 (903) 130-47-81, +7 (499) 936-85-83, +7 (495) 434-31-33, +7 (495) 434-42-12, +7 (495) 954-12-71, +7 (495) 434-51-88, +7 (495) 433-14-01, +7 (862) 241-10-43, 8 (800) 444-51-15;55.649305;37.503395;"Сайт доступен; запись музея требует проверки"
Музей русских гуслей и китайского гуциня;5-й Лучевой просек, 5а ст4;Музеи;Другие / требуют уточнения;Предварительно по названию;http://guslimuseum.ru;;info@guslimuseum.ru;;55.798156;37.674447;"Сайт доступен; запись музея требует проверки"
Музей Русского Афона;1-й Хвостов переулок, 3 ст1;Музеи;Другие / требуют уточнения;Предварительно по названию;http://moseparh.ru;;mge.diaconia@patriarchia.ru, mge.molotdel@patriarchia.ru, mge@patriarchia.ru, mos@patriarchia.ru, support@ortox.ru;+7 (495) 698‒05‒58, +7 (499) 230‒07‒87;55.734906;37.618344;"Сайт доступен; запись музея требует проверки"
Музей Русского Афона;1-й Хвостов пер., 3, стр. 1, Москва;Музеи;Другие / требуют уточнения;Предварительно по названию;http://moseparh.ru/;;mge@patriarchia.ru, mos@patriarchia.ru, support@ortox.ru;+7 (495) 698-05-58, +7 (499) 230-07-87;55.734794;37.618392;"Сайт доступен; запись музея требует проверки"
Музей русского быта;улица Перовская, 24а;Музеи;Быт, ремёсла и гастрономия;Предварительно по названию;http://vk.link/ruslifemuseum;;;;55.745519;37.77014;"Сайт доступен; запись музея требует проверки"
Музей русского быта по сусекам;Берсеневская наб., 18-20-22с2, Москва;Музеи;Быт, ремёсла и гастрономия;Предварительно по названию;;;;;55.743743;37.610865;Справочник: актуальность не проверена
Музей русского импрессионизма;Ленинградский проспект, 15 ст11;Музеи;Искусство и архитектура;Предварительно по названию;http://rusimp.su;https://t.me/rusimp_museum;coordinator@rusimp.org, event@rusimp.org, hello@rusimp.org, inclusion@rusimp.org, info@rusimp.org, pr@rusimp.org, tour@rusimp.org, partner@rusimp.org;+7 (495) 145‒75‒55, 74951457555;55.780365;37.570299;"Сайт доступен; запись музея требует проверки"
Музей русского импрессионизма;Ленинградский просп., 15, стр. 11, Москва;Музеи;Искусство и архитектура;Предварительно по названию;http://www.rusimp.su/;https://t.me/rusimp_museum;hello@rusimp.org, tour@rusimp.org, coordinator@rusimp.org, pr@rusimp.org, partner@rusimp.org;+7 (495) 145-75-55, 74951457555;55.780328;37.570409;"Сайт доступен; запись музея требует проверки"
Музей русского лубка и наивного искусства;Союзный просп., 15А, Москва;Музеи;Искусство и архитектура;Предварительно по названию;http://naive-museum.ru/;https://t.me/musnaive;mrlini@culture.mos.ru, musnaive@gmail.com;+7 (495) 301-03-48, +7 (495) 608-51-83, +7 (495) 608-52-21, +74956085221;55.749951;37.813429;"Сайт доступен; запись музея требует проверки"
Музей русского лубка и наивного искусства, выставочный зал Народные картины;Измайловский бул., 30, Москва;Музеи;Искусство и архитектура, История и культура;Предварительно по названию;http://naive-museum.ru/;https://t.me/musnaive;mrlini@culture.mos.ru, musnaive@gmail.com;+7 (495) 608-52-21, +7 (499) 367-45-81, +74956085221;55.796098;37.795441;"Сайт доступен; запись музея требует проверки"
Музей русской гармоники А. Мирека;2-я Тверская-Ямская улица, 18;Музеи;Искусство и архитектура;Предварительно по названию;http://scriabinmuseum.ru;https://t.me/scriabinmuseum;concerscriabin@gmail.com, concert@scriabinmuseum.ru, pr@scriabinmuseum.ru, priemnaja@culture.mos, rgop-eca.mm@culture.mos, scriabinmuseum@culture.mos, scriabinmuseum@culture.mos.ru;+7 (499) 251‒67‒30, 74992417876, 74992411901, 74992411900, 74992417704, 74992411410, 74992415661, 74992516730, 74992517614;55.771782;37.594649;"Сайт доступен; запись музея требует проверки"
Музей русской гармоники Альфреда Мирека;2-я Тверская-Ямская ул., 18, Москва;Музеи;Искусство и архитектура;Предварительно по названию;http://scriabinmuseum.ru/pages/mireka, https://mirekmuseum.ru/, https://scriabinmuseum.ru/;https://t.me/scriabinmuseum;scriabinmuseum@culture.mos.ru, pr@scriabinmuseum.ru;+7 (499) 251-67-30, +7 (499) 251-76-14, 74992417876, 74992411901, 74992411900, 74992417704, 74992411410, 74992415661, 74992516730, 74992517614;55.771805;37.59456;"Сайт доступен; запись музея требует проверки"
Музей русской игрушки;Измайловское ш., 73Ж, стр. 1, Москва;Музеи;Быт, ремёсла и гастрономия;Предварительно по названию;http://www.kremlin-izmailovo.com/;https://t.me/kremlin_izmailovo;;+7 (495) 215-54-37;55.794321;37.749811;"Сайт доступен; запись музея требует проверки"
Музей русской иконы им. Михаила Абрамова;улица Гончарная, 3 ст3;Музеи;Искусство и архитектура;Предварительно по названию;http://new.russikona.ru, http://new.russikona.ru/;https://t.me/museumrussikona;events@russikona.ru, excursions@russikona.ru, museum@russikona.ru;+7 (495) 098‒02‒99, +7 (495) 098-02-99, +79687202010, +74950980299;55.746418;37.645552;"Сайт доступен; запись музея требует проверки"
Музей русской охоты;Трёхпрудный переулок, 11/13 ст2;Музеи;Природа и естествознание;Предварительно по названию;;;;;55.765518;37.596484;Справочник: актуальность не проверена
Музей русской охоты;Трёхпрудный пер., 11/13с2, Москва;Музеи;Природа и естествознание;Предварительно по названию;;;;;55.765492;37.59635;Справочник: актуальность не проверена
Музей русской усадебной культуры Усадьба князей Голицыных Влахернское-Кузьминки;ул. Старые Кузьминки, 13, стр. 1, Москва;Музеи;История и культура;Предварительно по названию;http://kuzminki-msk.ru/;;mail@kuzminki-msk.ru;;55.689955;37.784862;Справочник: актуальность не проверена
Музей С.С. Прокофьева;Камергерский переулок, 6 ст3;Музеи;Музыка, театр и кино;Предварительно по названию;http://music-museum.ru;https://t.me/musicmuseum_ru;chaikovsky@music-museum.ru, email@test.com, goldenveizer@music-museum.ru, golovanov@music-museum.ru, info@music-museum.ru, odilar@music-museum.ru, prokofiev@music-museum.ru, shalyapin@music-museum.ru;+7 (495) 605‒65‒15, +7 (495) 605-65-15, +7 (495) 605-65-15 (доб. 1140), +7 (495) 605-65-15 (доб. 1120), +7 (495) 605-65-15 (доб. 1156), +7 (495) 605-65-15 (доб. 1166), +7 (495) 605-65-15 (доб. 1172), +7 (495) 605-65-15 (доб. 1176), +7 (495) 605-65-15 (доб. 1174);55.760159;37.614444;"Сайт доступен; запись музея требует проверки"
Музей Садовое кольцо;просп. Мира, 14, стр. 10, Москва;Музеи;Другие / требуют уточнения;Предварительно по названию;http://sadovoekoltso.com/, https://mosmuseum.ru/;https://t.me/mosmuseum, https://t.me/mosburomm, https://t.me/muzarhmos, https://t.me/m_sadovoekoltso, https://t.me/zelmus;g.barilko@mosmuseum.ru, muzeimoskvi@culture.mos.ru, mosburo-mm@culture.mos.ru, deti-mm@culture.mos.ru, pr-mm@culture.mos.ru, rgop-eventsmm@culture.mos.ru;"+7 (495) 607-79-26, +7 (495) 608-14-03, +7 (495) 608-92-16,  +7 499 731 82 89 / +7 499 717-16-02, +74957390008, +7 495 739-00-08, +7 495 739 00 08, +74956377005, +79684098277, +74956920020, +74956373135, +74956081403, +74956089216, +74953607786, +74997318289, +74997171602, +74957300008;ext=5050";55.775072;37.63268;"Сайт доступен; запись музея требует проверки"
Музей Самоцветы;ул. Народного Ополчения, 29, корп. 1, Москва;Музеи;Другие / требуют уточнения;Предварительно по названию;http://www.gemmuseum.ru/;https://t.me/museum_samotsveti;gemmuseum@mail.ru;+7 (499) 197-54-01;55.782198;37.480135;"Сайт доступен; запись музея требует проверки"
Музей света;проспект Мира, 106;Музеи;Другие / требуют уточнения;Предварительно по названию;http://museum-light.bl-g.ru;https://t.me/my_delaem_umnyj_svet;info@bl-g.ru;+7 (495) 785‒20‒95, +7(495)785-20-95;55.802848;37.636725;"Сайт доступен; запись музея требует проверки"
Музей Священника Павла Флоренского;улица Бурденко, 16/12;Музеи;Природа и естествознание, Религия и духовная культура;Предварительно по названию;;;;+7 (499) 246‒54‒90;55.739117;37.580522;Справочник: актуальность не проверена
Музей Сенкевича;Селезнёвская улица, 11 ст3;Музеи;Другие / требуют уточнения;Предварительно по названию;;;;;55.781097;37.605081;Справочник: актуальность не проверена
Музей Серебряного века;проспект Мира, 30 ст1;Музеи;Другие / требуют уточнения;Предварительно по названию;http://goslitmuz.ru/museums/muzey-serebryanogo-veka/;https://t.me/dombrusova, https://t.me/arkamarka_centre, https://t.me/calendar_kids, https://t.me/literaturemuseum;ex@goslitmuz.ru, info@goslitmuz.ru, kniga@goslitmuz.ru, media@goslitmuz.ru, y.glotova@goslitmuz.ru, arkamarka@goslitmuz.ru;+7 (495) 680‒86‒83, +7 (495) 695‒53‒08;55.778368;37.633203;"Сайт доступен; запись музея требует проверки"
Музей Серебряного века;просп. Мира, 30, стр. 1, Москва;Музеи;Другие / требуют уточнения;Предварительно по названию;https://goslitmuz.ru/museums/muzey-serebryanogo-veka/;https://t.me/arkamarka_centre, https://t.me/calendar_kids, https://t.me/literaturemuseum;ex@goslitmuz.ru, kniga@goslitmuz.ru, arkamarka@goslitmuz.ru;+7 (495) 695-53-08;55.778377;37.633174;"Сайт доступен; запись музея требует проверки"
Музей скорой помощи;1-й Коптельский пер., 3, стр. 1, Москва;Музеи;Другие / требуют уточнения;Предварительно по названию;;;;;55.773712;37.637208;Справочник: актуальность не проверена
Музей скорой помощи, Станция скорой и неотложной медицинской помощи им. Пучкова А.С.;1-й Коптельский переулок, 3 ст1;Музеи;Наука и техника, Музыка, театр и кино;Предварительно по названию;http://mos03.ru/rubrics/about-the-museum/informatsiya-o-muzee-ssinmp-im-a-s-puchkova/;;info@mos03.ru, archive@mos03.ru, info@santrans.ru;+7 (495) 620‒40‒60, +7 (495) 620‒41‒98, +74956204140;55.77363;37.63759;"Сайт доступен; запись музея требует проверки"
Музей славянской культуры им. Константина Васильева;Череповецкая улица, 3Б;Музеи;Другие / требуют уточнения;Предварительно по названию;http://museum-slav.com;https://t.me/museum_slav;arissa7777@mail.ru, arissa777@mail.ru;+79264963900, +79067208018;55.899243;37.565728;"Сайт доступен; запись музея требует проверки"
Музей славянской культуры имени Константина Васильева;Череповецкая ул., 3Б, Москва;Музеи;Другие / требуют уточнения;Предварительно по названию;https://museum-slav.com/;https://t.me/museum_slav;arissa7777@mail.ru, arissa777@mail.ru;+79264963900, +79067208018;55.899202;37.565743;"Сайт доступен; запись музея требует проверки"
Музей славянской письменности Слово;просп. Мира, 119, стр. 58, Москва;Музеи;Другие / требуют уточнения;Предварительно по названию;;;;+7 (495) 544-34-00, +7 (495) 966-19-27;55.832648;37.627214;Справочник: актуальность не проверена
Музей собаки;Малая Калужская улица, 12;Музеи;Природа и естествознание;Предварительно по названию;http://www.dogmuseum.ru, https://www.dogmuseum.ru/;https://t.me/thedogmuseum;dogmuseum@yandex.ru;+7 (495) 139‒25‒85, +7 (495) 139-25-85, +74951392585;55.71673;37.595735;"Сайт доступен; запись музея требует проверки"
Музей Собрание;ул. Солянка, 16, Москва;Музеи;Другие / требуют уточнения;Предварительно по названию;https://mus-col.com/;https://t.me/mus_col;info@mus-col.com, mail@example.com;+7 (495) 234-06-30;55.750582;37.641673;"Сайт доступен; запись музея требует проверки"
Музей советских игровых автоматов;улица Рождественка, 12;Музеи;Транспорт, Интерактивные и необычные;Предварительно по названию;http://www.15kop.ru;https://t.me/museum15kop;0rub@15kop.ru, spb@15kop.ru;+7 (495) 628‒45‒15, +78127400240, + 74956284515, +74956284515;55.764384;37.623757;"Сайт доступен; запись музея требует проверки"
Музей советских игровых автоматов;ул. Рождественка, 12/1, Москва;Музеи;Транспорт, Интерактивные и необычные;Предварительно по названию;https://15kop.ru/;https://t.me/museum15kop;0rub@15kop.ru;+7 (495) 628-45-15, +78127400240, + 74956284515, +74956284515;55.764399;37.623732;"Сайт доступен; запись музея требует проверки"
Музей современной истории России;Тверская улица, 21 ст1;Музеи;История и культура;Предварительно по названию;http://m.dzen.ru/sovrhistory, http://sovrhistory.ru;https://t.me/sovrhistory;arutyunyan.kaya@yandex.ru, caresupport@vk.company, dmitriyk86@mail.ru, garifyanova@atischler.ru, hannabooking@gmail.com, imagozman@gmail.com, info@sferum.ru, konopatiypr@gmail.com, kripsval@yandex.ru, lazerson.pr@mail.ru, ndutchman@internet.ru, news@gadgetpage.ru, ninfo@redakciya.com, nlilijagaidukova@yandex.ru, noblomoffadvert@gmail.com, passwd_lc@corp.mail, pochinka78@mail.ru, pr@hannaofficial.com, pr@remplanner.ru, roomtour2020@bk.ru, tqg87@yandex.ru, vladimir.vorobiev1973@mail.ru, museum@sovrhistory.ru, pr.sovr@yandex.ru, buro@sovrhistory.ru, kr-presnya@sovrhistory.ru, Sadovnicheskaya@sovrhistory.ru, galereya@sovrhistory.ru, Podpolye@sovrhistory.ru, katyn-memorial@mail.ru, mednoe@sovrhistory.ru;+7 (495) 699‒52‒17, +7 (495) 699‒54‒58, +7 (495) 699‒67‒24, +74956996724, +74992523035, +74956997418, +74955908356, +74992516943, +74812305642, Экскурсионное бюро;55.766129;37.601628;"Сайт доступен; запись музея требует проверки"
Музей современной истории России, экспозиционно-мемориальный отдел пресня;Большой Предтеченский переулок, 4;Музеи;История и культура;Предварительно по названию;http://m.dzen.ru/sovrhistory, http://sovrhistory.ru;https://t.me/sovrhistory;arutyunyan.kaya@yandex.ru, caresupport@vk.company, dmitriyk86@mail.ru, gelio@inbox.ru, hannabooking@gmail.com, info@sferum.ru, kripsval@yandex.ru, nberech-rech@yandex.ru, ndutchman@internet.ru, nechetoff_pr@mail.ru, news@gadgetpage.ru, ninfo@redakciya.com, noblomoffadvert@gmail.com, passwd_lc@corp.mail, paulson321@hotmail.com, pochinka78@mail.ru, pr.anatolevovque@gmail.com, pr@hannaofficial.com, pr@remplanner.ru, tqg87@yandex.ru, ufa@insightpeople.ru, vladimir.vorobiev1973@mail.ru, zhiruhin@gmail.com, museum@sovrhistory.ru, pr.sovr@yandex.ru, buro@sovrhistory.ru, kr-presnya@sovrhistory.ru, Sadovnicheskaya@sovrhistory.ru, galereya@sovrhistory.ru, Podpolye@sovrhistory.ru, katyn-memorial@mail.ru, mednoe@sovrhistory.ru;+7 (495) 699‒52‒17, +7 (499) 252‒30‒35, +74956996724, +74992523035, +74956997418, +74955908356, +74992516943, +74812305642, Экскурсионное бюро;55.759363;37.571043;"Сайт доступен; запись музея требует проверки"
Музей современной оловянной военно-исторической миниатюры;Варшавское шоссе, вл132/2;Музеи;Военная история, История и культура;Предварительно по названию;http://xn--80adgdranccsaibe8bu0mvc.xn--p1ai;;5soldatikov@mail.ru;+79253456654, +79265217227;55.620446;37.608816;"Сайт доступен; запись музея требует проверки"
Музей создания Алексеевского монастыря;2-й Красносельский пер., 5, стр. 1, Москва;Музеи;Религия и духовная культура;Предварительно по названию;http://www.hram-ks.ru/;;;+7 (499) 264-72-74;55.783699;37.667771;"Сайт доступен; запись музея требует проверки"
Музей сословий России;улица Волхонка, 13 ст2;Музеи;Другие / требуют уточнения;Предварительно по названию;http://glazunov-gallery.ru, http://glazunov-gallery.ru/muzei-soslovii-rossii;;glazunovgallery@culture.mos.ru, info@glazunov-gallery.ru;+7 (495) 691‒84‒54, +7 (495) 691‒93‒78, +7 (495) 691-69-49, +7 (495) 691-84-18, +7 (495) 691-84-54, +7 (495) 691-93-78;55.746667;37.607686;"Сайт доступен; запись музея требует проверки"
Музей Союзмультфильма;проспект Мира, 119 ст7;Музеи;Музыка, театр и кино;Предварительно по названию;http://souzmultpark.ru;https://t.me/souzmultpark_vdnh;souzmultpark@souzmult.ru, n.maslova@souzmult.ru, m.orlenko@souzmult.ru, i.komissarova@souzmult.ru, o.firuleva@souzmult.ru, smmsmp@souzmult.ru;+7 (495) 308‒00‒34, +74953080034, +74994954134, +79055082811, +79163326206, +79201756950, +79169395285, +79184107142;55.827512;37.626752;"Сайт доступен; запись музея требует проверки"
Музей спортивной славы;Алтуфьевское ш., 87, Москва;Музеи;Спорт;Предварительно по названию;;;;+7 (499) 209-09-95;55.892179;37.585613;Справочник: актуальность не проверена
Музей спортивной славы;Зеленоград, к118;Музеи;Спорт;Предварительно по названию;;;;;56.006619;37.204356;Справочник: актуальность не проверена
Музей спортивной славы Зеленоградского административного округа города Москвы;Зеленоград, к118;Музеи;Спорт;Предварительно по названию;;;;+7 (495) 198‒08‒03;56.006513;37.204543;Справочник: актуальность не проверена
Музей спортивной славы ЦСКА;Ленинградский проспект, 39 ст1;Музеи;Спорт;Предварительно по названию;http://cska.ru;https://t.me/cska_mil;cska_267@mil.ru, cska_274@mil.ru, pr@cska.ru, mediacska@mail.ru;+7 (495) 613‒25‒43, +, +74991578269, +7 (499) 372-97-00, +7 (495) 613-22-50, +7 (495) 613-78-81, +7 (495) 613-86-98, +7 (495) 613-63-38, +7 (495) 613-43-63, +7 (495) 613-67-09, +7 (495) 613-25-43;55.79113;37.5401;"Сайт доступен; запись музея требует проверки"
Музей спортивной славы ЦСКА;Ленинградский просп., 39, стр. 1, Москва;Музеи;Спорт;Предварительно по названию;http://cska.ru/, http://cska.ru/objects/17;https://t.me/cska_mil;cska_267@mil.ru, cska_274@mil.ru, cska_32@mil.ru, pr@cska.ru, mediacska@mail.ru;+7 (495) 613-25-43, +, +74991578269, +7 (499) 372-97-00, +7 (495) 613-22-50, +7 (495) 613-78-81, +7 (495) 613-86-98, +7 (495) 613-63-38, +7 (495) 613-43-63, +7 (495) 613-67-09;55.791273;37.539721;"Сайт доступен; запись музея требует проверки"
Музей СССР;Манежная площадь, 1 ст2;Музеи;Другие / требуют уточнения;Предварительно по названию;http://mosmuseumussr.ru;;mosmuseumussr@mail.ru; +79802174707;55.756309;37.616114;"Сайт доступен; запись музея требует проверки"
Музей СССР;Москва, Манежная площадь;Музеи;Другие / требуют уточнения;Предварительно по названию;http://mosmuseumussr.ru/;;; +79802174707;55.756242;37.615936;"Сайт доступен; запись музея требует проверки"
Музей счастливого детства, музей-магазин;Башиловская улица, 21;Музеи;Другие / требуют уточнения;Предварительно по названию;;;;;55.801384;37.574901;Справочник: актуальность не проверена
Музей Тапан;Олимпийский просп., 9, Москва;Музеи;Другие / требуют уточнения;Предварительно по названию;https://armenianchurch.ru/tapan;;;;55.788036;37.620998;"Сайт доступен; запись музея требует проверки"
Музей творческая мастерская художника Зураба Церетели;Большая Грузинская ул., 15, стр. 1, Москва;Музеи;Искусство и архитектура;Предварительно по названию;https://mmoma.ru/;https://t.me/mmoma;mmoma@culture.mos.ru, research@mmoma.ru, andrew@mmoma.ru, secretary@mmoma.ru, info@mmoma.ru, VasilevaVV5@culture.mos.ru, pr@mmoma.ru, development@mmoma.ru, education@mmoma.ru, sidurmuseum@mmoma.ru, nalbandyan@mmoma.ru, DegtyarevaNS1@culture.mos.ru, freeworkshops@mmoma.ru, cadre@mmoma.ru, library@mmoma.ru, urist@mmoma.ru, tv@mmoma.ru;+7 (495) 690-68-70, +7 (495) 699-80-52, +7 (495) 777-48-50, +7 (495) 777-48-59, +7 (499) 254-70-20, +7 (495) 691-47-56, +74956507521, +7(495)6998052, +74956946375, +74956500563, +7 495 691 44 74, +7 495 690 68 70, +74956500578, +74959185181, +74956507490, +74956507504, +74956507358, +74956998052, +74956994880, +74956997991, +74992403146, +7 495 699 80 52;55.766162;37.577019;"Сайт доступен; запись музея требует проверки"
Музей творческого союза цирковых деятелей России;ул. Ефремова, 12, стр. 2, Москва;Музеи;Другие / требуют уточнения;Предварительно по названию;;;;;55.724468;37.573403;Справочник: актуальность не проверена
Музей Творческое наследие академика Юрия Орехова;Земледельческий пер., 9, стр. 2, Москва;Музеи;Другие / требуют уточнения;Предварительно по названию;http://sculptura.ru/;;info@sculptura.ru;+7 (499) 248-02-46;55.740346;37.577989;"Сайт доступен; запись музея требует проверки"
Музей Творческой и Боевой Славы Москонцерта;Ленинградский просп., 30, стр. 2, Москва;Музеи;Военная история;Предварительно по названию;;;;;55.784597;37.570815;Справочник: актуальность не проверена
Музей театра кукол им. С.В. Образцова;Садовая-Самотечная улица, 3;Музеи;Музыка, театр и кино, Быт, ремёсла и гастрономия;Предварительно по названию;http://puppet.ru/museum/ekspoziciya;;helpme@bartello.ru, info@puppet.ru, pr@puppet.ru;+7 (495) 699‒55‒53;55.773845;37.614374;"Сайт доступен; запись музея требует проверки"
Музей театра Образцова;Садовая-Самотёчная ул., 3, Москва;Музеи;Музыка, театр и кино;Предварительно по названию;http://www.puppet.ru/, https://puppet.ru/museum/ekspoziciya;;info@puppet.ru, pr@puppet.ru;+7 (495) 699-33-10, +7 (495) 699-53-73;55.774101;37.614423;"Сайт доступен; запись музея требует проверки"
Музей телевизионного искусства;ул. Академика Королёва, 19, Москва;Музеи;Искусство и архитектура;Предварительно по названию;https://tvartsmuseum.ru/;;contribute@tvartsmuseum.ru;+79785982679;55.821;37.60459;"Сайт доступен; запись музея требует проверки"
Музей темноты;Автозаводская улица, 18;Музеи;Интерактивные и необычные;Предварительно по названию;http://muzeytemnoty.ru, http://muzeyvtemnote.ru, http://muzeytemnoty.ru/;https://t.me/muzeytemnotyadmin;admin@muzeytemnoty.ru, ambassador@muzeytemnoty.ru, pr@muzeytemnoty.ru, oldmoney@muzeytemnoty.ru, admin@progulka-v-temnote.ru;+7 (495) 133‒98‒10, +7 (495) 133-98-10, +7-495-133-98-10, +74951339810, 74951339810, 79162659300;55.704496;37.642043;"Сайт доступен; запись музея требует проверки"
Музей техники Apple;Складочная улица, 3 ст1;Музеи;Наука и техника;Предварительно по названию;http://apple-museum.ru;;houdini39@gmail.com, info@apple-museum.ru;;55.805876;37.59053;"Сайт доступен; запись музея требует проверки"
Музей транспорта Москвы;проспект Мира, 119 ст26;Музеи;Транспорт, Спорт;Предварительно по названию;http://mtmuseum.ru;https://t.me/mtmuseum;donate@mtmuseum.com, donate@mtmuseum.ru, followme@mtmuseum.ru, hr@mtmuseum.ru, komshina@mtmuseum.ru, pr@mtmuseum.ru, tickets@mtmuseum.com, tickets@mtmuseum.ru, partners@mtmuseum.ru, service@mtmuseum.ru;+7 (495) 369‒26‒75, +74953692675, +79916449118;55.834436;37.621191;"Сайт доступен; запись музея требует проверки"
Музей транспорта Москвы;Новорязанская улица, 27 ст1;Музеи;Транспорт, Спорт;Предварительно по названию;http://mtmuseum.ru;https://t.me/mtmuseum;donate@mtmuseum.com, donate@mtmuseum.ru, followme@mtmuseum.ru, hr@mtmuseum.ru, komshina@mtmuseum.ru, pr@mtmuseum.ru, tickets@mtmuseum.com, tickets@mtmuseum.ru, partners@mtmuseum.ru, service@mtmuseum.ru;+7 (495) 369‒26‒75, +74953692675, +79916449118;55.77216;37.666061;"Сайт доступен; запись музея требует проверки"
Музей транспорта Москвы;Ленинградское шоссе, 51;Музеи;Транспорт, Спорт;Предварительно по названию;http://mtmuseum.ru;https://t.me/mtmuseum;donate@mtmuseum.com, donate@mtmuseum.ru, followme@mtmuseum.ru, hr@mtmuseum.ru, komshina@mtmuseum.ru, pr@mtmuseum.ru, tickets@mtmuseum.com, tickets@mtmuseum.ru, partners@mtmuseum.ru, service@mtmuseum.ru;+7 (495) 369‒26‒75, +74953692675, +79916449118;55.851162;37.467401;"Сайт доступен; запись музея требует проверки"
Музей Транспорта Москвы - Павильон № 26;просп. Мира, 119, стр. 26, Москва;Музеи;Транспорт, Спорт;Предварительно по названию;https://mtmuseum.ru/, https://mtmuseum.ru/na-vse-100;https://t.me/mtmuseum;partners@mtmuseum.ru, pr@mtmuseum.ru, service@mtmuseum.ru, followme@mtmuseum.ru, tickets@mtmuseum.ru, hr@mtmuseum.ru;+7 (495) 369-26-75, +74953692675, +79916449118;55.83432;37.621534;"Сайт доступен; запись музея требует проверки"
Музей транспорта Москвы, Фондохранилище;Ступинский проезд, 1 ст19;Музеи;Транспорт, Спорт;Предварительно по названию;http://mtmuseum.ru;https://t.me/mtmuseum;donate@mtmuseum.com, donate@mtmuseum.ru, followme@mtmuseum.ru, hr@mtmuseum.ru, komshina@mtmuseum.ru, pr@mtmuseum.ru, tickets@mtmuseum.com, tickets@mtmuseum.ru, partners@mtmuseum.ru, service@mtmuseum.ru;+7 (495) 369‒26‒75, +74953692675, +79916449118;55.593466;37.625571;"Сайт доступен; запись музея требует проверки"
Музей у Троицы;Троицкая ул., 7/1с1, Москва;Музеи;Другие / требуют уточнения;Предварительно по названию;;;;+7 (495) 681-11-04;55.774896;37.622449;Справочник: актуальность не проверена
Музей уникальных кукол;улица Покровка, 13 ст2;Музеи;Быт, ремёсла и гастрономия;Предварительно по названию;http://dollmuseum.ru, http://dollmuseum.ru/;https://t.me/dollmuseum;info@dollmuseum.ru;+7 (495) 625‒64‒05, +7 (495) 625-64-05, +7 (495) 625-75-12;55.759377;37.64454;"Сайт доступен; запись музея требует проверки"
Музей уральских сказов;Семёновский переулок, 6;Музеи;Интерактивные и необычные;Предварительно по названию;http://xn----8sbacgokdt1a3a6c.xn--p1ai;;info@info.ru;;55.783282;37.714147;"Сайт доступен; запись музея требует проверки"
Музей уральских сказов;Семёновский пер., 6, Москва;Музеи;Интерактивные и необычные;Предварительно по названию;http://музей-бажова.рф/;;;;55.783536;37.713973;"Сайт доступен; запись музея требует проверки"
Музей фабрики;Переведеновский переулок, 18 ст4;Музеи;Другие / требуют уточнения;Предварительно по названию;http://fabrikacci.com;https://t.me/cci_fabrika;air@fabrikacci.com, ik@fabrikacci.com, office@fabrikacci.com, pr@fabrikacci.com;+7 (499) 265‒39‒26;55.779258;37.689783;"Сайт доступен; запись музея требует проверки"
Музей Финансового университета;Ленинградский просп., 49/2, Москва;Музеи;Другие / требуют уточнения;Предварительно по названию;http://www.fa.ru/org/div/museum/Pages/;;;+7 (495) 249-52-26, +7 (495) 249-52-49;55.800699;37.529251;Справочник: актуальность не проверена
Музей ФК Спартак;Волоколамское ш., 69, Москва;Музеи;Спорт;Предварительно по названию;;;;;55.817195;37.43927;Справочник: актуальность не проверена
Музей фокусов;Таганская ул., 40, стр. 6, Москва;Музеи;Интерактивные и необычные;Предварительно по названию;http://magic2.ru/;;;;55.738537;37.66853;"Сайт доступен; запись музея требует проверки"
Музей фокусов и иллюзий;Таганская улица, 40-42 ст6;Музеи;Интерактивные и необычные;Предварительно по названию;http://magic2.ru;;;;55.738681;37.66854;"Сайт доступен; запись музея требует проверки"
Музей футбольного клуба Локомотив;Большая Черкизовская ул., 125, стр. 1, Москва;Музеи;Спорт;Предварительно по названию;;;;+7 (495) 500-31-00;55.80274;37.742031;Справочник: актуальность не проверена
Музей хлеба;Измайловское шоссе, 73ж ст1;Музеи;Быт, ремёсла и гастрономия;Предварительно по названию;http://www.kremlin-izmailovo.com/muzei/muzey-hleba;https://t.me/kremlin_izmailovo;hotel@ulitkino.ru;+7 (495) 215‒54‒37;55.7943;37.749914;"Сайт доступен; запись музея требует проверки"
Музей хлеба;Измайловское ш., 73Ж, Москва;Музеи;Быт, ремёсла и гастрономия;Предварительно по названию;http://www.kremlin-izmailovo.com/muzei/muzey-hleba;https://t.me/kremlin_izmailovo;;+7 (495) 215-54-37;55.794271;37.751823;"Сайт доступен; запись музея требует проверки"
Музей Храма святителя Николая Мирликийского у Соломенной сторожки;Ивановская улица, 3 ст1;Музеи;Религия и духовная культура;Предварительно по названию;http://agios-nicolos.ru;https://t.me/storozhkahram;n.andronova@mail.ru, nik-hram@agios-nicolos.ru, nik-hram@mail.ru;+7 (499) 977‒99‒31, %20+7%20(499)%20977-99-31, %20+7%20(929)%20664-24-21, 8 (916) 929-66-70, +7 (929) 664-24-21, +74999779931, +79296642421, 79169296670;55.81836;37.568437;"Сайт доступен; запись музея требует проверки"
Музей художественного текстиля и костюма РГУ им. А. Н. Косыгина;Малая Калужская ул., 1, Москва;Музеи;Искусство и архитектура;Предварительно по названию;https://kosygin-rgu.ru/vuz/museum/mhtk.aspx?ysclid=lb..;;;+7 (495) 811-01-01;55.719901;37.600765;Справочник: актуальность не проверена
Музей художника Д. Ф. Богородского;Пятницкая ул., 53/18с1, Москва;Музеи;Другие / требуют уточнения;Предварительно по названию;;;;;55.73499;37.627906;Справочник: актуальность не проверена
Музей чизкейка;Кочновский проезд, 4 к2;Музеи;Другие / требуют уточнения;Предварительно по названию;http://feina.ru/cheesecake-museum;;feina.t@yandex.ru;;55.80635;37.545807;Справочник: актуальность не проверена
Музей чизкейка;Кочновский пр., 4, корп. 2, Москва;Музеи;Другие / требуют уточнения;Предварительно по названию;http://feina.ru/;;feina.t@yandex.ru;;55.806403;37.545825;Справочник: актуальность не проверена
Музей шахмат;Гоголевский бульвар, 14 ст1;Музеи;Другие / требуют уточнения;Предварительно по названию;http://centralchessclub.ru;https://t.me/turnirycdsh;info@chessrussian.ru, office@ruchess.ru, turnirycdsh@gmail.com, voronina@ruchess.ru;+7 (495) 212‒06‒13, +7 (495) 691‒97‒55, +7 495 212 06 13, +7 495 149 79 95;55.748127;37.600501;"Сайт доступен; запись музея требует проверки"
Музей шахмат;Гоголевский бул., 14, Москва;Музеи;Другие / требуют уточнения;Предварительно по названию;http://www.ruchess.ru/, https://centralchessclub.ru/;https://t.me/ruchessfed, https://t.me/turnirycdsh;a.tkachev@ruchess.ru, barsky@ruchess.ru, info@chessrussian.ru, nowoselowa.janna@yandex.ru, office@ruchess.ru, pugachev@ruchess.ru, turnirycdsh@gmail.com, voronina@ruchess.ru, vseobuch@ruchess.ru;+7 (495) 212-06-13, +7 495 212 06 13, +7 495 149 79 95;55.748092;37.600522;"Сайт доступен; запись музея требует проверки"
Музей экслибриса и миниатюрной книги;Пушечная улица, 7/5 ст2;Музеи;Другие / требуют уточнения;Предварительно по названию;http://knigoluby.ru;;askibook@gmail.com, askr123@mail.ru, dok_kbr@mail.ru, i_onix@mail.ru, info@antikzone.ru, info@knigoliuby.ru, info@shpl.ru, jaronimasl@takas.lt, karavella-k@planet-a.ru, klimenko1953@yandex.ru, knigolubtamb@rambler.ru, knigoluby@mail.ru, lavkova@yandex.ru, mail@guildbook.ru, n-kameristova@mail.ru, nad.rogozina2013@yandex.ru, parnas@ostafyevomuseum.ru, post@rsl.ru, russianpostcardunion@inbox.ru, sounb@libsmr.ru, vgbil@libfl.ru, vitaliy.gynga@mail.ru, werareg-69@yandex.ru;+7 (495) 621‒82‒21, +7 (495) 621-82-21;55.760862;37.62303;"Сайт доступен; запись музея требует проверки"
Музей экслибриса и миниатюрной книги;Пушечная ул., 7/5с2, Москва;Музеи;Другие / требуют уточнения;Предварительно по названию;http://www.knigoluby.ru/, https://exlibrismuseum.org/, https://lectoriumart.ru/;;info@knigoliuby.ru, info@lectoriumart.ru, knigoluby@mail.ru, n-kameristova@mail.ru;+7 (495) 621-82-21, +74956499958, +79267705148;55.760824;37.622995;"Сайт доступен; запись музея требует проверки"
Музей электронной книги;Большая Черкизовская улица, 4 к1;Музеи;Другие / требуют уточнения;Предварительно по названию;http://museum.rgub.ru, https://museum.rgub.ru/;;museum@rgub.ru;+7 (499) 670‒80‒01, +7 (499) 670-80-01;55.795981;37.718093;"Сайт доступен; запись музея требует проверки"
Музей эмоций;Нижний Сусальный переулок, 5 ст18;Музеи;Интерактивные и необычные;Предварительно по названию;http://museumofemotions.ru/msk;;info@museumofemotions.ru;;55.759047;37.664704;Справочник: актуальность не проверена
Музей эмоций;Нижний Сусальный пер., 5, стр. 18, Москва;Музеи;Интерактивные и необычные;Предварительно по названию;http://museumofemotions.ru/, https://museumofemotions.ru/msk/;;;;55.758974;37.664762;Справочник: актуальность не проверена
Музей Эротики;ул. Новый Арбат, 15, Москва;Музеи;Другие / требуют уточнения;Предварительно по названию;https://tochkag.net/;;support@tochkag.net;8 (800) 302-35-31;55.751844;37.591901;"Сайт доступен; запись музея требует проверки"
Музей этнографических костюмов на куклах;Судостроительная ул., 32, корп. 3, Москва;Музеи;История и культура;Предварительно по названию;;;;;55.68216;37.687646;Справочник: актуальность не проверена
Музей этнокультуры Кореи;ул. Введенского, 32А, Москва;Музеи;Другие / требуют уточнения;Предварительно по названию;http://mus-school1086.ucoz.ru/;;;;55.634933;37.528181;"Сайт доступен; запись музея требует проверки"
Музей Ю. В. Никулина;улица Маросейка, 7/8 ст1;Музеи;Другие / требуют уточнения;Предварительно по названию;http://www.fond-nikulin.ru;;;+7 (495) 628‒44‒11, +74956284411;55.757916;37.633215;"Сайт доступен; запись музея требует проверки"
Музей Ю. В. Никулина;Большой Златоустинский пер., 8, Москва;Музеи;Другие / требуют уточнения;Предварительно по названию;http://fond-nikulin.ru/, https://fond-nikulin.ru/o-muzee;;;+7 (495) 621-81-87, +7 (495) 621-82-50, +7 (495) 628-44-11, +74956284411;55.757873;37.633199;"Сайт доступен; запись музея требует проверки"
Музей Ю.В.Никулина, центр содействия семейному воспитанию;Волгоградский проспект, 169 к2 ст2;Музеи;Другие / требуют уточнения;Предварительно по названию;http://museum.festival15.ru;https://t.me/schoolnikylin_life;;+7 (495) 919‒29‒31;55.704166;37.790795;"Сайт доступен; запись музея требует проверки"
Музей японских автомобилей;Ореховый бул., 22А, Москва;Музеи;Транспорт;Предварительно по названию;;;;;55.612045;37.732718;Справочник: актуальность не проверена
Музей японских автомобилей;Ташкентская ул., 28, стр. 1, Москва;Музеи;Транспорт;Предварительно по названию;;;;;55.698939;37.805835;Справочник: актуальность не проверена
Музей, входной павильон;Дольская ул., 1, стр. 6А, Москва;Музеи;Другие / требуют уточнения;Предварительно по названию;http://www.tsaritsyno-museum.ru/;https://t.me/tsaritsyno_museum;buro_ts@culture.mos.ru, comifo_ts@culture.mos.ru, sport_ts@culture.mos.ru, tsaritsynomuseum@culture.mos.ru, press.tsaritsyno@culture.mos.ru, personal_ts@culture.mos.ru, tsaritsyno@culture.mos.ru, TSMR-Friends@culture.mos.ru, GrishinaEA@culture.mos.ru;+7 (495) 322-44-33, +74953224433, +74953253141, +79015243114, +79260015659, +74953218609;55.615571;37.683977;"Сайт доступен; запись музея требует проверки"
Музей, Международный нумизматический клуб;Большой Афанасьевский переулок, 24;Музеи;История и культура;Предварительно по названию;http://coinmuseum.ru;https://t.me/mnk_museum;info@coinmuseum.ru, pr@coinmuseum.ru;+7 (495) 637‒94‒26, +74956379426;55.74939;37.597435;"Сайт доступен; запись музея требует проверки"
Музей, МПГУ им. М.А. Шолохова;проспект Вернадского, 88;Музеи;Другие / требуют уточнения;Предварительно по названию;http://mpgu.su, http://xn--c1arjr.xn--p1ai/ob-mpgu/muzey-mpgu;https://t.me/mpgu_official, https://t.me/biolife_mpgu, https://t.me/childhoodinstitute, https://t.me/mpguimi, https://t.me/ipp_mpgu_official, https://t.me/doshfak_mpgu;mail@mpgu.su, ia.kurdukov@mpgu.su, ds.andreeva@mpgu.su, zv.kabisova@mpgu.su, ev.kitushina@mpgu.su, de.vasileva@mpgu.su, ok.id@mpgu.su, na.lukinykh@mpgu.su, media@mpgu.su, lv.shevchenko@mpgu.su, da.bokova@mpgu.su, aa.kunitcyn@mpgu.su, gu.selin@mpgu.su, nv.abashkina@mpgu.su, ad.kalmykova@mpgu.su, isgo@mpgu.su, tg.yakusheva@mpgu.su, en.korneva@mpgu.su, irco@mpgu.su, ms.ananin@mpgu.su, aa.demerza@mpgu.su, rk.ramazanov@mpgu.su, vv.batckaleva@mpgu.su, ao.fotova@mpgu.su, aa.filippova@mpgu.su, ov.podmoskovnaya@mpgu.su, db.aslanbekova@mpgu.su, oi.logoida@mpgu.su, sf.priem@mpgu.su, ta.svechinskaya@mpgu.su, ea.korotkaya1@mpgu.su;+7 (499) 400‒02‒48, +7 (999) 278-90-85, +7 (495) 683-16-07, +7 (495) 438-17-81, +7 (926) 454-00-29, +7 (926) 453-00-29, +7 (499) 702-41-41 (доб. 2123), +7 (495) 915-55-33, +7 (965) 250-01-19, +7 (999) 909-10-96, +7 (495) 438-18-21, +7 (925) 561-47-49, +7 (999) 356-49-03, +7 (495) 438-19-07, +7 (495) 438-18-45, +7 (915) 107-10-21, +7 (968) 728-82-20, +7 (909) 973-43-34, +7 (495) 608-20-08, +7 (499) 400-02-48 (доб. 951 или 954), +7 (495) 438-07-81, +7 (499) 246-57-12, +7 (499) 400-02-48 (доб. 917), +7 (86133) 4-26-76, +7 (961) 852-25-95, +7 (928) 525-48-05, +7 (964) 012-11-72, +7 (49243) 6-14-35 (доб. 104), +7 (49243) 6-11-11, +7 (910) 771-79-51, +7 (8652) 52-16-81, +7 (920) 839-80-02;55.657837;37.476794;"Сайт доступен; запись музея требует проверки"
Музей-библиотека им Н.Ф. Фёдорова;Профсоюзная улица, 92;Музеи;Религия и духовная культура;Предварительно по названию;http://nffedorov.ru;https://t.me/biblioteka180;muzejfedorova@yandex.ru;+7 (495) 335‒57‒22;55.648845;37.529002;"Сайт доступен; запись музея требует проверки"
Музей-галерея Е. Евтушенко;ул. Гоголя, 1А, посёлок ДСК Мичуринец;Музеи;Искусство и архитектура;Предварительно по названию;https://taplink.cc/sovr.history, https://www.sovrhistory.ru/;https://t.me/sovrhistory;buro@sovrhistory.ru, museum@sovrhistory.ru, pr.sovr@yandex.ru, kr-presnya@sovrhistory.ru, Sadovnicheskaya@sovrhistory.ru, galereya@sovrhistory.ru, Podpolye@sovrhistory.ru, katyn-memorial@mail.ru, mednoe@sovrhistory.ru;+7 (495) 590-83-56, +7 (495) 699-09-74, +7 (495) 699-52-17, +7 (495) 699-54-58, +74956996724, +74992523035, +74956997418, +74955908356, +74992516943, +74812305642, Экскурсионное бюро;55.653351;37.326299;"Сайт доступен; запись музея требует проверки"
Музей-заповедник Измайлово, выставочный зал;Городок им. Баумана, 2 ст13;Музеи;История и культура;Предварительно по названию;http://mgomz.ru;https://t.me/kolomenskoe_moscow;;+7 (499) 163‒33‒05, +7 (499) 165‒09‒72, +7 (499) 165‒12‒36, +7 (499) 614‒20‒83;55.792709;37.763282;"Сайт доступен; запись музея требует проверки"
Музей-заповедник Коломенское;просп. Андропова, 39, Москва;Музеи;История и культура;Предварительно по названию;https://www.mgomz.ru/;https://t.me/kolomenskoe_moscow;;+7 (499) 614-88-80;55.66765;37.670862;"Сайт доступен; запись музея требует проверки"
Музей-заповедник Кусково;ул. Юности, 2, Москва;Музеи;История и культура;Предварительно по названию;https://kuskovo.ru/;https://t.me/kuskovo_museum;zakaz@kuskovo.ru, museum_kuskovo@mail.ru, pr@kuskovo.ru, AvdoninSV@culture.mos.ru, OvchinnikovaOA1@culture.mos.ru, GrigorevaEY@culture.mos.ru, EreminaOI1@culture.mos.ru, GribovaIM@culture.mos.ru, KovalskayaEB@culture.mos.ru, OsipovaNP1@culture.mos.ru, SemchenkoSA@culture.mos.ru;+7 (495) 370-01-50, +7 (495) 375-31-31, %0A+74953753131%0A, +74953753131;55.736941;37.80913;"Сайт доступен; запись музея требует проверки"
Музей-заповедник Царицыно, Оперный дом;Дольская ул., 1, стр. 5, Москва;Музеи;История и культура;Предварительно по названию;http://tsaritsyno-museum.ru/, http://tsaritsyno-museum.ru/park/locations/opernyj-dom/, http://tsaritsyno-museum.ru/the_museum;https://t.me/tsaritsyno_museum;buro_ts@culture.mos.ru, comifo_ts@culture.mos.ru, sport_ts@culture.mos.ru, tsaritsynomuseum@culture.mos.ru, press.tsaritsyno@culture.mos.ru, personal_ts@culture.mos.ru, tsaritsyno@culture.mos.ru, TSMR-Friends@culture.mos.ru, GrishinaEA@culture.mos.ru;+7 (495) 322-44-33, +74953224433, +74953253141, +79015243114, +79260015659, +74953218609;55.614603;37.680428;"Сайт доступен; запись музея требует проверки"
Музей-заповедник, усадьба Лефортово;Красноказарменная ул., 1, стр. 2, Москва;Музеи;Военная история, История и культура;Предварительно по названию;;;;;55.761033;37.689182;Справочник: актуальность не проверена
Музей-квартира А. Б. Гольденвейзера;Тверской бул., 28/17, Москва;Музеи-квартиры;Другие / требуют уточнения;Предварительно по названию;https://music-museum.ru/;https://t.me/musicmuseum_ru;chaikovsky@music-museum.ru, goldenveizer@music-museum.ru, golovanov@music-museum.ru, info@music-museum.ru, odilar@music-museum.ru, prokofiev@music-museum.ru, shalyapin@music-museum.ru;+7 (495) 605-65-15, +7 (495) 605-65-15 (доб. 1140), +7 (495) 605-65-15 (доб. 1120), +7 (495) 605-65-15 (доб. 1156), +7 (495) 605-65-15 (доб. 1166), +7 (495) 605-65-15 (доб. 1172), +7 (495) 605-65-15 (доб. 1176), +7 (495) 605-65-15 (доб. 1174);55.763536;37.606589;"Сайт доступен; запись музея требует проверки"
Музей-квартира А. И. Солженицына;Тверская ул., 12, стр. 8, Москва;Музеи-квартиры;Писатели и литература;Предварительно по названию;https://www.domrz.ru/solzhenitsyn-museum;https://t.me/domrz;domimsolzhenitsina@culture.mos.ru, TRCY-prdomrz@culture.mos.ru;+7 (495) 692-04-01, +74951378387, +74951378408, +74951378390, +74951378384, +74951378402, +74951378401, +74951378356;55.763763;37.60932;"Сайт доступен; запись музея требует проверки"
Музей-квартира А. М. Васнецова;Фурманный переулок, 6;Музеи-квартиры;Искусство и архитектура;Предварительно по названию;;https://t.me/gt_gallery;fundraising@tretyakov.ru;+7 (495) 608‒90‒45;55.763875;37.648711;Справочник: актуальность не проверена
Музей-квартира А. Н. Толстого;улица Спиридоновка, 2 ст1;Музеи-квартиры;Другие / требуют уточнения;Предварительно по названию;http://goslitmuz.ru, https://goslitmuz.ru/, https://goslitmuz.ru/museums/muzey-kvartira-a-n-tolstogo/;https://t.me/literaturemuseum, https://t.me/arkamarka_centre, https://t.me/calendar_kids;ex@goslitmuz.ru, kniga@goslitmuz.ru, arkamarka@goslitmuz.ru;+7 (495) 690‒09‒56, +7 (495) 695-53-08;55.75859;37.596746;"Сайт доступен; запись музея требует проверки"
Музей-квартира А.Б. Гольденвейзера;Тверская улица, 17;Музеи-квартиры;Другие / требуют уточнения;Предварительно по названию;http://music-museum.ru;https://t.me/musicmuseum_ru;chaikovsky@music-museum.ru, email@test.com, goldenveizer@music-museum.ru, golovanov@music-museum.ru, info@music-museum.ru, odilar@music-museum.ru, prokofiev@music-museum.ru, shalyapin@music-museum.ru;+7 (495) 605‒65‒15, +7 (495) 605-65-15, +7 (495) 605-65-15 (доб. 1140), +7 (495) 605-65-15 (доб. 1120), +7 (495) 605-65-15 (доб. 1156), +7 (495) 605-65-15 (доб. 1166), +7 (495) 605-65-15 (доб. 1172), +7 (495) 605-65-15 (доб. 1176), +7 (495) 605-65-15 (доб. 1174);55.764161;37.60564;"Сайт доступен; запись музея требует проверки"
Музей-квартира А.М. Горького;улица Поварская, 25а ст1;Музеи-квартиры;Другие / требуют уточнения;Предварительно по названию;http://museum.imli.ru;https://t.me/osobnyak_ryabushinskogo;muz@imli.ru, tickets-imli@yandex.ru;+7 (495) 690‒05‒35, +7 (495) 690‒51‒30, +7 (495) 697‒32‒41, +7(495)690-05-35;55.755927;37.589324;"Сайт доступен; запись музея требует проверки"
Музей-квартира А.М. Горького;Малая Никитская улица, 6/2 ст5;Музеи-квартиры;Другие / требуют уточнения;Предварительно по названию;http://museum.imli.ru;https://t.me/osobnyak_ryabushinskogo;muz@imli.ru, tickets-imli@yandex.ru;+7 (495) 690‒05‒35, +7 (495) 690‒51‒30, +7 (495) 697‒32‒41, +7(495)690-05-35;55.758146;37.596395;"Сайт доступен; запись музея требует проверки"
Музей-квартира А.М. Горького;Малая Никитская ул., 6/2с5, Москва;Музеи-квартиры;Другие / требуют уточнения;Предварительно по названию;http://museum.imli.ru/;https://t.me/osobnyak_ryabushinskogo;muz@imli.ru, tickets-imli@yandex.ru;+7 (495) 690-05-35, +7 (495) 697-32-41, +7(495)690-05-35;55.758149;37.596422;"Сайт доступен; запись музея требует проверки"
Музей-квартира А.С. Пушкина;улица Арбат, 53 ст1;Музеи-квартиры;Писатели и литература;Предварительно по названию;http://pushkinmuseum.ru, http://kvartira-belogo.guru.ru/, http://www.pushkinmuseum.ru/, http://www.pushkinmuseum.ru/?q=content/memorialnaya-kvartira-pushkina-na-arbate, http://www.pushkinmuseum.ru/?q=node/4;https://t.me/pushkin_museum;dolohova.julia@mail.ru, info@a-s-pushkinmus.ru, otdelkadrovgmp@mail.ru, presspr@pushkinmuseum.ru, pushkinmus@culture.mos, support@pushkinmuseum.ru, username@yourmail.ru, %20pushkinmus@culture.mos.ru, DolokhovaYV@culture.mos.ru;+7 (499) 241‒92‒95, +7 (495) 637-56-74, +7 (499) 241-92-95;55.747581;37.58599;"Сайт доступен; запись музея требует проверки"
Музей-квартира академика Н.Д. Зелинского;Никитский переулок, 2;Музеи-квартиры;Другие / требуют уточнения;Предварительно по названию;http://um.mos.ru/houses/kvartira_v_kotoroy_zhil_zelinskiy_nikolay_dmitrievich_v_1893_1911_i_1917_1950_gg_v_kvartire_memorial;https://t.me/ummosru;a.sirbiladze@digital-sector.ru, ada@exler.ru, admin@admin.com, aglaya75@gmail.com, anlevova@mail.ru, anton_chernov@list.ru, barbaraska@rambler.ru, denis@uds.media, dkulikova@bk.ru, fifa24785@gmail.com, gelya.orlova.06@bk.ru, gleb254611@yandex.by, jgugusya@gmail.com, konstantin@normalidongell.ru, kseniy-kovalevskay@yandex.ru, love_1497@mail.ru, mkorotkaya971@gmail.com, noc@arboost.com, olga.solodennikova@yandex.ru, project@kotoroy.net, sergey18@mail.ru, sharro@yandex.ru, shelgeka@inbox.ru, shrilotos@gmail.com, snowque3nqueen@yandex.ru, spacebarella@gmail.com, strelkova-tana@mail.ru, svetlana_702@mail.ru, u003eum.info@mos.ru, um_content@notamedia.ru, um.info@mos.ru, vv170619@yandex.ru;+7 (495) 629‒72‒12;55.756933;37.610347;"Сайт доступен; запись музея требует проверки"
Музей-квартира Александра Солженицына;Тверская улица, 12 ст8;Музеи-квартиры;Писатели и литература;Предварительно по названию;http://domrz.ru;https://t.me/domrz;info@bfrz.ru, domimsolzhenitsina@culture.mos.ru, TRCY-prdomrz@culture.mos.ru;+7 (495) 692‒04‒01, +74951378387, +74951378408, +74951378390, +74951378384, +74951378402, +74951378401, +74951378356;55.76375;37.609433;"Сайт доступен; запись музея требует проверки"
Музей-квартира В. И. Немировича-Данченко;Глинищевский переулок, 5/7;Музеи-квартиры;Другие / требуют уточнения;Предварительно по названию;http://museummhat.ru;https://t.me/museummhat;a.s.knyazeva@museummhat.ru, arhiv@museummhat.ru, d.v.kozhevnikova@museummhat.ru, e.a.peterson@museummhat.ru, info@museummhat.ru, k.b.kerber@museummhat.ru, ks@museummhat.ru, m.a.drobysheva@museummhat.ru, nd@museummhat.ru, news@museummhat.ru, o.a.agushina@museummhat.ru, r.v.ermoshin@museummhat.ru;+7 (495) 650‒53‒91, +79863407116, +74956925187, +74956923866, +7;55.763764;37.611149;"Сайт доступен; запись музея требует проверки"
Музей-квартира В. Н. Плучека;Большая Бронная улица, 2/6;Музеи-квартиры;Другие / требуют уточнения;Предварительно по названию;http://rutube.ru/channel/23745556/, http://www.gctm.ru;https://t.me/bakhrushinmuseum, https://t.me/rutube;qluqua@gmail.com;+7 (499) 484‒77‒77, +7 /499/ 484-77-77;55.759996;37.597562;"Сайт доступен; запись музея требует проверки"
Музей-квартира В.Э. Мейерхольда;Брюсов переулок, 12;Музеи-квартиры;Музыка, театр и кино;Предварительно по названию;http://www.gctm.ru;https://t.me/bakhrushinmuseum;qluqua@gmail.com;+7 (499) 484‒77‒77, +7 /499/ 484-77-77;55.760105;37.609975;"Сайт доступен; запись музея требует проверки"
Музей-квартира Г. С. Улановой;Котельническая набережная, 1/15 к Б;Музеи-квартиры;Другие / требуют уточнения;Предварительно по названию;http://gctm.ru/posetitelyam/muzey-kvartira-g-s-ulanovoy/, http://www.gctm.ru;https://t.me/bakhrushinmuseum;qluqua@gmail.com;+7 (499) 484‒77‒77, +7 /499/ 484-77-77;55.747168;37.642748;"Сайт доступен; запись музея требует проверки"
Музей-квартира Е. Ф. Гнесиной;Поварская ул., 30-36с1, Москва;Музеи-квартиры;Музыка, театр и кино;Предварительно по названию;http://gnesina-museum.com/, https://gnesin-academy.ru/sveden/struct/memorialnyj-muzej-kvartiry-el-f-gnes/;https://t.me/gnesinacademy;bvi@isvek.ru, mailbox@gnesin-academy.ru, museum@gnesin-academy.ru, priem@gnesin-academy.ru, press@gnesin-academy.ru, gmu@gnesin.ru, gime@gnesin-academy.ru, music-school@gnesin-academy.ru, licei@gnesin-academy.ru, podotdel@gnesin-academy.ru, fpk@gnesin-academy.ru, crtk@gnesin-academy.ru, umu@gnesin-academy.ru, indekanat@gnesin-academy.ru, rambuch@gnesin-academy.ru, spravki@gnesin-academy.ru, legal.hr.docs@gnesin-academy.ru, dispatcher@gnesin-academy.ru, library@gnesin-academy.ru, obshezhitie@gnesin-academy.ru, doctor@gnesin-academy.ru, m.oblezova@gnesin-academy.ru, manager@gnesin-academy.ru, golubenko@gnesin-academy.ru, d.bulycheva@gnesin-academy.ru, v.grohovskiy@gnesin-academy.ru, t.naumenko@gnesin-academy.ru, zhyravlevvv@gnesin-academy.ru;+7 (495) 690-45-05, +74956904505, +74956911554, +79036794891, +7, +74956906963, +74956913104, +74959535880, +74956910269, +74991950389, +79637171598, +74956912769, +79162890518, +74956904837, +74956912496, +79037080748, +74956911581, +74956916290, +74956976496, +74991954408, +74956913088, +74956912303, +79637582927, +74956902422, +74001900, +74956911634, +74956913114, +74956913080, +74956916642;55.755699;37.591431;"Сайт доступен; запись музея требует проверки"
Музей-квартира Е.Б. Вахтангова;Денежный пер., 12, Москва;Музеи-квартиры;Музыка, театр и кино;Предварительно по названию;http://www.vakhtangov.ru/shows/muzeukvartira;https://t.me/vakhtangov_theatre;krok@vakhtangov.ru, shuliev@vakhtangov.ru, obrezkov@vakhtangov.ru, mail@vakhtangov.ru, prokhorov@vakhtangov.ru, chumak@vakhtangov.ru, lgv@vakhtangov.ru, abg@vakhtangov.ru, usachev@vakhtangov.ru, nikitin@vakhtangov.ru, borisova@vakhtangov.ru, belov@vakhtangov.ru, ek_teatr@mail.ru, khaustova@vakhtangov.ru, peshkova@vakhtangov.ru, sutyka@vakhtangov.ru, voropaeva@vakhtangov.ru, frolenko@vakhtangov.ru, trubochkin@vakhtangov.ru, dunaeva@vakhtangov.ru, korablina@vakhtangov.ru, ignatov.tp@gmail.com, dovgan@vakhtangov.ru, bazanov@vakhtangov.ru, ivanov.kirill@vakhtangov.ru, barannikov@vakhtangov.ru, nazimov@vakhtangov.ru, a.ivanov@vakhtangov.ru, sound@vakhtangov.ru, kalyavina@vakhtangov.ru, travina@vakhtangov.ru, istratova@vakhtangov.ru, leontovich@vakhtangov.ru, VahVideo@yandex.ru, o.makarov@vakhtangov.ru, kuznetsova@vakhtangov.ru, dergacheva@vakhtangov.ru, archive@vakhtangov.ru, myasnikov@vakhtangov.ru, karsakova@vakhtangov.ru, mekhtieva@vakhtangov.ru, dmitrieva@vakhtangov.ru, ticket@vakhtangov.ru, g.gupanova@vakhtangov.ru, goncharenko@vakhtangov.ru, krylova@vakhtangov.ru, burundukov@vakhtangov.ru, fedyaev@vakhtangov.ru, kazantsev@vakhtangov.ru, snab@vakhtangov.ru, korsakova@vakhtangov.ru, gorozhanin@vakhtangov.ru, oks@vakhtangov.ru;+7 (499) 241-07-77, +7 (499) 241-08-21, +7 (499) 241-09-28, +7 (499) 241-10-89, +7 (499) 241-10-96, +7 (499) 241-15-76, +7 (499) 241-16-51, +7 (499) 241-16-79, +7 (499) 241-16-93, +7 (499) 241-17-59, +7 (499) 241-18-93, +7 (499) 241-18-96, +7 (499) 241-19-73, +7 (499) 241-20-80, +7 (499) 241-21-58, +7 (499) 241-28-68, +7 (499) 241-37-65, +7 (499) 241-98-25, +7 (499) 795-12-09, +74992411679;55.743446;37.587985;"Сайт доступен; запись музея требует проверки"
Музей-квартира И. Д. Сытина;Тверская улица, 12 ст2;Музеи-квартиры;Другие / требуют уточнения;Предварительно по названию;http://sytin-museum.ru, http://sytin-museum.ru/;https://t.me/sytin_museum;integratsia@culture.mos, metod.integration@culture.mos, museum.integratsia@culture.mos;+7 (495) 629‒49‒20, +7 (495) 629‒64‒42, +7 (495) 629‒85‒52, +7 (495) 629-49-20, +7 (495) 629-64-42, +7 (495) 629-85-52;55.763796;37.607243;Справочник: актуальность не проверена
Музей-квартира им. Е. Вахтангова;Денежный переулок, 12;Музеи-квартиры;Музыка, театр и кино;Предварительно по названию;http://vakhtangov.ru;https://t.me/vakhtangov_theatre;krok@vakhtangov.ru, shuliev@vakhtangov.ru, obrezkov@vakhtangov.ru, mail@vakhtangov.ru, prokhorov@vakhtangov.ru, chumak@vakhtangov.ru, lgv@vakhtangov.ru, abg@vakhtangov.ru, usachev@vakhtangov.ru, nikitin@vakhtangov.ru, borisova@vakhtangov.ru, belov@vakhtangov.ru, ek_teatr@mail.ru, khaustova@vakhtangov.ru, peshkova@vakhtangov.ru, sutyka@vakhtangov.ru, voropaeva@vakhtangov.ru, frolenko@vakhtangov.ru, trubochkin@vakhtangov.ru, dunaeva@vakhtangov.ru, korablina@vakhtangov.ru, ignatov.tp@gmail.com, dovgan@vakhtangov.ru, bazanov@vakhtangov.ru, ivanov.kirill@vakhtangov.ru, barannikov@vakhtangov.ru, nazimov@vakhtangov.ru, a.ivanov@vakhtangov.ru, sound@vakhtangov.ru, kalyavina@vakhtangov.ru, travina@vakhtangov.ru, istratova@vakhtangov.ru, leontovich@vakhtangov.ru, VahVideo@yandex.ru, o.makarov@vakhtangov.ru, kuznetsova@vakhtangov.ru, dergacheva@vakhtangov.ru, archive@vakhtangov.ru, myasnikov@vakhtangov.ru, karsakova@vakhtangov.ru, mekhtieva@vakhtangov.ru, dmitrieva@vakhtangov.ru, ticket@vakhtangov.ru, g.gupanova@vakhtangov.ru, goncharenko@vakhtangov.ru, krylova@vakhtangov.ru, burundukov@vakhtangov.ru, fedyaev@vakhtangov.ru, kazantsev@vakhtangov.ru, snab@vakhtangov.ru, korsakova@vakhtangov.ru, gorozhanin@vakhtangov.ru, oks@vakhtangov.ru;+7 (499) 241‒16‒79, +7 (499) 241‒19‒29, +7 (499) 241‒98‒25, +74992411679;55.743761;37.587881;"Сайт доступен; запись музея требует проверки"
Музей-квартира М.М. Плисецкой;Тверская улица, 25/9;Музеи-квартиры;Музыка, театр и кино;Предварительно по названию;http://www.bakhrushinmuseum.ru, http://www.bakhrushinmuseum.ru/branch/dmp, http://www.gctm.ru/;https://t.me/bakhrushinmuseum;dilyarsb@yandex.ru, intranet@bakhrushinmuseum.ru, irina-g@gctm.ru, qluqua@gmail.com;+7 (499) 484‒77‒77, +7 (499) 484-77-77, +7 /499/ 484-77-77;55.767138;37.600413;"Сайт доступен; запись музея требует проверки"
Музей-квартира Н.С. Голованова;Брюсов переулок, 7;Музеи-квартиры;Музыка, театр и кино;Предварительно по названию;http://music-museum.ru;https://t.me/musicmuseum_ru;chaikovsky@music-museum.ru, email@test.com, goldenveizer@music-museum.ru, golovanov@music-museum.ru, info@music-museum.ru, odilar@music-museum.ru, prokofiev@music-museum.ru, shalyapin@music-museum.ru;+7 (495) 605‒65‒15, +7 (495) 605-65-15, +7 (495) 605-65-15 (доб. 1140), +7 (495) 605-65-15 (доб. 1120), +7 (495) 605-65-15 (доб. 1156), +7 (495) 605-65-15 (доб. 1166), +7 (495) 605-65-15 (доб. 1172), +7 (495) 605-65-15 (доб. 1176), +7 (495) 605-65-15 (доб. 1174);55.758136;37.605831;"Сайт доступен; запись музея требует проверки"
Музей-квартира Народных артистов СССР Б.М. Тенина и Л.П. Сухаревской, филиал ЦНБ СТД РФ;Большая Никитская ул., 49, Москва;Музеи-квартиры;История и культура;Предварительно по названию;http://librarystd.ru/;https://t.me/theatre_library;noreply@librarystd.ru, sbocnbstd@mail.ru, sidorenko.mila@yandex.ru;+7 (495) 629-09-13;55.757476;37.58896;"Сайт доступен; запись музея требует проверки"
Музей-мастерская 1000 топоров;1-й Красносельский пер., 9А, Москва;Музеи;Другие / требуют уточнения;Предварительно по названию;https://rubankov.ru/museum/;;museum@rubankov.ru, salameh@yandex.ru;88005555594, +79690756817, +79650632640;55.785619;37.66734;"Сайт доступен; запись музея требует проверки"
Музей-мастерская А.С. Голубкиной;Большой Лёвшинский пер., 12, стр. 1, Москва;Музеи;Музыка, театр и кино;Предварительно по названию;http://small_museums_near.tretyakovgallery.ru/golubkina, http://tretyakov.ru/, http://www.tretyakovgallery.ru/about/contacts/, http://www.tretyakovgallery.ru/for-visitors/museums/muzey-masterskaya-a-s-golubkinoy/, http://www.tretyakovgallery.ru/ru/visitors/address/golubkina/, https://www.tretyakovgallery.ru/, https://www.tretyakovgallery.ru/for;;;+7 (495) 957-07-27, +7 (495) 957-07-27 (колл-центр), +7 (929) 515-82-94 (музей);55.74166;37.58595;"Сайт доступен; запись музея требует проверки"
Музей-мастерская Зураба Церетели;улица Лермонтова, 1;Музеи;Искусство и архитектура;Предварительно по названию;http://mmoma.ru;https://t.me/mmoma;guide@mmoma.ru, hello@rukav.space, mmoma@culture.mos, sansieva@mmoma.ru, studio@mmoma.ru, u003eguide@mmoma.ru, vasilenko@youngart.ru, mmoma@culture.mos.ru, research@mmoma.ru, andrew@mmoma.ru, secretary@mmoma.ru, info@mmoma.ru, VasilevaVV5@culture.mos.ru, pr@mmoma.ru, development@mmoma.ru, education@mmoma.ru, sidurmuseum@mmoma.ru, nalbandyan@mmoma.ru, DegtyarevaNS1@culture.mos.ru, freeworkshops@mmoma.ru, cadre@mmoma.ru, library@mmoma.ru, urist@mmoma.ru, tv@mmoma.ru;+7 (495) 777‒48‒59, +7 (495) 691-47-56, +74956507521, +7(495)6998052, +74956946375, +74956500563, +7 495 691 44 74, +7 495 690 68 70, +74956500578, +74959185181, +74956507490, +74956507504, +74956507358, +74956998052, +74956994880, +74956997991, +74992403146, +7 495 699 80 52;55.650394;37.323588;"Сайт доступен; запись музея требует проверки"
Музей-мастерская Людмилы Гурченко;Трёхпрудный переулок, 11/13 ст1;Музеи;Другие / требуют уточнения;Предварительно по названию;http://gurchenko.ru;;muzeygurchenko@mail.ru;;55.765445;37.594514;"Сайт доступен; запись музея требует проверки"
Музей-мастерская Людмилы Гурченко;Большой Козихинский пер., 30, Москва;Музеи;Другие / требуют уточнения;Предварительно по названию;http://www.gurchenko.ru/;;;;55.765432;37.594396;"Сайт доступен; запись музея требует проверки"
Музей-мастерская народного художника СССР Д.А. Налбандяна;Тверская улица, 8 к2;Музеи;История и культура;Предварительно по названию;http://www.mmoma.ru, http://mmoma.ru/, http://moscowmanege.ru/;https://t.me/mmoma;hello@rukav.space, mmoma@culture.mos, sansieva@mmoma.ru, studio@mmoma.ru, vasilenko@youngart.ru, info@moscowmanege.ru, mmoma@culture.mos.ru, moscowmanege@culture.mos.ru, priemnaja@culture.mos.ru, research@mmoma.ru, andrew@mmoma.ru, secretary@mmoma.ru, info@mmoma.ru, VasilevaVV5@culture.mos.ru, pr@mmoma.ru, development@mmoma.ru, education@mmoma.ru, sidurmuseum@mmoma.ru, nalbandyan@mmoma.ru, DegtyarevaNS1@culture.mos.ru, freeworkshops@mmoma.ru, cadre@mmoma.ru, library@mmoma.ru, urist@mmoma.ru, tv@mmoma.ru;+7 (495) 629‒28‒72, +7 (495) 690‒68‒70, +7 (495) 629-28-72, +7 (495) 690-68-70, +7 (495) 691-47-56, +74956507521, +7(495)6998052, +74956946375, +74956500563, +7 495 691 44 74, +7 495 690 68 70, +74956500578, +74959185181, +74956507490, +74956507504, +74956507358, +74956998052, +74956994880, +74956997991, +74992403146, +7 495 699 80 52;55.762601;37.610668;"Сайт доступен; запись музея требует проверки"
Музей-панорама Бородинская битва;Кутузовский просп., 38, стр. 1, Москва;Музеи;Другие / требуют уточнения;Предварительно по названию;http://1812panorama.ru/;https://t.me/panorama1812;;+7 (499) 148-19-27, +7 (499) 148-19-67;55.738752;37.523187;"Сайт доступен; запись музея требует проверки"
Музей-студия головоломок;Багратионовский проезд, 7 к3;Музеи;Другие / требуют уточнения;Предварительно по названию;http://www.puzzlemuseum.ru;;master@puzzlemuseum.ru;+7 (495) 768‒82‒73;55.742105;37.504247;"Сайт доступен; запись музея требует проверки"
Музей-студия головоломок;Багратионовский пр., 7, корп. 3, Москва;Музеи;Другие / требуют уточнения;Предварительно по названию;;;;;55.742175;37.504499;Справочник: актуальность не проверена
Музей-театр Булгаковский дом;Большая Садовая ул., 10, Москва;Музеи;Писатели и литература, Музыка, театр и кино;Предварительно по названию;http://dombulgakova.ru/;https://t.me/theatre_bulgakova;info@dombulgakova.ru, zakaz@dombulgakova.ru, consultant@dombulgakova.ru, expo@dombulgakova.ru;+7 (495) 108-51-85, +7 (495) 775-94-61, +74959700619, +74957759461, +7%20495%20970%200619, +79169183743, +79032603013;55.767176;37.593735;"Сайт доступен; запись музея требует проверки"
Музей-театр русской игрушки;Измайловское шоссе, 73ж ст1;Музеи;Музыка, театр и кино, Быт, ремёсла и гастрономия;Предварительно по названию;http://kremlin-izmailovo.com;https://t.me/kremlin_izmailovo;;+7 (495) 215‒54‒37;55.7943;37.749914;"Сайт доступен; запись музея требует проверки"
Музей-усадьба Кузьминки;ул. Старые Кузьминки, 1, Москва;Музеи;История и культура;Предварительно по названию;http://kuzminki-msk.ru/;;;+7 (495) 657-65-84;55.689529;37.789157;Справочник: актуальность не проверена
Музей-усадьба Люблино;Летняя ул., 1, стр. 1, Москва;Музеи;История и культура;Предварительно по названию;https://lublino-palace.ru/, https://park-kuzminki.ru/;https://t.me/kuzminki_lublino;parkkuzminki@culture.mos.ru, zakaz@park-kuzminki.ru;+7 (495) 350-15-53, +7 (499) 722-71-89, +7 (499) 786-40-63, +74991753369, 8 (925) 000-16-36, 8 (495) 350-15-53, +7 (499) 175-33-69, +7 (495) 291-70-53;55.688039;37.742582;"Сайт доступен; запись музея требует проверки"
Музей-усадьба Муравьёвых-Апостолов;Старая Басманная ул., 23/9с1, Москва;Музеи;История и культура;Предварительно по названию;https://mahm.ru/;https://t.me/mouravieffapostol;m-apostolhouse@ya.ru;, +7 (916) 471-43-37, +7 (916) 471 43 37, +7 916 471-43-37, +7 916 518-47-25;55.767284;37.66459;"Сайт доступен; запись музея требует проверки"
Музей-фабрика ёлочных игрушек;Большая Семёновская ул., 11, стр. 4, Москва;Музеи;Быт, ремёсла и гастрономия;Предварительно по названию;http://31-12.рф/;;santamuseum@gmail.com;+7 (499) 444-31-12;55.78318;37.702473;"Сайт доступен; запись музея требует проверки"
Музей-храм Святителя Николая в Толмачах;Малый Толмачёвский переулок, 9;Музеи;Религия и духовная культура;Предварительно по названию;http://hramvtolmachah.ru/index.php;;contact@sinfo-mp.ru, hramgtg@yandex.ru;+7 (495) 957‒07‒81;55.740886;37.620319;"Сайт доступен; запись музея требует проверки"
Музейная усадьба кузнеца;просп. Андропова, 39, стр. 75, Москва;Музеи;История и культура;Предварительно по названию;https://www.mgomz.ru/, https://www.mgomz.ru/ru;https://t.me/kolomenskoe_moscow;;+7 (499) 614-88-80, +7 (499) 615-27-68;55.674815;37.671272;"Сайт доступен; запись музея требует проверки"
Музейно-выставочное объединение Манеж, Гостиный двор;ул. Ильинка, 4, Москва;Музеи;Другие / требуют уточнения;Предварительно по названию;http://moscowmanege.ru/, http://moscowmanege.ru/onlajn-zanyatiya-masterskaya-knigi-v-ramkax-proekta-detskij-manezh-2/, http://moscowmanege.ru/ru/o-ploshhadke-gostinyj-dvor/, http://moscowmanege.ru/tvorcheskaya-vstrecha-s-rezhis..;;info@moscowmanege.ru, m.nemchina@moscowmanege.ru, moscowmanege@culture.mos.ru, pr.manege@culture.mos.ru, pr.manege@gmail.com, priemnaja@culture.mos.ru, varvara.gladkaya@gmail.com;;55.75291;37.627667;"Сайт доступен; запись музея требует проверки"
Музейно-выставочный комплекс истории государственной службы;просп. Мира, 119, стр. 71, Москва;Музеи;История и культура;Предварительно по названию;;;;;55.829968;37.633789;Справочник: актуальность не проверена
Музейно-выставочный комплекс Московского авиационного института;Волоколамское ш., 4, Москва;Музеи;Транспорт;Предварительно по названию;https://mai.ru/;https://t.me/maiuniversity, https://t.me/maiuniversity_schedule_bot, https://t.me/karsaeff, https://t.me/irinaakorotkova, https://t.me/nadezhda_terentyeva;mai@mai.ru, nadezda2589@gmail.com;+7 (499) 158-00-02, +7 (499) 158-43-33, +7 (499) 158-49-52, +7 (499) 158-58-70, +74991101671, +74991589209, +74991582571, +74991584273, +74991584551, +74991580027, +74991584043, +74991584691, +74991584354, +74991584659, +74991584912, +74991584403, +74991584390, +749915843960, +74991585521, +74991589725, 84991584526, +79161361324;55.811707;37.502431;"Сайт доступен; запись музея требует проверки"
Музейно-выставочный комплекс Музейно-выставочного объединения Российской академии художеств;ул. Пречистенка, 19/11с2, Москва;Музеи;Искусство и архитектура;Предварительно по названию;http://rah.ru/;https://t.me/rah1757;galinabol@rah.ru, gid.tsereteli@yandex.ru, kanz@rah.ru, melashvili.n@rah.ru, rah1757@yandex.ru, takochemasova@mail.ru, nmukhina@yandex.ru, sun.f@rah.ru, it23@mail.ru, art-rah@mail.ru, olgavlasova.rah@yandex.ru, ngrigorieva@rah.ru, podisova.m@rah.ru, boytsova.rah@mail.ru, decorative_art@rah.ru, dolmatova13@gmail.com, region@rah.ru, info@rahusdv.ru, sergey_oleshnya@mail.ru, protokolrah@yandex.ru, povarova.o@rah.ru, planexhibition@gmail.com, innoart@mail.ru, nii-arts@yandex.ru, troxi60@yandex.ru, obr.rah@rah.ru, Archive@rah.ru, librah@list.ru, plan@rah.ru, torgi@rah.ru, aparinov.r@rah.ru, obr@rah.ru;+7 (495) 637-58-40;55.74117;37.593618;"Сайт доступен; запись музея требует проверки"
Музейно-выставочный центр национальной микроэлектроники им. А.И. Шокина;площадь Шокина, 2 ст3;Музеи;Другие / требуют уточнения;Предварительно по названию;http://computer-museum.ru, http://museum.angstrem.ru;;a.timoshenko@restart.center, aynitussov@gmail.com, balakirev1949@yandex.ru, boris@malashevich.ru, chachin@pcweek.ru, chergeneral@gmail.com, cora@iis.nsk, e.proydakov@yandex.ru, egorov.gennadiy@gmail.com, juliev@cs.msu, kitov.va@rea.ru, kvs_kvs@mail.ru, ladabahtina@gmail.com, ladyginii@mail.ru, lmp49@yandex.ru, lucy1901@mail.ru, mak@ispras.ru, mesmolevitskaya@polymus.ru, museum@angstrem.ru, ninka51@inbox.ru, nitussov@hotmail.com, olga-il314@mail.ru, oxana_web@yahoo.com, poletaevass@angstrem.ru, ramil@cs.msu, shurupovaao@angstrem.ru, skbvt@ellink.ru, sterev@yahoo.com, valery-54@yandex.ru, vkey140@yandex.ru, yuripolak@yandex.ru, Lucy1901@mail.ru;+7 (499) 720‒20‒28, +7 (499) 720‒80‒46;55.981857;37.21369;"Сайт доступен; запись музея требует проверки"
Музейно-производственный комплекс паровозного депо Подмосковная;2-й Амбулаторный пр., 8А, Москва;Музеи;Другие / требуют уточнения;Предварительно по названию;;;;+7 (499) 266-86-02;55.814113;37.527822;Справочник: актуальность не проверена
Музейно-просветительный центр МЧС России;Большая Филёвская ул., 22, Москва;Музеи;Другие / требуют уточнения;Предварительно по названию;;;;;55.741851;37.471118;Справочник: актуальность не проверена
Музейный комплекс Боевой славы гвардейцев-панфиловцев;Зеленоград, к142;Музеи;Военная история;Предварительно по названию;;;;;56.005848;37.211821;Справочник: актуальность не проверена
Музейный комплекс радиоэлектроники;Рязанский просп., 8, стр. 2, Москва;Музеи;Другие / требуют уточнения;Предварительно по названию;http://rrl-museum.cqham.ru/;;3ara3as@yandex.ru, ra3as@yandex.ru, ua3ajt@mail.ru;;55.726618;37.755433;"Сайт доступен; запись музея требует проверки"
Музейный центр Московский дом Достоевского;ул. Достоевского, 2, Москва;Музеи;Писатели и литература;Предварительно по названию;http://goslitmuz.ru/, http://goslitmuz.ru/museums/muzey-kvartira-f-m-dostoevskogo, https://dostoevskyworld.ru/, https://goslitmuz.ru/museums/moskovskij-dom-dostoevskogo/;https://t.me/arkamarka_centre, https://t.me/calendar_kids, https://t.me/literaturemuseum;arkamarka@goslitmuz.ru, ex@goslitmuz.ru;+7 (495) 695-53-08;55.783501;37.610359;"Сайт доступен; запись музея требует проверки"
Мульт-мастерская дедушки Мультфильмыча;Измайловское шоссе, 73ж;Музеи;Музыка, театр и кино;Предварительно по названию;http://animamuseum.ru;https://t.me/muzeimultikov;larisa_vibor@mail.ru;+7 (495) 940‒69‒60, +74959406960, +79104380804, +79104399191;55.794333;37.749318;"Сайт доступен; запись музея требует проверки"
Мультимедиа арт музей;улица Остоженка, 16;Музеи;Музыка, театр и кино;Предварительно по названию;http://www.mamm-mdf.ru, https://mamm-mdf.ru/;https://t.me/multimediaartmuseum;event@mdf.ru, info@mdf.ru, mkai@culture.mos, pr@mdf.ru, priemnaja@culture.mos, shop@mamm.art, ticketnet@mdf.ru, info@mamm.art;+7 (495) 637‒11‒00, +7 (495) 637-11-00, +74956371100;55.741624;37.598658;"Сайт доступен; запись музея требует проверки"
Мусейон;Колымажный пер., 6, стр. 2, Москва;Музеи;Другие / требуют уточнения;Предварительно по названию;http://pushkinmuseum.art/education/museyon, https://pushkinmuseum.art/museum/buildings/museyon;https://t.me/theartsmuseum;excurs@arts-museum.ru, museum4all@arts-museum.ru, museyon@arts-museum.ru, tickets@arts-museum.ru, pushkinyouth@arts-museum.ru, finearts@arts-museum.ru, anna.ragulina@arts-museum.ru, kadr@arts-museum.ru, press@arts-museum.ru, friends@arts-museum.ru, nadezda.bogdanova@arts-museum.ru;+7 (495) 697-74-96, +74956099520;55.748227;37.606087;"Сайт доступен; запись музея требует проверки"
Народный музей истории вагонного депо Москва Октябрьской железной дороги;Комсомольская площадь, 3/36, Москва;Музеи;Транспорт, История и культура;Предварительно по названию;;;;;55.785728;37.65169;Справочник: актуальность не проверена
Нарышкинские палаты;ул. Петровка, 28, стр. 6, Москва;Музеи;Другие / требуют уточнения;Предварительно по названию;;;;;55.76645;37.615415;Справочник: актуальность не проверена
Наследие Вороново;посёлок ЛМС, микрорайон Центральный, 34, стр. 3;Музеи;Другие / требуют уточнения;Предварительно по названию;;;;;55.313834;37.181578;Справочник: актуальность не проверена
Научная библиотека;1-й Кадашёвский пер., 14/13с1, Москва;Музеи;Религия и духовная культура;Предварительно по названию;https://www.tretyakovgallery.ru/;;acceess@tretyakov.ru, access@tretyakov.ru, golubkina2014@yandex.ru, samara@tretyakov.ru, u003eacceess@tretyakov.ru, u003eaccess@tretyakov.ru;+7 (495) 953-00-21, +7 (495) 957-07-27, +7 (495) 957-07-27 (колл-центр), +7 (929) 515-82-94 (музей);55.741907;37.622089;"Сайт доступен; запись музея требует проверки"
Научно-исследовательский зоологический музей, МГУ им. М.В. Ломоносова;Большая Никитская улица, 2;Музеи;Природа и естествознание;Предварительно по названию;http://zmmu.msu.ru;https://t.me/zmmumsu;equusnns@mail.ru, excurs@zmmu.msu, kalyakin@zmmu.msu, kovaleva@zmmu.msu, personzmmu@mail.ru, ryabova@zmmu.msu, support@ticketscloud.org, tikhomirova@zmmu.msu, zmmu@zmmu.msu;+7 (495) 629‒39‒48, 74956293948;55.755245;37.610728;"Сайт доступен; запись музея требует проверки"
Научно-мемориальный музей Н.Е. Жуковского;ул. Радио, 17, корп. 5, Москва;Музеи;История и культура;Предварительно по названию;http://zhukovskymuseum.ru/;https://t.me/zhukovskymuseum;museum@gmik.ru, zhukovsky@gmik.ru;+7 (495) 916-90-60, +7 (495) 916-90-61;55.76355;37.679113;"Сайт доступен; запись музея требует проверки"
Научно-мемориальный музей профессора Н.Е. Жуковского;улица Радио, 17 к5;Музеи;История и культура;Предварительно по названию;http://zhukovskymuseum.ru;https://t.me/zhukovskymuseum;museum@gmik.ru, zhukovsky@gmik.ru;+7 (495) 916‒90‒60, +7 (495) 916‒90‒61;55.763671;37.679132;"Сайт доступен; запись музея требует проверки"
Научно-художественный музей коневодства;Тимирязевская ул., 44, Москва;Музеи;Искусство и архитектура, Природа и естествознание;Предварительно по названию;http://museum.timacad.ru/%D0%BD%D0%B0%D1%83%D1%87%D0%BD%D0%BE-%D1%85%D1%83%D0%B4%D0%BE%D0%B6%D0%B5%D1%81%D1%82%D0%B2%D0%B5%D0%BD%D0%BD%D1%8B%D0%B9-%D0%BC%D1%83%D0%B7%D0%B5%D0%B9-%D0%BA%D0%BE%D0%BD%D0%B5%D0%B2%D0%BE%D0%B4/, https://museum.timacad.ru/, https://museum.timacad.ru/научно-художественный-музей-коневод;;;+7 (499) 976-10-03;55.830634;37.553255;Справочник: актуальность не проверена
Национальная портретная галерея;Дмитровское ш., 42, Москва;Музеи;Искусство и архитектура;Предварительно по названию;http://portret.ru/;;demarinoromanov@mail.ru;+7 (499) 488-73-91;55.841905;37.571088;"Сайт доступен; запись музея требует проверки"
Национальный исследовательский технологический университет МИСиС, музей;Ленинский проспект, 6 ст1;Музеи;Другие / требуют уточнения;Предварительно по названию;http://misis.ru, http://rutube.ru/channel/23750838/;https://t.me/nust_misis, https://t.me/rutube;cctt@misis.ru, kancela@misis.ru, press@edu.misis, site@edu.misis, vopros@misis.ru, welcome@misis.ru;+7 (495) 638‒45‒19, +7 (495) 955‒00‒32, +7 (499) 649‒44‒80;55.727098;37.607079;"Сайт доступен; запись музея требует проверки"
Наша эпоха;Олсуфьевский пер., 6, стр. 2, Москва;Музеи;Другие / требуют уточнения;Предварительно по названию;;;;+7 (499) 245-21-85, +7 (499) 246-24-05;55.732773;37.58092;Справочник: актуальность не проверена
Наша эпоха, музей;Олсуфьевский переулок, 6 ст2;Музеи;Другие / требуют уточнения;Предварительно по названию;;;;+7 (499) 245‒21‒85;55.732788;37.58099;Справочник: актуальность не проверена
НИИ медицины труда им. академика Н.Ф. Измерова, музей истории гигиены труда и профпатологии;проспект Будённого, 31;Музеи;Наука и техника, История и культура;Предварительно по названию;http://irioh.ru;;chemtox-lc@irioh.ru, documents-lc@irioh.ru, expert@irioh.ru, info@irioh.ru, labcenter@irioh.ru, physfactors-lc@irioh.ru, lemeleva@irioh.ru, clinic@irioh.ru, clinic-reg@irioh.ru, checkup-reg@irioh.ru;+7 (495) 366‒09‒77, +7 (495) 918‒30‒10, +74953667056, +74953650209, +74953663123, +74953650010, +74953652586;55.767304;37.731479;"Сайт доступен; запись музея требует проверки"
НИКИМТ-Атомстрой, музей;Алтуфьевское шоссе, 43 ст1;Музеи;Наука и техника;Предварительно по названию;http://ase-ec.ru;;;+7 (495) 411‒65‒50;55.870378;37.580755;Справочник: актуальность не проверена
Никто не забыт;ул. Удальцова, 40, Москва;Музеи;Быт, ремёсла и гастрономия;Предварительно по названию;;;;;55.683998;37.493599;Справочник: актуальность не проверена
Нима;Барашёвский пер., 4, Москва;Музеи;Другие / требуют уточнения;Предварительно по названию;http://nimamuseum.com/;;info@dashigallery.com;+7 985 529 36 97, +7 964 784 47 44, store.dashigallery.ru;55.759395;37.64878;"Сайт доступен; запись музея требует проверки"
НИУ ВШЭ, центр истории и социологии Второй мировой войны и ее последствий;Старая Басманная ул., 21/4с3, Москва;Музеи;Военная история, История и культура;Предварительно по названию;https://www.hse.ru/war/;;;;55.767813;37.662998;Справочник: актуальность не проверена
НКО Чу Музей русского быта;Перовская ул., 24А, Москва;Музеи;Быт, ремёсла и гастрономия;Предварительно по названию;;;;;55.745475;37.770057;Справочник: актуальность не проверена
Новое крыло Дома Гоголя;Никитский бул., 7, Москва;Музеи;Писатели и литература;Предварительно по названию;http://domgogolya.ru/new_wing/, http://www.domgogolya.ru/;https://t.me/domgogolya;domgogolya@culture.mos.ru, gogolabonement@culture.mos.ru, gogolinfo@yandex.ru, gogolnota@culture.mos.ru, gogolzal@culture.mos.ru, gogolhoz@culture.mos.ru, gogolbuh@culture.mos.ru, prikhodkoem@culture.mos.ru;+7 (495) 690-58-81, +7 (495) 691-72-05, +7 (495) 695-75-47, +7 (495) 697-26-02, +74956905881, +74956957547, +74956911240, +74956958196, +74956918375, +74956917205, +7 495 691-15-50, +7 495 697-73-33, +7 495 691-28-67;55.753707;37.599905;"Сайт доступен; запись музея требует проверки"
Ночь в музее, музей;Андропова проспект, 1;Музеи;Другие / требуют уточнения;Предварительно по названию;;;;;55.694086;37.673438;Справочник: актуальность не проверена
Обсерватория Звёздное небо;ул. Сокольнический Вал, 1А, стр. 4, Москва;Музеи;Другие / требуют уточнения;Предварительно по названию;;;;;55.792773;37.676263;Справочник: актуальность не проверена
Общественный музей авиации и космонавтики;Домодедовская улица, 44;Музеи;Наука и техника, Транспорт;Предварительно по названию;;;;+7 (495) 682‒42‒22, +7 (495) 391-69-45;55.601234;37.714906;Справочник: актуальность не проверена
Обычные люди, пространство;Ключевая улица, 22 к2;Музеи;Другие / требуют уточнения;Предварительно по названию;http://www.centervnl.ru;https://t.me/obuchnueludi, https://t.me/obychdelo;director@centervnl.ru;+79169805510;55.631898;37.762515;"Сайт доступен; запись музея требует проверки"
Огни Москвы;Армянский пер., 3-5с1, Москва;Музеи;Другие / требуют уточнения;Предварительно по названию;http://www.ognimos.ru/;;moscowlights@mail.ru;+7 (495) 624-73-74;55.760835;37.635449;"Сайт доступен; запись музея требует проверки"
Огни Москвы, музей;Армянский переулок, 3-5 ст1;Музеи;Другие / требуют уточнения;Предварительно по названию;http://ognimos.ru;;inna-amcult@bk.ru, konkurs.nevidimoe@mail.ru, kuptsova@mossvet.ru, moscowlights@mail.ru, os@light-award.ru, ozarenie2022@mail.ru, potapova_nat@list.ru, sosedi_museum@mail.ru;+7 (495) 624‒73‒74;55.76085;37.635543;"Сайт доступен; запись музея требует проверки"
Оперный дом, музей;Дольская улица, 1 ст5;Музеи;Другие / требуют уточнения;Предварительно по названию;http://tsaritsyno-museum.ru;https://t.me/tsaritsyno_museum;tickets-vozvrat_ts@culture.mos.ru, tickets-vozvrat@tsaritsyno-museum.ru, buro_ts@culture.mos.ru, comifo_ts@culture.mos.ru, sport_ts@culture.mos.ru, tsaritsynomuseum@culture.mos.ru, press.tsaritsyno@culture.mos.ru, personal_ts@culture.mos.ru, tsaritsyno@culture.mos.ru, TSMR-Friends@culture.mos.ru, GrishinaEA@culture.mos.ru;+7 (495) 322‒44‒33, +74953224433, +74953253141, +79015243114, +79260015659, +74953218609;55.614665;37.680563;"Сайт доступен; запись музея требует проверки"
Оранжерейный комплекс;Дольская ул., 1, стр. 31, Москва;Музеи;Другие / требуют уточнения;Предварительно по названию;http://tsaritsyno-museum.ru/park/greenhouses/;https://t.me/tsaritsyno_museum;tickets-vozvrat_ts@culture.mos.ru, buro_ts@culture.mos.ru, comifo_ts@culture.mos.ru, sport_ts@culture.mos.ru, tsaritsynomuseum@culture.mos.ru, press.tsaritsyno@culture.mos.ru, personal_ts@culture.mos.ru, tsaritsyno@culture.mos.ru, TSMR-Friends@culture.mos.ru, GrishinaEA@culture.mos.ru;+7 (495) 322-44-33, +7 (495) 322-56-59, +74953224433, +74953253141, +79015243114, +79260015659, +74953218609;55.616369;37.688436;"Сайт доступен; запись музея требует проверки"
Оранжерея Московского зоопарка;Большая Грузинская ул., 1, стр. 111, Москва;Музеи;Другие / требуют уточнения;Предварительно по названию;;;;;55.764977;37.576906;Справочник: актуальность не проверена
Оружейная палата;Кремлёвская наб., 1, стр. 3, Москва;Музеи;Военная история;Предварительно по названию;https://armoury-chamber.kreml.ru/, https://www.kreml.ru/;https://t.me/kremlinmuseums;head@kremlin.museum.ru, m.koroleva@kremlin.museum.ru, morozova@kremlin.museum.ru, press@kremlin.museum.ru, zabolotskikh@kremlin.museum.ru, buro16@kreml.ru, buro15@kreml.ru, deti@kreml.ru, medvedeva@kreml.ru, head@kreml.ru, partners@kreml.ru, kazarian@kreml.ru, malygina@kreml.ru, press@kreml.ru, milovzorova@kreml.ru, faleev@kreml.ru, design@kreml.ru, blagov@kreml.ru, andreeva.m@kreml.ru, maria.zhulina@kreml.ru, nch@kreml.ru, library@kreml.ru, store@kreml.ru, g.mikhailova@kreml.ru, Julia.Kh@kreml.ru, job@kreml.ru;+7 (495) 621-47-20, +7 (495) 695-41-46, +7 (495) 695-46-31, +7 (495) 697-03-49, +74956970349, +74956954631, +74956954146, +74956903094, +74956957581, +74956974115, null, +74956959558, +74956959723, +74956904858, +74956954187, +74956978086, +74956957927, +74956959665, +74956958541, +74956975579, +74956974361, +74956956649, +74956974062, +74956454631, +74956240902, +74956953812, +74956953912, +74956959887, +74956970878, +74956959575, +74956240264, +74956959842, +74956957064, +74956953998, +74956976096, +74956956575;55.749455;37.613473;"Сайт доступен; запись музея требует проверки"
Оружейная палата, Московский Кремль;Кремль, 1р;Музеи;Военная история, История и культура;Предварительно по названию;http://armoury-chamber.kreml.ru, http://www.kreml.ru;https://t.me/kremlinmuseums;press@kremlin.museum, buro16@kreml.ru, buro15@kreml.ru, deti@kreml.ru, medvedeva@kreml.ru, head@kreml.ru, partners@kreml.ru, kazarian@kreml.ru, malygina@kreml.ru, press@kreml.ru, milovzorova@kreml.ru, faleev@kreml.ru, design@kreml.ru, blagov@kreml.ru, andreeva.m@kreml.ru, maria.zhulina@kreml.ru, nch@kreml.ru, library@kreml.ru, store@kreml.ru, g.mikhailova@kreml.ru, Julia.Kh@kreml.ru, job@kreml.ru;+7 (495) 621‒47‒20, +7 (495) 695‒46‒31, +7 (495) 697‒03‒49, +74956970349, +74956954631, +74956954146, +74956903094, +74956957581, +74956974115, null, +74956959558, +74956959723, +74956904858, +74956954187, +74956978086, +74956957927, +74956959665, +74956958541, +74956975579, +74956974361, +74956956649, +74956974062, +74956454631, +74956240902, +74956953812, +74956953912, +74956959887, +74956970878, +74956959575, +74956240264, +74956959842, +74956957064, +74956953998, +74956976096, +74956956575;55.749223;37.613194;"Сайт доступен; запись музея требует проверки"
Оружейный подвал на Никольской, контактный музей;Никольская улица, 11-13 ст1;Музеи;Военная история;Предварительно по названию;http://podval-museum.ru/;;podval-museum@yandex.ru; +79165384951;55.756898;37.6218;"Сайт доступен; запись музея требует проверки"
Особняк А. Л. Кнопа;Колпачный пер., 5, стр. 2, Москва;Музеи;Другие / требуют уточнения;Предварительно по названию;;;;;55.7579;37.643035;Справочник: актуальность не проверена
Особняк Грибоедовых;Новинский бул., 17, Москва;Музеи;Писатели и литература, Природа и естествознание;Предварительно по названию;;;;;55.7551;37.582797;Справочник: актуальность не проверена
Особняк И. А. Миндовского;Поварская ул., 44/2с1, Москва;Музеи;Другие / требуют уточнения;Предварительно по названию;;;;;55.756828;37.588665;Справочник: актуальность не проверена
Особняк купца В.Д. Носова, историко-культурный центр;улица Электрозаводская, 12 ст1;Музеи;История и культура;Предварительно по названию;http://nosov.rgub.ru, http://rgub.ru/osobnyak_nosova;https://t.me/rgubru, https://t.me/rgub_bot, https://t.me/nosov_mansion;basil@rgub.ru, mansion@rgub.ru, info@rgub.ru, register@rgub.ru, press@rgub.ru, fiction@rgub.ru, human@rgub.ru, natural@rgub.ru, forlit@rgub.ru, rarebooks@rgub.ru, medialab@rgub.ru, muzpodval@rgub.ru, music@rgub.ru, poly@rgub.ru, studia@rgub.ru, a.ilina@rgub.ru, compl@rgub.ru, kultprosvet@rgub.ru, n.vyropaeva@rgub.ru, d.zamytskaya@rgub.ru;+7 (499) 670‒80‒01;55.78533;37.703628;"Сайт доступен; запись музея требует проверки"
Особняк купца П. Толкова;пер. Маяковского, 15/13, Москва;Музеи;Другие / требуют уточнения;Предварительно по названию;;;;;55.737176;37.656141;Справочник: актуальность не проверена
Особняк М.К. Морозовой;Смоленский бул., 26/9с1, Москва;Музеи;Другие / требуют уточнения;Предварительно по названию;;;;;55.743509;37.584794;Справочник: актуальность не проверена
Особняк Рябушинского;Малая Никитская ул., 6/2с5, Москва;Музеи;Другие / требуют уточнения;Предварительно по названию;;;;+7 (495) 690-05-35;55.758162;37.596316;Справочник: актуальность не проверена
Особняк Талызиных-Толстых-Дом Гоголя, г. Москва;Никитский бульвар, 7а;Музеи;Писатели и литература;Предварительно по названию;http://kuskovo.ru, http://russpass.ru/usadby-moskvy;https://t.me/kuskovo_museum;zakaz@kuskovo.ru, museum_kuskovo@mail.ru, pr@kuskovo.ru, AvdoninSV@culture.mos.ru, OvchinnikovaOA1@culture.mos.ru, GrigorevaEY@culture.mos.ru, EreminaOI1@culture.mos.ru, GribovaIM@culture.mos.ru, KovalskayaEB@culture.mos.ru, OsipovaNP1@culture.mos.ru, SemchenkoSA@culture.mos.ru;%0A+74953753131%0A, +74953753131;55.754138;37.599827;"Сайт доступен; запись музея требует проверки"
Особняк Тюрина (галерея Шилова), г. Москва;улица Знаменка, 3;Музеи;Искусство и архитектура;Предварительно по названию;http://kuskovo.ru, http://russpass.ru/usadby-moskvy;https://t.me/kuskovo_museum;zakaz@kuskovo.ru, museum_kuskovo@mail.ru, pr@kuskovo.ru, AvdoninSV@culture.mos.ru, OvchinnikovaOA1@culture.mos.ru, GrigorevaEY@culture.mos.ru, EreminaOI1@culture.mos.ru, GribovaIM@culture.mos.ru, KovalskayaEB@culture.mos.ru, OsipovaNP1@culture.mos.ru, SemchenkoSA@culture.mos.ru;%0A+74953753131%0A, +74953753131;55.749056;37.608387;"Сайт доступен; запись музея требует проверки"
Особняк Цветкова;Пречистенская наб., 29, Москва;Музеи;Другие / требуют уточнения;Предварительно по названию;;;;;55.741629;37.606522;Справочник: актуальность не проверена
Особняк-Небылица;Озерковский переулок, 1/18;Музеи;Другие / требуют уточнения;Предварительно по названию;http://xn----7sbbdcuwkodph3b5esd.xn--p1ai;;nebylitsa-msk@yandex.ru;+79365555333, //tel:+79365555333;55.74091;37.637444;"Сайт доступен; запись музея требует проверки"
Останкино и Кусково, государственный музей-заповедник;1-я Останкинская улица, 5 ст1;Музеи;Музыка, театр и кино, История и культура;Предварительно по названию;http://kuskovo.ru, http://ostankino.kuskovo.ru;https://t.me/kuskovo_museum;museum_kuskovo@mail.ru, support@russpass.ru, zakaz@kuskovo.ru, pr@kuskovo.ru, AvdoninSV@culture.mos.ru, OvchinnikovaOA1@culture.mos.ru, GrigorevaEY@culture.mos.ru, EreminaOI1@culture.mos.ru, GribovaIM@culture.mos.ru, KovalskayaEB@culture.mos.ru, OsipovaNP1@culture.mos.ru, SemchenkoSA@culture.mos.ru;+7 (495) 370‒01‒50, +7 (495) 375‒31‒31, %0A+74953753131%0A, +74953753131;55.824961;37.61453;"Сайт доступен; запись музея требует проверки"
Останкино, усадьба;1-я Останкинская улица, 5 ст1;Музеи;Музыка, театр и кино, История и культура;Предварительно по названию;http://ostankino-museum.ru;https://t.me/ostankino_museum;info@ostankino-museum.ru, usadbakuskovo@culture.mos, museiostankino@culture.mos.ru, usadbakuskovo@culture.mos.ru, OvchinnikovaOA1@culture.mos.ru, GrigorevaEY@culture.mos.ru, TarasovaVA@culture.mos.ru, KamyninaMD@culture.mos.ru, EreminaOI1@culture.mos.ru, GribovaIM@culture.mos.ru, DementevaEV2@culture.mos.ru, IonovaOS@culture.mos.ru, TenkinaLV@culture.mos.ru, MitnikMA@culture.mos.ru, ShevchenkoPA@culture.mos.ru, pr@kuskovo.ru, pr@ostankino-museum.ru, ayrievaky@culture.mos.ru;+7 (495) 602‒18‒52;55.824857;37.614749;"Сайт доступен; запись музея требует проверки"
Останкинская телебашня;ул. Академика Королёва, 15, корп. 1, Москва;Музеи;Другие / требуют уточнения;Предварительно по названию;https://tvtower.ru/;https://t.me/ostankino_tvtower;337m@rtrn.ru, mrc@rtrn.ru, 9152949221@rtrn.ru, ConcertHall@rtrn.ru, smi_msk@rtrn.ru;+7 (495) 602-22-19, +7 (495) 926-61-11, 84959266111, +74959266111, +74956151111, +79152949221, +74956154444, +74956472671;55.819721;37.611704;"Сайт доступен; запись музея требует проверки"
Остафьево-Русский Парнас, государственный музей-заповедник;Троицкая улица, 1а;Музеи;История и культура;Предварительно по названию;http://rutube.ru/channel/25112203/, http://www.ostafyevomuseum.ru;https://t.me/ostafyevo, https://t.me/rutube;info@ostafyevomuseum.ru;+7 (495) 867‒83‒60;55.496082;37.501351;"Сайт доступен; запись музея требует проверки"
Отдел графики ГМИИ имени А. С. Пушкина;Колымажный пер., 4, стр. 1, Москва;Музеи;Искусство и архитектура;Предварительно по названию;http://pushkinmuseum.art/;https://t.me/theartsmuseum;excurs@arts-museum.ru, tickets@arts-museum.ru, museyon@arts-museum.ru, pushkinyouth@arts-museum.ru, finearts@arts-museum.ru, anna.ragulina@arts-museum.ru, kadr@arts-museum.ru, press@arts-museum.ru, museum4all@arts-museum.ru, friends@arts-museum.ru, nadezda.bogdanova@arts-museum.ru;+7 (495) 697-93-76, +74956099520;55.747489;37.606428;"Сайт доступен; запись музея требует проверки"
Открытые коллекции, Политехнический музей;Волгоградский проспект, 42 к5;Музеи;Наука и техника;Предварительно по названию;http://polymus.ru;https://t.me/polytechmuseum;;+7 (495) 730‒54‒38, +7 (495) 780‒60‒26, +7 (495) 780‒60‒27;55.709133;37.723048;"Сайт доступен; запись музея требует проверки"
Открытые фонды Политехнического музея;Волгоградский просп., 42, корп. 5, Москва;Музеи;Наука и техника;Предварительно по названию;https://polymus.ru/;https://t.me/polytechmuseum;chz@polymus.ru;+7 (495) 780-60-27;55.709108;37.722682;"Сайт доступен; запись музея требует проверки"
Очаково, музей традиционных русских напитков;Рябиновая улица, 44;Музеи;Другие / требуют уточнения;Предварительно по названию;http://ochakovo.ru/ekskursii/;https://t.me/ochakovoru, https://t.me/tur_ochakovo_tyumen;excursion@ochakovo.ru, info@ochakovo.ru, reception@ochakovo.ru, purchase@ochakovo.ru, logist@ochakovo.ru, mmokrova@ochakovo.ru, blackbox@ochakovo.ru, reception23@ochakovo.ru, tyumen@ochakovo.ru, office.penza@ochakovo.ru, ter_solod@ochakovo48.ru, pobeda-uvk@mail.ru;+7 (495) 785‒39‒07, +7 495 785-39-07, 88001007777, +78001007777, +74957853930, +74957853928, +78001004226, +74957853932, +74957853934, +74957853933, +74957853907, +78612010111, +78612010230, +73452383300, +73452383305, +78412381000, +78412381167, +74747421536, +78614835325;55.675661;37.434946;"Сайт доступен; запись музея требует проверки"
Павильон Атом, музей атомной энергии;проспект Мира, 119 ст19;Музеи;Наука и техника;Предварительно по названию;http://atom.museum;https://t.me/atommuseum;laboratory@atom.museum, sales@atom.museum, tour@atom.museum, info@atom.museum, press@atom.museum;8‒800‒301‒77‒77, 88003017777, +74996739230, +74996739231;55.832808;37.624941;"Сайт доступен; запись музея требует проверки"
Павильон Московского транспорта;;Музеи;Транспорт, Спорт;Предварительно по названию;http://transport.mos.ru/pavilionmt;https://t.me/dtroad;pavilionmt@transport.mos, PavilionMT@transport.mos.ru;+79262504850, +74955395454, 3210;55.743219;37.564069;"Сайт доступен; запись музея требует проверки"
Павильон Московского транспорта;Москва, площадь Киевского Вокзала;Музеи;Транспорт, Спорт;Предварительно по названию;https://transport.mos.ru/pavilionmt;;PavilionMT@transport.mos.ru;+79262504850, +74955395454, 3210;55.743216;37.56414;"Сайт доступен; запись музея требует проверки"
Павильон Рабочий и колхозница;просп. Мира, 123Б, Москва;Музеи;Другие / требуют уточнения;Предварительно по названию;http://znanie.vdnh.ru/grounds/?ground=pavilon-rabochiy-i-kolkhoznitsa, https://vdnh.ru/;;info@vdnh.ru, lektorij@vdnh.ru, loyalty@vdnh.ru, tickets@vdnh.ru, press@vdnh.ru, app@vdnh.ru, admin_museum@vdnh.ru, tour_registration@vdnh.ru, museum@vdnh.ru, expo@vdnh.ru, events@vdnh.ru, souvenirs@vdnh.ru, adv@vdnh.ru, partners@vdnh.ru, rabota@vdnh.ru, cosmos@vdnh.ru;+7 (495) 544-34-00, 8(495) 544-34-00, +74957483420, +74955443400, +74957483480, +74959743366, +74959743535, +79859696055, +74959743302, +79166331083, +74991810396, +74997602585;55.828256;37.646497;"Сайт доступен; запись музея требует проверки"
Павильон Эрмитаж;ул. Юности, 2, стр. 13, Москва;Музеи;Другие / требуют уточнения;Предварительно по названию;;;;;55.737329;37.807877;Справочник: актуальность не проверена
Павильон № 10 Выставочно-торговый центр Республики Молдова;просп. Мира, 119, стр. 10, Москва;Музеи;Другие / требуют уточнения;Предварительно по названию;https://vdnh.ru/;;info@vdnh.ru, loyalty@vdnh.ru, tickets@vdnh.ru, press@vdnh.ru, app@vdnh.ru, admin_museum@vdnh.ru, tour_registration@vdnh.ru, museum@vdnh.ru, expo@vdnh.ru, events@vdnh.ru, souvenirs@vdnh.ru, adv@vdnh.ru, partners@vdnh.ru, rabota@vdnh.ru, cosmos@vdnh.ru;+7 (495) 544-34-00, 8(495) 544-34-00, +74957483420, +74955443400, +74957483480, +74959743366, +74959743535, +79859696055, +74959743302, +79166331083, +74991810396, +74997602585;55.829645;37.629481;"Сайт доступен; запись музея требует проверки"
Павильон № 13 Музей Востока;просп. Мира, 119, стр. 13, Москва;Музеи;История и культура;Предварительно по названию;http://orientmuseum.ru/;https://t.me/orientmuseum;excursion@orientmuseum.ru, info@orientmuseum.ru, lectures@orientmuseum.ru, muzvostok@mail.ru, press@orientmuseum.ru, ypogonina@orientmuseum.ru;+7 (495) 691-02-12, +7 (495) 691-82-19;55.830888;37.627941;"Сайт доступен; запись музея требует проверки"
Павильон № 14 Выставочно-торговый центр Азербайджанской Республики;просп. Мира, 119, стр. 14, Москва;Музеи;Другие / требуют уточнения;Предварительно по названию;https://vdnh.ru/;;info@vdnh.ru, press@vdnh.ru, app@vdnh.ru, tickets@vdnh.ru, admin_museum@vdnh.ru, tour_registration@vdnh.ru, museum@vdnh.ru, expo@vdnh.ru, events@vdnh.ru, souvenirs@vdnh.ru, adv@vdnh.ru, partners@vdnh.ru, rabota@vdnh.ru, cosmos@vdnh.ru;+7 (495) 147-62-72, +7 (495) 544-34-00, 8 (800) 511-61-62, 8(495) 544-34-00, +74957483420, +74955443400, +74957483480, +74959743366, +74959743535, +79859696055, +74959743302, +79166331083, +74991810396, +74997602585;55.831151;37.6274;"Сайт доступен; запись музея требует проверки"
Павильон № 25 Нефть;просп. Мира, 119, стр. 25, Москва;Музеи;Другие / требуют уточнения;Предварительно по названию;http://vdnh.ru/map/4222/, https://vdnh.ru/;;info@vdnh.ru, press@vdnh.ru, app@vdnh.ru, tickets@vdnh.ru, admin_museum@vdnh.ru, tour_registration@vdnh.ru, museum@vdnh.ru, expo@vdnh.ru, events@vdnh.ru, souvenirs@vdnh.ru, adv@vdnh.ru, partners@vdnh.ru, rabota@vdnh.ru, cosmos@vdnh.ru;+7 (495) 544-34-00, +7 (495) 933-18-13, 8(495) 544-34-00, +74957483420, +74955443400, +74957483480, +74959743366, +74959743535, +79859696055, +74959743302, +79166331083, +74991810396, +74997602585;55.833699;37.619657;"Сайт доступен; запись музея требует проверки"
Павильон № 28 Пчеловодство. Биологический музей им. К. А. Тимирязева;просп. Мира, 119, стр. 28, Москва;Музеи;Природа и естествознание;Предварительно по названию;https://www.gbmt.ru/ru/;;muzeitimiryazeva@culture.mos.ru;+7 (499) 252-36-81, +7 (495) 544-3838;55.836388;37.616431;"Сайт доступен; запись музея требует проверки"
Павильон № 31 Геология. Биологический музей им. К. А. Тимирязева;просп. Мира, 119, стр. 31, Москва;Музеи;Природа и естествознание;Предварительно по названию;https://gbmt.ru/;;muzeitimiryazeva@culture.mos.ru;+7 (499) 252-36-81, +7 (495) 544-3838;55.834984;37.61976;"Сайт доступен; запись музея требует проверки"
Павильон № 36 Музей кино;просп. Мира, 119, стр. 36, Москва;Музеи;Музыка, театр и кино;Предварительно по названию;http://www.museikino.ru/;;museikino@museikino.ru;+7 (495) 150-36-00, +7 (495) 150-36-10;55.839495;37.616923;Справочник: актуальность не проверена
Павильон № 41 Центр национальных конных традиций;просп. Мира, 119, стр. 41, Москва;Музеи;Другие / требуют уточнения;Предварительно по названию;https://kremlin-ksk.ru/;https://t.me/kremlinksk;partner@kremlin-ksk.ru, info@kremlin-ksk.ru, esb@kremlin-ksk.ru;+74952120603, +79671032410, +79031830413, ;55.83808;37.622197;"Сайт доступен; запись музея требует проверки"
Павильон № 42 центр национальных конных традиций;просп. Мира, 119, стр. 42, Москва;Музеи;Другие / требуют уточнения;Предварительно по названию;https://kremlin-ksk.ru/;https://t.me/kremlinksk;partner@kremlin-ksk.ru, info@kremlin-ksk.ru, esb@kremlin-ksk.ru;+7 (495) 476-41-46, +74952120603, +79671032410, +79031830413, ;55.838462;37.623397;"Сайт доступен; запись музея требует проверки"
Павильон № 43 центр национальных конных традиций Демонстрационная конюшня;просп. Мира, 119, стр. 43, Москва;Музеи;Другие / требуют уточнения;Предварительно по названию;https://kremlin-ksk.ru/;https://t.me/kremlinksk;cnkt@kremlin-ksk.ru, info@kremlin-ksk.ru, partner@kremlin-ksk.ru, esb@kremlin-ksk.ru;+7 (495) 476-41-46, +74952120603, +79671032410, +79031830413, ;55.838042;37.623943;"Сайт доступен; запись музея требует проверки"
Павильон № 49;просп. Мира, 119, стр. 49, Москва;Музеи;Другие / требуют уточнения;Предварительно по названию;https://vdnh.ru/;;info@vdnh.ru, loyalty@vdnh.ru, tickets@vdnh.ru, press@vdnh.ru, app@vdnh.ru, admin_museum@vdnh.ru, tour_registration@vdnh.ru, museum@vdnh.ru, expo@vdnh.ru, events@vdnh.ru, souvenirs@vdnh.ru, adv@vdnh.ru, partners@vdnh.ru, rabota@vdnh.ru, cosmos@vdnh.ru;+7 (495) 544-34-00, 8(495) 544-34-00, +74957483420, +74955443400, +74957483480, +74959743366, +74959743535, +79859696055, +74959743302, +79166331083, +74991810396, +74997602585;55.837703;37.620281;"Сайт доступен; запись музея требует проверки"
Павильон № 5;Краснопресненская наб., 14, стр. 13, Москва;Музеи;Другие / требуют уточнения;Предварительно по названию;https://www.expocentr.ru/;;centr@expocentr.ru, mail@gmail.com;+7 (499) 795-37-99, 8 (800) 707-37-99;55.750283;37.547614;"Сайт доступен; запись музея требует проверки"
Павильон № 5 Музей городского хозяйства Москвы;просп. Мира, 119, стр. 5, Москва;Музеи;Другие / требуют уточнения;Предварительно по названию;https://dzen.ru/vdnh, https://kghmuseum.ru/;;;+7 (495) 544-34-00, +7 (495) 609-20-25;55.828718;37.629632;"Сайт доступен; запись музея требует проверки"
Павильон № 54 Музей Гаража особого назначения ФСО России;просп. Мира, 119, стр. 54, Москва;Музеи;Искусство и архитектура, Транспорт;Предварительно по названию;https://gon-museum.ru/;https://t.me/gonmuseum, https://t.me/museumgon;gonmuseum@kremlin9.com, tokareva_eo@kremlin9.com;+7 (495) 638-08-20, +7(495) 638-08-20, +79251125243;55.835961;37.622377;"Сайт доступен; запись музея требует проверки"
Павильон № 55 Электрификация;просп. Мира, 119, стр. 55, Москва;Музеи;Другие / требуют уточнения;Предварительно по названию;;;;;55.835359;37.623218;Справочник: актуальность не проверена
Павильон № 57 Россия — моя история;просп. Мира, 119, стр. 57, Москва;Музеи;История и культура;Предварительно по названию;http://myhistorypark.ru/;;info@expohistory.ru, press@expohistory.ru;+7 (495) 544-38-26, 8 (800) 555-12-63;55.834244;37.626269;Справочник: актуальность не проверена
Павильон № 59 Музей героизма;просп. Мира, 119, стр. 59, Москва;Музеи;Другие / требуют уточнения;Предварительно по названию;https://vdnh.ru/;;info@vdnh.ru, press@vdnh.ru, app@vdnh.ru, tickets@vdnh.ru, admin_museum@vdnh.ru, tour_registration@vdnh.ru, museum@vdnh.ru, expo@vdnh.ru, events@vdnh.ru, souvenirs@vdnh.ru, adv@vdnh.ru, partners@vdnh.ru, rabota@vdnh.ru, cosmos@vdnh.ru;+7 (495) 544-34-00, 8(495) 544-34-00, +74957483420, +74955443400, +74957483480, +74959743366, +74959743535, +79859696055, +74959743302, +79166331083, +74991810396, +74997602585;55.833269;37.62813;"Сайт доступен; запись музея требует проверки"
Павильон № 60 Потребительская кооперация;просп. Мира, 119, стр. 60, Москва;Музеи;Другие / требуют уточнения;Предварительно по названию;https://vdnh.ru/;;info@vdnh.ru, press@vdnh.ru, app@vdnh.ru, tickets@vdnh.ru, admin_museum@vdnh.ru, tour_registration@vdnh.ru, museum@vdnh.ru, expo@vdnh.ru, events@vdnh.ru, souvenirs@vdnh.ru, adv@vdnh.ru, partners@vdnh.ru, rabota@vdnh.ru, cosmos@vdnh.ru;+7 (495) 544-34-00, 8(495) 544-34-00, +74957483420, +74955443400, +74957483480, +74959743366, +74959743535, +79859696055, +74959743302, +79166331083, +74991810396, +74997602585;55.833947;37.628129;"Сайт доступен; запись музея требует проверки"
Павильон № 61. Выставка Лев Толстой. Война и мир. Ожившие страницы;просп. Мира, 119, стр. 61, Москва;Музеи;Писатели и литература, Военная история;Предварительно по названию;http://berizaryad.ru/, http://vdnh.ru/map/4195/, https://tolstoymuseum.ru/, https://vdnh.ru/;https://t.me/alexandra_berizaryad, https://t.me/tolstoymuseum;info@vdnh.ru, press@vdnh.ru, app@vdnh.ru, tickets@vdnh.ru, admin_museum@vdnh.ru, tour_registration@vdnh.ru, museum@vdnh.ru, expo@vdnh.ru, events@vdnh.ru, souvenirs@vdnh.ru, adv@vdnh.ru, partners@vdnh.ru, rabota@vdnh.ru, cosmos@vdnh.ru, info@tolstoymuseum.ru, feyn.yu@tolstoymuseum.ru;+7 (495) 637-74-10, 8(495) 544-34-00, +74957483420, +74955443400, +74957483480, +74959743366, +74959743535, +79859696055, +74959743302, +79166331083, +74991810396, +74997602585, +74956377410, +74997669761, +74956377518, +74992469444, +79857416341, +74959515808, +74746426092, +78793232087;55.834575;37.628451;"Сайт доступен; запись музея требует проверки"
Павильон № 62 Международный центр балета;просп. Мира, 119, стр. 62, Москва;Музеи;Музыка, театр и кино, История и культура;Предварительно по названию;http://balletcenter.ru/, http://vdnh.ru/map/4196, https://vdnh.ru/;https://t.me/balletcenter_official;info@balletcenter.ru, info@vdnh.ru, loyalty@vdnh.ru, tickets@vdnh.ru, press@vdnh.ru, app@vdnh.ru, admin_museum@vdnh.ru, tour_registration@vdnh.ru, museum@vdnh.ru, expo@vdnh.ru, events@vdnh.ru, souvenirs@vdnh.ru, adv@vdnh.ru, partners@vdnh.ru, rabota@vdnh.ru, cosmos@vdnh.ru;+7 (495) 544-34-00, +79851431155, +79851388425, 8(495) 544-34-00, +74957483420, +74955443400, +74957483480, +74959743366, +74959743535, +79859696055, +74959743302, +79166331083, +74991810396, +74997602585;55.83521;37.627694;"Сайт доступен; запись музея требует проверки"
Павильон № 66 Выставочно-культурный и экспозиционный центр Республики Узбекистан;просп. Мира, 119, стр. 66, Москва;Музеи;Другие / требуют уточнения;Предварительно по названию;http://vdnh.ru/map/4189/, https://vdnh.ru/;;info@vdnh.ru, loyalty@vdnh.ru, tickets@vdnh.ru, press@vdnh.ru, app@vdnh.ru, admin_museum@vdnh.ru, tour_registration@vdnh.ru, museum@vdnh.ru, expo@vdnh.ru, events@vdnh.ru, souvenirs@vdnh.ru, adv@vdnh.ru, partners@vdnh.ru, rabota@vdnh.ru, cosmos@vdnh.ru;8(495) 544-34-00, +74957483420, +74955443400, +74957483480, +74959743366, +74959743535, +79859696055, +74959743302, +79166331083, +74991810396, +74997602585;55.831623;37.631947;"Сайт доступен; запись музея требует проверки"
Павильон № 7;Краснопресненская наб., 14, стр. 18, Москва;Музеи;Другие / требуют уточнения;Предварительно по названию;;;;+7 (499) 795-37-99;55.750083;37.543983;Справочник: актуальность не проверена
Павильон № 9 Театр сказок;просп. Мира, 119, стр. 9, Москва;Музеи;Музыка, театр и кино, Интерактивные и необычные;Предварительно по названию;https://vdnh.ru/, https://vdnh.ru/places/teatr-skazok-pavilon-9-yunye-tekhniki-torf/;;info@vdnh.ru, loyalty@vdnh.ru, teatrskazok@vdnh.ru, tickets@vdnh.ru, press@vdnh.ru, app@vdnh.ru, admin_museum@vdnh.ru, tour_registration@vdnh.ru, museum@vdnh.ru, expo@vdnh.ru, events@vdnh.ru, souvenirs@vdnh.ru, adv@vdnh.ru, partners@vdnh.ru, rabota@vdnh.ru, cosmos@vdnh.ru;+7 (495) 544-34-00, 8(495) 544-34-00, +74957483420, +74955443400, +74957483480, +74959743366, +74959743535, +79859696055, +74959743302, +79166331083, +74991810396, +74997602585;55.829122;37.628252;"Сайт доступен; запись музея требует проверки"
Павильон №37 Центр ассистивных технологий Феникс;просп. Мира, 119, стр. 37, Москва;Музеи;Другие / требуют уточнения;Предварительно по названию;http://vdnh.ru/map/4214/, https://innoagency.ru/, https://vdnh.ru/;;denisovva1@develop.mos.ru, ic@develop.mos.ru, info@vdnh.ru, innoinfrastructure@develop.mos.ru, loyalty@vdnh.ru, pilot-grant@develop.mos.ru, research@develop.mos.ru, tickets@vdnh.ru, press@vdnh.ru, app@vdnh.ru, admin_museum@vdnh.ru, tour_registration@vdnh.ru, museum@vdnh.ru, expo@vdnh.ru, events@vdnh.ru, souvenirs@vdnh.ru, adv@vdnh.ru, partners@vdnh.ru, rabota@vdnh.ru, cosmos@vdnh.ru;+7 (495) 544-34-00, +7 (495) 870-45-55, 8(495) 544-34-00, +74957483420, +74955443400, +74957483480, +74959743366, +74959743535, +79859696055, +74959743302, +79166331083, +74991810396, +74997602585;55.839613;37.618298;"Сайт доступен; запись музея требует проверки"
Павильон №48. Винная и продуктовая ярмарка;просп. Мира, 119, стр. 48, Москва;Музеи;Другие / требуют уточнения;Предварительно по названию;https://vdnh.ru/;;info@vdnh.ru, press@vdnh.ru, app@vdnh.ru, tickets@vdnh.ru, admin_museum@vdnh.ru, tour_registration@vdnh.ru, museum@vdnh.ru, expo@vdnh.ru, events@vdnh.ru, souvenirs@vdnh.ru, adv@vdnh.ru, partners@vdnh.ru, rabota@vdnh.ru, cosmos@vdnh.ru;+7 (495) 544-34-00, 8(495) 544-34-00, +74957483420, +74955443400, +74957483480, +74959743366, +74959743535, +79859696055, +74959743302, +79166331083, +74991810396, +74997602585;55.83739;37.622544;"Сайт доступен; запись музея требует проверки"
Палаты бояр Романовых, музей;улица Варварка, 10;Музеи;Другие / требуют уточнения;Предварительно по названию;http://shm.ru;https://t.me/state_historical_museum, https://t.me/stbasilscathedral;access@shm.ru, kulinich@flugersoft.ru, loyalty@shm.ru, shop@shm.ru, tula.visitor@shm.ru, visitor@shm.ru;+7 (495) 698‒12‒56, +74956923731, +74956983304, +74956982497, +74956981256, +74956982658, +74872773165;55.752749;37.629269;"Сайт доступен; запись музея требует проверки"
Палаты на Льва Толстого;ул. Льва Толстого, 10, стр. 2, Москва;Музеи;Другие / требуют уточнения;Предварительно по названию;https://palaty.moscow/;https://t.me/palatymoscow;admin@palaty.moscow, olesya.kulikovskaya@palaty.moscow, pr@palaty.moscow;89257071002;55.73251;37.589244;"Сайт доступен; запись музея требует проверки"
Палеонтологический музей им. Ю. А. Орлова;Профсоюзная улица, 123;Музеи;Природа и естествознание;Предварительно по названию;http://paleo.ru/museum/;;admin@paleo.ru, social@paleo.ru;+7 (495) 339‒15‒00, +7 (495) 339‒45‒44;55.624334;37.514209;"Сайт доступен; запись музея требует проверки"
Палеонтологический музей имени Ю.А. Орлова РАН;Профсоюзная ул., 123, Москва;Музеи;Природа и естествознание;Предварительно по названию;https://www.paleo.ru/museum/;;admin@paleo.ru;+7 (495) 339-15-00, +7 (495) 339-45-44;55.62423;37.514113;"Сайт доступен; запись музея требует проверки"
Памирский дом, этнический музей;улица Павловская, вл7;Музеи;Другие / требуют уточнения;Предварительно по названию;http://www.mama-nanik.ru;;;;55.719596;37.627905;"Сайт доступен; запись музея требует проверки"
Памятники деревянного зодчества, экспозиция;проспект Андропова, 39 ст63;Музеи;История и культура;Предварительно по названию;http://mgomz.ru;https://t.me/kolomenskoe_moscow;1651236@mgomz.ru;+7 (499) 614‒88‒80;55.673489;37.677972;"Сайт доступен; запись музея требует проверки"
Память, галерея-музей;Покровский бульвар, 16-18 ст4-4а;Музеи;Искусство и архитектура, История и культура;Предварительно по названию;http://memorythegallery.vsite.biz, http://taplink.cc/memorythegallery;https://t.me/memorythegallery;;+79259241901;55.753213;37.646789;"Сайт доступен; запись музея требует проверки"
Парк культуры и отдыха, администрация;Москва, ландшафтный парк Митино;Музеи;Другие / требуют уточнения;Предварительно по названию;http://bapark.ru/;https://t.me/lp_mitino;babkapark@mail.ru, parkbabushkinskiy@culture.mos.ru;+7 (499) 184-34-22, +7 499 184 09 18;55.832449;37.374203;"Сайт доступен; запись музея требует проверки"
Парк неба, музей;Садовая-Кудринская улица, 5 ст1;Музеи;Другие / требуют уточнения;Предварительно по названию;http://www.planetarium-moscow.ru;https://t.me/planetarium_mos;;+7 (495) 221‒76‒90;55.761219;37.583911;Справочник: актуальность не проверена
Парк Янтарного Периода;Делегатская ул., 3, стр. 1, Москва;Музеи;Другие / требуют уточнения;Предварительно по названию;;;;;55.774369;37.610153;Справочник: актуальность не проверена
Патриаршие палаты;Манежная ул., 2/10с2, Москва;Музеи;Другие / требуют уточнения;Предварительно по названию;http://patriarchs-palace.kreml.ru/, https://www.kreml.ru/;https://t.me/kremlinmuseums;head@kremlin.museum.ru, m.koroleva@kremlin.museum.ru, morozova@kremlin.museum.ru, press@kremlin.museum.ru, zabolotskikh@kremlin.museum.ru, buro16@kreml.ru, buro15@kreml.ru, deti@kreml.ru, medvedeva@kreml.ru, head@kreml.ru, partners@kreml.ru, kazarian@kreml.ru, malygina@kreml.ru, press@kreml.ru, milovzorova@kreml.ru, faleev@kreml.ru, design@kreml.ru, blagov@kreml.ru, andreeva.m@kreml.ru, maria.zhulina@kreml.ru, nch@kreml.ru, library@kreml.ru, store@kreml.ru, g.mikhailova@kreml.ru, Julia.Kh@kreml.ru, job@kreml.ru;+7 (495) 695-41-46, +7 (495) 697-03-49, +74956970349, +74956954631, +74956954146, +74956903094, +74956957581, +74956974115, null, +74956959558, +74956959723, +74956904858, +74956954187, +74956978086, +74956957927, +74956959665, +74956958541, +74956975579, +74956974361, +74956956649, +74956974062, +74956454631, +74956240902, +74956953812, +74956953912, +74956959887, +74956970878, +74956959575, +74956240264, +74956959842, +74956957064, +74956953998, +74956976096, +74956956575;55.7512;37.616882;"Сайт доступен; запись музея требует проверки"
Патриаршие палаты, Московский Кремль;Кремль, 1л;Музеи;История и культура;Предварительно по названию;http://patriarchs-palace.kreml.ru, http://www.kreml.ru;https://t.me/kremlinmuseums;buro16@kreml.ru, buro15@kreml.ru, deti@kreml.ru, medvedeva@kreml.ru, head@kreml.ru, partners@kreml.ru, kazarian@kreml.ru, malygina@kreml.ru, press@kreml.ru, milovzorova@kreml.ru, faleev@kreml.ru, design@kreml.ru, blagov@kreml.ru, andreeva.m@kreml.ru, maria.zhulina@kreml.ru, nch@kreml.ru, library@kreml.ru, store@kreml.ru, g.mikhailova@kreml.ru, Julia.Kh@kreml.ru, job@kreml.ru;+7 (495) 697‒03‒49, +74956970349, +74956954631, +74956954146, +74956903094, +74956957581, +74956974115, null, +74956959558, +74956959723, +74956904858, +74956954187, +74956978086, +74956957927, +74956959665, +74956958541, +74956975579, +74956974361, +74956956649, +74956974062, +74956454631, +74956240902, +74956953812, +74956953912, +74956959887, +74956970878, +74956959575, +74956240264, +74956959842, +74956957064, +74956953998, +74956976096, +74956956575;55.751221;37.617001;"Сайт доступен; запись музея требует проверки"
Патриарший дворец с церковью Двенадцати апостолов, Московский Кремль;Кремль, 1я;Музеи;История и культура, Религия и духовная культура;Предварительно по названию;http://www.kreml.ru;https://t.me/kremlinmuseums;buro16@kreml.ru, buro15@kreml.ru, deti@kreml.ru, medvedeva@kreml.ru, head@kreml.ru, partners@kreml.ru, kazarian@kreml.ru, malygina@kreml.ru, press@kreml.ru, milovzorova@kreml.ru, faleev@kreml.ru, design@kreml.ru, blagov@kreml.ru, andreeva.m@kreml.ru, maria.zhulina@kreml.ru, nch@kreml.ru, library@kreml.ru, store@kreml.ru, g.mikhailova@kreml.ru, Julia.Kh@kreml.ru, job@kreml.ru;+7 (495) 697‒03‒49, +74956970349, +74956954631, +74956954146, +74956903094, +74956957581, +74956974115, null, +74956959558, +74956959723, +74956904858, +74956954187, +74956978086, +74956957927, +74956959665, +74956958541, +74956975579, +74956974361, +74956956649, +74956974062, +74956454631, +74956240902, +74956953812, +74956953912, +74956959887, +74956970878, +74956959575, +74956240264, +74956959842, +74956957064, +74956953998, +74956976096, +74956956575;55.751307;37.617336;"Сайт доступен; запись музея требует проверки"
Патриарший музей церковного искусства;улица Волхонка, 15;Музеи;Искусство и архитектура, Религия и духовная культура;Предварительно по названию;http://fxxc.ru, http://patriarchia.ru/db/text/4264387.html;;fondxxc@fxxc.ru;+7 (495) 988‒66‒82;55.744357;37.605987;"Сайт доступен; запись музея требует проверки"
Патриотический клуб Победоносец;Армянский пер., 3-5с10, Москва;Музеи;Военная история;Предварительно по названию;;;;;55.760864;37.635733;Справочник: актуальность не проверена
Первый Кавалерский корпус, музей;Дольская улица, 1;Музеи;Другие / требуют уточнения;Предварительно по названию;http://tsaritsyno-museum.ru;https://t.me/tsaritsyno_museum;tickets-vozvrat_ts@culture.mos.ru, buro_ts@culture.mos.ru, comifo_ts@culture.mos.ru, sport_ts@culture.mos.ru, tsaritsynomuseum@culture.mos.ru, press.tsaritsyno@culture.mos.ru, personal_ts@culture.mos.ru, tsaritsyno@culture.mos.ru, TSMR-Friends@culture.mos.ru, GrishinaEA@culture.mos.ru;+7 (495) 322‒44‒33, +74953224433, +74953253141, +79015243114, +79260015659, +74953218609;55.61669;37.683945;"Сайт доступен; запись музея требует проверки"
Первый открытый музей кинологии;ул. Академика Скрябина, 25/1к1, Москва;Музеи;Музыка, театр и кино;Предварительно по названию;;;;;55.697134;37.792702;Справочник: актуальность не проверена
Перевернутый город;просп. Мира, 119, стр. 55, Москва;Музеи;Другие / требуют уточнения;Предварительно по названию;https://msk.smile-park.ru/;;support@smile-park.ru;8 (800) 600-58-08, 84993258100;55.835243;37.622961;"Сайт доступен; запись музея требует проверки"
Передние ворота;просп. Андропова, 39, стр. 3, Москва;Музеи;Другие / требуют уточнения;Предварительно по названию;http://mgomz.ru/;https://t.me/kolomenskoe_moscow;;+7 (499) 614-88-80, +7 (499) 782-89-17, +7 (499) 782-89-21;55.667585;37.669381;"Сайт доступен; запись музея требует проверки"
Передние ворота, билетная касса;;Музеи;Другие / требуют уточнения;Предварительно по названию;http://mgomz.ru;https://t.me/kolomenskoe_moscow;;+7 (499) 614‒88‒80, +7 (499) 615‒27‒68, +7 (499) 615‒27‒71;55.667169;37.669297;"Сайт доступен; запись музея требует проверки"
Передние ворота, музей;проспект Андропова, 39 ст3;Музеи;Другие / требуют уточнения;Предварительно по названию;http://mgomz.ru;https://t.me/kolomenskoe_moscow;;+7 (499) 615‒27‒68, +7 (499) 615‒27‒71;55.667523;37.669356;"Сайт доступен; запись музея требует проверки"
Петровский путевой дворец;Ленинградский проспект, 40;Музеи;Другие / требуют уточнения;Предварительно по названию;http://mosmuseum.ru/tours/p/petrovskiy-putevoy-dvorets;https://t.me/mosmuseum, https://t.me/mosburomm, https://t.me/muzarhmos, https://t.me/m_sadovoekoltso, https://t.me/zelmus;dobrolyubovlib@culture.mos, g.barilko@mosmuseum.ru, gerbovy-zal@culture.mos, media@mosmuseum.ru, mosburo-mm@culture.mos, mosburo@mosmuseum.ru, muzarhmos@culture.mos, muzeimoskvi@culture.mos, pr-mm@culture.mos, rgop-eventsmm@culture.mos, shteynmillerov@culture.mos, teslenkoer@culture.mos, muzeimoskvi@culture.mos.ru, mosburo-mm@culture.mos.ru, deti-mm@culture.mos.ru, pr-mm@culture.mos.ru, rgop-eventsmm@culture.mos.ru;"+7 (495) 266‒59‒74,  +7 499 731 82 89 / +7 499 717-16-02, +74957390008, +7 495 739-00-08, +7 495 739 00 08, +74956377005, +79684098277, +74956920020, +74956373135, +74956081403, +74956089216, +74953607786, +74997318289, +74997171602, +74957300008;ext=5050";55.79321;37.552796;"Сайт доступен; запись музея требует проверки"
Планетарий Центрального дома Российской армии им. М. Фрунзе;Суворовская площадь, 2, стр. 32, Москва;Музеи;Военная история;Предварительно по названию;http://www.planetarium-cc.moscow/;;info@planetarium-cc.moscow;;55.781272;37.621562;"Сайт доступен; запись музея требует проверки"
По сусекам, музей русского быта;Берсеневская набережная, 18-20-22 ст2;Музеи;Быт, ремёсла и гастрономия;Предварительно по названию;http://posusecam.ru;https://t.me/posusecam;info@posusecampro.ru;+79265807565;55.743801;37.610943;"Сайт доступен; запись музея требует проверки"
Подводная лодка Б-396 Новосибирский Комсомолец;Москва, парк культуры и отдыха Северное Тушино;Музеи;Другие / требуют уточнения;Предварительно по названию;http://mosparks.ru/vmf/;https://t.me/severnie_parki;mpksevtushino@culture.mos.ru;+7 (495) 640-73-56;55.852466;37.456442;"Сайт доступен; запись музея требует проверки"
Подземелье Тёмного Лорда;Каланчёвская ул., 32, Москва;Музеи;Другие / требуют уточнения;Предварительно по названию;http://домгарри.рф/slytherin;https://t.me/mirgarry, https://t.me/dom_garry, https://t.me/markofi;domgarry@yandex.ru, domgarry@ya.ru;+74956498428, +79309374704, +79959053847, +79581757824, +79175863584, +79251935330, ‪+79777031329‬, +79110916476;55.779702;37.64533;"Сайт доступен; запись музея требует проверки"
Подземная Москва, музей в бомбоубежище;Мантулинская улица, 7 ст33;Музеи;Другие / требуют уточнения;Предварительно по названию;http://podzemnayamoskva.ru;https://t.me/vnizu_ru, https://t.me/v_bunkere_ne_strashno;bomb@vnizu.ru;+7 (495) 369‒00‒43;55.754018;37.544823;"Сайт доступен; запись музея требует проверки"
Подземный музей;улица Варварка, 6 ст6;Музеи;Другие / требуют уточнения;Предварительно по названию;http://zaryadyepark.ru, https://welcome.zaryadyepark.ru/;https://t.me/zaryadye_official;a.atroschenko@zaryadyepark.ru, a.gataulina@zaryadyepark.ru, a.priklonsky@zaryadyepark.ru, a.silantyev@zaryadyepark.ru, a.sotin@zaryadyepark.ru, a.zorin@zaryadyepark.ru, d.shishkin@zaryadyepark.ru, e.arefyeva@zaryadyepark.ru, e.golovin@zaryadyepark.ru, e.ignatova@zaryadyepark.ru, e.kononov@zaryadyepark.ru, e.novikov@zaryadyepark.ru, e.sapunov@zaryadyepark.ru, e.voitsekhovskaya@zaryadyepark.ru, feedback@zaryadye-park.ru, i.demidov@zaryadyepark.ru, iy.veliksar@zaryadyepark.ru, k.karpenko@zaryadyepark.ru, l.karpenko@zaryadyepark.ru, l.malinovskaya@zaryadyepark.ru, m.gurev@zaryadyepark.ru, m.zanikov@zaryadyepark.ru, n.vinogradov@zaryadyepark.ru, o.burkova@zaryadyepark.ru, o.karpenko@zaryadyepark.ru, p.fomenko@zaryadyepark.ru, p.zhivagin@zaryadyepark.ru, parkzaryadye@culture.mos, press@zaryadye-park.ru, press@zaryadyepark.ru, s.orlova@zaryadyepark.ru, support@zaryadye-park.ru, support@zaryadyepark.ru, u.shirikov@zaryadyepark.ru, u.suvorova@zaryadyepark.ru, v.arsentyev@zaryadyepark.ru, v.dvirnik@zaryadyepark.ru, v.s, Feedback@zaryadye-park.ru, parkzaryadye@culture.mos.ru, marketing@zaryadyepark.ru, edu@zaryadyepark.ru, tour@zaryadyepark.ru, englishcourt@zaryadyepark.ru, work@zaryadye.com, tour@zaryadye-park.ru, marketing@zaryadye-park.ru, feedback@zaryadyepark.ru;+7 (495) 531‒05‒00, +7 (495) 531-05-00, +7 (495) 531-05-26, +7 (495) 531-05-05, +7 (495) 531-05-45, +7 (495) 531-05-34, +7 (495) 531-05-32, 8 (495) 531-05-00, +7 (495) 531-05-04, +7 (985) 007-17-97;55.750043;37.628528;"Сайт доступен; запись музея требует проверки"
Подпольная типография 1905-1906 гг;Лесная ул., 55, стр. 1, Москва;Музеи;Другие / требуют уточнения;Предварительно по названию;http://sovrhistory.ru/, https://www.sovrhistory.ru/museum/build/typography/;https://t.me/sovrhistory;buro@sovrhistory.ru, museum@sovrhistory.ru, podpolye@sovrhistory.ru, pr.sovr@yandex.ru, kr-presnya@sovrhistory.ru, Sadovnicheskaya@sovrhistory.ru, galereya@sovrhistory.ru, Podpolye@sovrhistory.ru, katyn-memorial@mail.ru, mednoe@sovrhistory.ru;+7 (499) 251-69-43, +74956996724, +74992523035, +74956997418, +74955908356, +74992516943, +74812305642, Экскурсионное бюро;55.781718;37.593046;"Сайт доступен; запись музея требует проверки"
Поезд Деда мороза;Комсомольская площадь, вл1а ст2;Музеи;Другие / требуют уточнения;Предварительно по названию;http://poezddedamoroza.ru;https://t.me/dedmoroztrain;;+7 (499) 266‒56‒32;55.775885;37.651242;"Сайт доступен; запись музея требует проверки"
Политехнический музей;Новая площадь, 3/4;Музеи;Наука и техника;Предварительно по названию;http://polymus.ru;https://t.me/polytechmuseum;bpm@polymus.ru, chz@polymus.ru, chz@polytech.one, hello@polytech.one, info@polytech.one, lskharitonova@polymus.ru, nbo@polymus.ru, of@polymus.ru, partnership@polytech.one, press@polytech.one, question@polytech.one, u003evisit@polytech.one, visit@polytech.one, visitvn@polytech.one, ydetei@polytech.one;+7 (495) 730‒54‒38, +7 (495) 780‒60‒27;55.757265;37.630794;"Сайт доступен; запись музея требует проверки"
Политехнический музей, Открытая коллекция;Волгоградский просп., 42, корп. 5, Москва;Музеи;Наука и техника;Предварительно по названию;https://polymus.ru/, https://polymus.ru/ru/museum/exhibition_halls/open_storage/;https://t.me/polytechmuseum;;+7 (495) 780-60-26, +7 (495) 780-60-27;55.709076;37.722686;"Сайт доступен; запись музея требует проверки"
Полицвет, музей комнатного цветоводства;Чечёрский проезд, 22 к1;Музеи;Другие / требуют уточнения;Предварительно по названию;;;;+7 (495) 716‒04‒54;55.538417;37.539617;Справочник: актуальность не проверена
Потомки, этнографический музей-мастерская;улица Гончарова, 15а;Музеи;История и культура;Предварительно по названию;;;;;55.816734;37.587193;Справочник: актуальность не проверена
Почвенно-агрономический музей им. В. Р. Вильямса;Тимирязевская улица, 55;Музеи;Природа и естествознание;Предварительно по названию;http://museum-williams.ru;https://t.me/museumcats;museum.williams@gmail.com;+7 (499) 976‒02‒80;55.834525;37.548869;Справочник: актуальность не проверена
Почвенно-агрономический музей имени В.Р. Вильямса;Тимирязевская ул., 55, Москва;Музеи;Природа и естествознание;Предварительно по названию;http://museum-williams.ru/, https://museum.timacad.ru/%D0%BF%D0%BE%D1%87%D0%B2%D0%B5%D0%BD%D0%BD%D0%BE-%D0%B0%D0%B3%D1%80%D0%BE%D0%BD%D0%BE%D0%BC%D0%B8%D1%87%D0%B5%D1%81%D0%BA%D0%B8%D0%B9-%D0%BC%D1%83%D0%B7%D0%B5%D0%B9-%D0%B8%D0%BC-%D0%B2-%D1%80-%D0%B2/;;museum.williams@gmail.com, museum.williams@rgau-msha.ru, nmuseum.williams@rgau-msha.ru;+7 (499) 976-02-80;55.834402;37.548531;Справочник: актуальность не проверена
Православный духовно-культурный центр при храме святого равноапостольного князя Владимира в Тушине;Волоколамское шоссе, 71а ст1;Музеи;Религия и духовная культура;Предварительно по названию;http://hramkv.ru;https://t.me/hramkv;vladimirhram71@yandex.ru;+79854909933;55.812149;37.423298;"Сайт доступен; запись музея требует проверки"
Прекрасное далеко, музей советской игрушки;Большая Пироговская улица, 53;Музеи;Быт, ремёсла и гастрономия;Предварительно по названию;http://xn--b1acebhjbdcjdo3ad7ahdrlp9h.xn--p1ai;https://t.me/prekrasnoe_daleko_museum;museum.prekrasnoe-daleko@mail.ru;+7 (495) 960‒77‒06, +74959607706;55.72724;37.560929;"Сайт доступен; запись музея требует проверки"
Про шоколад, сладкий музей;Андропова проспект, 1;Музеи;Быт, ремёсла и гастрономия;Предварительно по названию;;;;;55.69414;37.67574;Справочник: актуальность не проверена
Пряничное дело;Большой Харитоньевский пер., 17/13, Москва;Музеи;Другие / требуют уточнения;Предварительно по названию;http://gingerbread-msk.ru/;https://t.me/gingerbread_msk, https://t.me/kiberone_krylatskoe, https://t.me/gingerbreadmos;;79850434969;55.766007;37.648294;"Сайт доступен; запись музея требует проверки"
Психиатрическая клиническая больница № 1 им. Н. А. Алексеева, музей;Загородное ш., 2, стр. 1Б, Москва;Музеи;Другие / требуют уточнения;Предварительно по названию;https://pkb1.ru/;https://t.me/pkb1alekseeva;info@ro77.fss.ru, pkb1@zdrav.mos.ru;+7 (495) 952-11-14, </a>Версия для слабовидящих, +7 499 143-49-14, +7 495 952 91 61, +7 495 952 88 33;55.697366;37.605336;"Сайт доступен; запись музея требует проверки"
Птичий двор;ул. Старые Кузьминки, 12, Москва;Музеи;Другие / требуют уточнения;Предварительно по названию;;;;;55.690676;37.785171;Справочник: актуальность не проверена
Пушкинський участок;ул. Старые Кузьминки, 12, Москва;Музеи;Другие / требуют уточнения;Предварительно по названию;;;;;55.690698;37.785138;Справочник: актуальность не проверена
Пчеловодство, эколого-просветительский центр;проспект Мира, 119 ст28;Музеи;Природа и естествознание;Предварительно по названию;;https://t.me/mospriroda;;+7 (495) 966‒09‒22;55.836373;37.616507;Справочник: актуальность не проверена
Рабочий и колхозница, музейно-выставочный центр;проспект Мира, 123Б;Музеи;Другие / требуют уточнения;Предварительно по названию;http://vdnh.ru, http://znanie.vdnh.ru;;457227b83f0142d7b132b18b3e2b6238@glitchtip.vdnh, admin_museum@vdnh.ru, adv@vdnh.ru, doverie@vdnh.ru, events@vdnh.ru, expo@vdnh.ru, info@moskvarium.ru, info@vdnh.ru, it@vdnh.ru, kantropov@vdnh.ru, lektorij@vdnh.ru, loyalty@vdnh.ru, museum@vdnh.ru, ngoncharova@vdnh.ru, orion@vdnh.ru, orionpartners@vdnh.ru, orionpr@vdnh.ru, partners@vdnh.ru, press@vdnh.ru, rabota@vdnh.ru, rent@vdnh.ru, souvenirs@vdnh.ru, tickets@vdnh.ru, tour_registration@vdnh.ru, tour@atom.museum, zamnieva@vdnh.ru, app@vdnh.ru, cosmos@vdnh.ru;8(495) 544-34-00, +74957483420, +74955443400, +74957483480, +74959743366, +74959743535, +79859696055, +74959743302, +79166331083, +74991810396, +74997602585;55.828267;37.646369;"Сайт доступен; запись музея требует проверки"
Радиомузей Валерия Громова;Сущёвская улица, 9 ст4;Музеи;Другие / требуют уточнения;Предварительно по названию;http://rkk-museum.ru, http://www.rkk-museum.ru/;;museum@rkk.ru;+7 (499) 972‒42‒00, +7 (495) 744-10-70;55.780528;37.601308;"Сайт доступен; запись музея требует проверки"
Разрушенный, но живoй, музей;Малый Златоустинский переулок, 5 ст1;Музеи;Другие / требуют уточнения;Предварительно по названию;http://zlatoustmonastyr.ru;;zlatoustmonastyr@yandex.ru;;55.759042;37.634255;"Сайт доступен; запись музея требует проверки"
РГАУ-МСХА им. К.А. Тимирязева, музей коневодства;Тимирязевская улица, 44;Музеи;Природа и естествознание;Предварительно по названию;http://museum.timacad.ru/%D0%BD%D0%B0%D1%83%D1%87%D0%BD%D0%BE-%D1%85%D1%83%D0%B4%D0%BE%D0%B6%D0%B5%D1%81%D1%82%D0%B2%D0%B5%D0%BD%D0%BD%D1%8B%D0%B9-%D0%BC%D1%83%D0%B7%D0%B5%D0%B9-%D0%BA%D0%BE%D0%BD%D0%B5%D0%B2%D0%BE%D0%B4/;https://t.me/horsemuseum;anatomy_muz@rgau-msha.ru, grishn69@mail.ru, horsemus@rgau-msha.ru, t.condratowa2016@yandex.ru;+7 (499) 976‒10‒03;55.830751;37.552939;Справочник: актуальность не проверена
Редакционно-издательский отдел государственной Третьяковской галереи;;Музеи;Искусство и архитектура;Предварительно по названию;http://www.tretyakovgallery.ru/for-visitors/museums/tretyakovskaya-galereya/, https://www.tretyakovgallery.ru/;;;+7 (495) 953-66-07, +7 (495) 957-07-27, +7 (495) 957-07-27 (колл-центр), +7 (929) 515-82-94 (музей);55.743426;37.620555;"Сайт доступен; запись музея требует проверки"
Реставрационные мастерские Музея Востока;проспект Мира, 119 ст179;Музеи;История и культура;Предварительно по названию;http://roerichsmuseum.ru;;info@orientmuseum.ru, press@orientmuseum.ru;+7 (495) 691‒82‒19, +7 (499) 584‒35‒08;55.836906;37.625465;"Сайт доступен; запись музея требует проверки"
РЖД, выставочный комплекс;Рижская площадь, 3;Музеи;Другие / требуют уточнения;Предварительно по названию;;;;+7 (499) 262‒03‒76, +7 (499) 262‒44‒20;55.7938;37.632516;Справочник: актуальность не проверена
Рманпо Минздрава России;Смольная улица, 38;Музеи;Другие / требуют уточнения;Предварительно по названию;http://museum.rmapo.ru;;mmuseum@rmapo.ru;+7 (499) 458‒56‒80, +7 (499) 458‒95‒30;55.867134;37.47643;"Сайт доступен; запись музея требует проверки"
Робостанция;просп. Мира, 119, стр. 2, Москва;Музеи;Музыка, театр и кино;Предварительно по названию;https://робостанция.рф/;https://t.me/robocorpmoscow;info@robocorp.moscow;+7 (495) 134-59-69, +7 (495) 241‑85‑09;55.828673;37.631397;"Сайт доступен; запись музея требует проверки"
Робостанция, научно-развлекательная выставка;проспект Мира, 119 ст2;Музеи;Музыка, театр и кино;Предварительно по названию;http://xn--80abwtcbllj6b9f.xn--p1ai;https://t.me/robocorpmoscow;ak@robocorp.moscow, asuschentsova@robocorp.moscow, dbubnova@robocorp.moscow, info@robocorp.moscow, on@robocorp.moscow, sz@robocorp.moscow, tour@robocorp.moscow;+7 (495) 134‒59‒69, +7 (495) 134-59-69, +7 (495) 241‑85‑09, +7 (999) 055-88-55;55.828615;37.631362;"Сайт доступен; запись музея требует проверки"
Роза Эйнема, музей истории кондитерской фабрики;Берсеневская набережная, 6 ст1;Музеи;История и культура;Предварительно по названию;http://rozaeinema.ru;;;+79167064573, +79772888521;55.740177;37.608816;"Сайт доступен; запись музея требует проверки"
РОСИЗО;Люблинская ул., 48, стр. 1, Москва;Музеи;Другие / требуют уточнения;Предварительно по названию;https://rosizo.ru/;https://t.me/ros_iso;info@rosizo.ru, knigi516@rosizo.ru, baget@rosizo.ru, pr@rosizo.ru;+7 (495) 350-02-95;55.680826;37.73743;"Сайт доступен; запись музея требует проверки"
РОСИЗО;Профсоюзная ул., 76, Москва;Музеи;Другие / требуют уточнения;Предварительно по названию;https://rosizo.ru/;https://t.me/ros_iso;info@rosizo.ru, knigi516@rosizo.ru, baget@rosizo.ru, pr@rosizo.ru;+7 (495) 350-02-95;55.660889;37.54371;"Сайт доступен; запись музея требует проверки"
Росизо;Петроверигский пер., 4, стр. 1, Москва;Музеи;Другие / требуют уточнения;Предварительно по названию;https://rosizo.ru/;https://t.me/ros_iso;info@rosizo.ru, knigi516@rosizo.ru, baget@rosizo.ru, pr@rosizo.ru;+7 (495) 350-02-95, +7 (495) 350-33-27, +7 (495) 350-45-76;55.756659;37.636505;"Сайт доступен; запись музея требует проверки"
Российская академия живописи, ваяния и зодчества Ильи Глазунова, музей;улица Мясницкая, 21 ст1;Музеи;Искусство и архитектура;Предварительно по названию;http://glazunov-academy.ru;https://t.me/glazunov_academy;;+7 (495) 621‒07‒02, +7 (495) 621‒57‒95, +7 (495) 623‒06‒34;55.764723;37.635605;"Сайт доступен; запись музея требует проверки"
Российская академия художеств мемориальный музей творческая мастерская С.Т. Коненкова;Тверской бул., 28/17, Москва;Музеи;Искусство и архитектура, История и культура;Предварительно по названию;http://rah.ru/, http://rah.ru/museums/muzey_masterskaya_s_t_konenkova.php;https://t.me/rah1757;galinabol@rah.ru, gid.tsereteli@yandex.ru, kanz@rah.ru, konenkov_museum@mail.ru, konenkov.museum@mail.ru, melashvili.n@rah.ru, rah1757@yandex.ru, takochemasova@mail.ru, nmukhina@yandex.ru, sun.f@rah.ru, it23@mail.ru, art-rah@mail.ru, olgavlasova.rah@yandex.ru, ngrigorieva@rah.ru, podisova.m@rah.ru, boytsova.rah@mail.ru, decorative_art@rah.ru, dolmatova13@gmail.com, region@rah.ru, info@rahusdv.ru, sergey_oleshnya@mail.ru, protokolrah@yandex.ru, povarova.o@rah.ru, planexhibition@gmail.com, innoart@mail.ru, nii-arts@yandex.ru, troxi60@yandex.ru, obr.rah@rah.ru, Archive@rah.ru, librah@list.ru, plan@rah.ru, torgi@rah.ru, aparinov.r@rah.ru, obr@rah.ru;+7 (495) 629-44-72, +7 (495) 629-61-39, +7 (495) 637-47-71;55.764027;37.605226;"Сайт доступен; запись музея требует проверки"
Российский государственный геологоразведочный университет им. Серго Орджоникидзе, музейный комплекс;улица Миклухо-Маклая, 23;Музеи;Природа и естествознание;Предварительно по названию;http://mgri.ru;https://t.me/mgri_official;admin@mgri.ru, director@sofmgri.ru, lobanovua@mgri.ru, naiborodinain@mgri.ru, netkorruptsiya@mgri.ru, office@mgri.ru, office@mrgi.ru, priem@mgri.ru, rektor@mgri.ru, savosinsv@mgri.ru, vashemail@pochta.ru, kmk@mgri.ru;+7 (495) 228‒00‒86, +7 (495) 228‒00‒87, +7 (495) 433‒15‒10, +74952551510, +74952554020, +74950232404, +74952280083, +74952280087, +74952280086, 84952551510;55.649324;37.512597;"Сайт доступен; запись музея требует проверки"
Российский музей леса;5-й Монетчиковский переулок, 4;Музеи;Другие / требуют уточнения;Предварительно по названию;http://roslesmuseum.ru;;forestmuseum@mail.ru;+7 (495) 959‒15‒17, +7 (495) 959‒15‒22;55.732762;37.633754;"Сайт доступен; запись музея требует проверки"
Российский музей леса;5-й Монетчиковский пер., 4, Москва;Музеи;Другие / требуют уточнения;Предварительно по названию;http://roslesmuseum.ru/;;forestmuseum@mail.ru;+7 (495) 959-15-17;55.732762;37.63374;"Сайт доступен; запись музея требует проверки"
Российский музей медицины;Большой Николоворобинский переулок, 7 ст1;Музеи;Наука и техника;Предварительно по названию;http://medmuseum.ru;https://t.me/medmuseum;gratcheva@gmail.com, rmm@nriph.ru, info@nriph.ru;+7 (495) 917‒78‒34, +7 (495) 917-78-34;55.751927;37.649225;"Сайт доступен; запись музея требует проверки"
Российский музей медицины;Большой Николоворобинский пер., 7, стр. 1, Москва;Музеи;Наука и техника;Предварительно по названию;http://medmuseum.ru/;https://t.me/medmuseum;rmm@nriph.ru, info@nriph.ru;+7 (495) 917-78-34;55.751891;37.649213;"Сайт доступен; запись музея требует проверки"
Российский национальный музей музыки;улица Фадеева, 4;Музеи;Музыка, театр и кино;Предварительно по названию;http://music-museum.ru, https://music-museum.ru/;https://t.me/musicmuseum_ru;chaikovsky@music-museum.ru, email@test.com, goldenveizer@music-museum.ru, golovanov@music-museum.ru, info@music-museum.ru, odilar@music-museum.ru, prokofiev@music-museum.ru, shalyapin@music-museum.ru;+7 (495) 605‒65‒15, +7 (495) 605-65-15, +7 (495) 605-65-15 (доб. 1140), +7 (495) 605-65-15 (доб. 1120), +7 (495) 605-65-15 (доб. 1156), +7 (495) 605-65-15 (доб. 1166), +7 (495) 605-65-15 (доб. 1172), +7 (495) 605-65-15 (доб. 1176), +7 (495) 605-65-15 (доб. 1174);55.774488;37.599806;"Сайт доступен; запись музея требует проверки"
Российский национальный музей музыки;Новинский бульвар, 25-27 к3 ст5;Музеи;Музыка, театр и кино;Предварительно по названию;http://music-museum.ru;https://t.me/musicmuseum_ru;chaikovsky@music-museum.ru, email@test.com, goldenveizer@music-museum.ru, golovanov@music-museum.ru, info@music-museum.ru, odilar@music-museum.ru, prokofiev@music-museum.ru, shalyapin@music-museum.ru;+7 (495) 605‒65‒15, +7 (495) 605-65-15, +7 (495) 605-65-15 (доб. 1140), +7 (495) 605-65-15 (доб. 1120), +7 (495) 605-65-15 (доб. 1156), +7 (495) 605-65-15 (доб. 1166), +7 (495) 605-65-15 (доб. 1172), +7 (495) 605-65-15 (доб. 1176), +7 (495) 605-65-15 (доб. 1174);55.756437;37.583341;"Сайт доступен; запись музея требует проверки"
Российский национальный музей музыки, Музей С. С. Прокофьева;ул. Большая Дмитровка, 5/6с3, Москва;Музеи;Музыка, театр и кино;Предварительно по названию;https://music-museum.ru/;https://t.me/musicmuseum_ru;info@music-museum.ru;+7 (495) 605-65-15, +7 (495) 605-65-15 (доб. 1140), +7 (495) 605-65-15 (доб. 1120), +7 (495) 605-65-15 (доб. 1156), +7 (495) 605-65-15 (доб. 1166), +7 (495) 605-65-15 (доб. 1172), +7 (495) 605-65-15 (доб. 1176), +7 (495) 605-65-15 (доб. 1174);55.760151;37.614394;"Сайт доступен; запись музея требует проверки"
Российский национальный музей музыки, музей-квартира Н. С. Голованова;Брюсов пер., 7, Москва;Музеи-квартиры;Музыка, театр и кино;Предварительно по названию;https://music-museum.ru/;https://t.me/musicmuseum_ru;chaikovsky@music-museum.ru, goldenveizer@music-museum.ru, golovanov@music-museum.ru, info@music-museum.ru, odilar@music-museum.ru, prokofiev@music-museum.ru, shalyapin@music-museum.ru;+7 (495) 605-65-15, +7 (495) 605-65-15 (доб. 1140), +7 (495) 605-65-15 (доб. 1120), +7 (495) 605-65-15 (доб. 1156), +7 (495) 605-65-15 (доб. 1166), +7 (495) 605-65-15 (доб. 1172), +7 (495) 605-65-15 (доб. 1176), +7 (495) 605-65-15 (доб. 1174);55.758175;37.605749;"Сайт доступен; запись музея требует проверки"
Российский университет дружбы народов им. Патриса Лумумбы, Музей истории РУДН;Миклухо-Маклая улица, 10 к3;Музеи;История и культура;Предварительно по названию;http://history.rudn.ru, http://jivo.chat/513nEX8Xb5;;gladush-ad@rudn.ru, maratkanova-dp@rudn.ru, pr@rudn.ru;+7 (495) 787‒38‒03, +7 (495) 787‒38‒27, +74957873803;55.649472;37.503785;"Сайт доступен; запись музея требует проверки"
Российский университет спорта ГЦОЛИФК, историко-спортивный музей;Сиреневый бульвар, 4;Музеи;История и культура, Спорт;Предварительно по названию;http://gtsolifk.ru, http://museum.sportedu.ru;https://t.me/rus_gtsolifk, https://t.me/pkrusgtsolifk;ahu@gtsolifk.ru, akimushkin.rv@gtsolifk.ru, alekseeva.ta@gtsolifk.ru, ananin.as@gtsolifk.ru, anatomy@gtsolifk.ru, andreeva.am@gtsolifk.ru, antonova.np@gtsolifk.ru, aronova.tv@gtsolifk.ru, aspirantura@gtsolifk.ru, avilova.nl@gtsolifk.ru, babel.ta@gtsolifk.ru, bagomedov.ka@gtsolifk.ru, baikovskiy.yv@gtsolifk.ru, balezina.tv@gtsolifk.ru, baranov.ov@gtsolifk.ru, barchukova.gv@gtsolifk.ru, barinova.gv@gtsolifk.ru, barybin.da@gtsolifk.ru, batalov.ag@gtsolifk.ru, bazhinov.si@gtsolifk.ru, belitskaya.la@gtsolifk.ru, belyaev.fp@gtsolifk.ru, belyakova.ea@gtsolifk.ru, belyakova.iv@gtsolifk.ru, berinov.bd@gtsolifk.ru, bestaev.aa@gtsolifk.ru, blinov@gtsolifk.ru, bogdanova.tb@gtsolifk.ru, bolshedvorskaya.mv@gtsolifk.ru, borisiuk@gtsolifk.ru, borisova.ko@gtsolifk.ru, borkova.oa@gtsolifk.ru, borovskih.sv@gtsolifk.ru, burdina.me@gtsolifk.ru, chabanova.av@gtsolifk.ru, chair.afk@gtsolifk.ru, chair.athletics@gtsolifk.ru, chair.basketball@gtsolifk.ru, chair.biochem@gtsolifk.ru, chair.biomec@gtsolifk.ru, chair.boxing@gtsolifk.ru, c, rectorat@gtsolifk.ru, pk@gtsolifk.ru, priem@minobrnauki.gov.ru;+7 (495) 961‒31‒11, +74959613111, +,, +74959613111,5555, +74959613111,5020, +74959613111,5556, +74959613111,5216, +74959613111,5203, +74959613111,5239, +74959613111,, +74959613111,5363, +74959613111,5055, +74959613111,5054, +74959613111,5213, +74959613111,5428, +74959613111,5210, +74959613111,5276, +74959613111,5277, +74959613111,5270, +74959613111,5235, +74959613111,5293, +74959613111,5294, +74959613111,5104, +74959613111,5261, +74959613111,5290, +74959613111,5266, +74959613111,5267, +74959613111,5291, +74959613111,5292, +74959613111,5056, +74959613111,5249, +74959613111,5456, +74959613111,5459, +74959613111,5458, +74959613111,5460, +74959613111,5457, +74959613111,5357, +74959613111,5331, +74959613111,5325, +74959613111,5358, +74959613111,5121, +74959613111,5324, +74959613111,5337, +74959613111,5338, +74959613111,5197, +74959613111,5391, +74959613111,5298, +74959613111,5361, +74959613111,5231, +74959613111,5335, +74959613111,5353, +74959613111,5492, +74959613111,5295, +74959613111,5344, +74959613111,5345, +74959613111,5221, +74959613111,5495, +74959613111,5202, +74959613111,5220, +74959613111,5317, +74959613111,5356, +74959613111,5241, +74959613111,5351, +74959613111,5454, +74959613111,5429, +74959613111,5319, +74959613111,5253, +74959613111,5233, +74959613111,5181, +74959613111,5177, +74959613111,5174, +74959613111,5387, +74959613111,5430, +74959613111,5422, +74959613111,5393, +74959613111,5476, +74959613111,5475, +74959613111,5026, +74959613111,5030, +74959613111,5032, +74959613111,5118, +74959613111,5119, +74959613111,5039, +74959613111,5103, +74959613111,5036, +74959613111,5038, +74959613111,5359, +74959613111,5346, +74959613111,5350, +74959613111,5394, +74959613111,5390, +74959613111,5434, +74959613111,5433, +74959613111,5432, +74959613111,5269, +74959613111,5330, +74959613111,5327, +74959613111,5329, +74959613111,5328, +74959613111,5019, +74959613111,5021, +74959613111,5471, +74959613111,5137, +74959613111,5469, +74959613111,5470, +74959613111,5489, +74959613111,5077, +74959613111,5069, +74959613111,5070, +74959613111,5068, +74959613111,5073, +74959613111,5074, +74959613111,5225, +74959613111,5493, +74959613111,5494, +74959613111,5497, +74959613111,5498, +74959613111,5392, +74959613111,5352, +74959613111,5441, +74959613111,5479, +74959613111,5185, +,5198, +74959613111,5186, +74959613111,5187, +74959613111,5436, +74959613111,5011, +74959613111,5399, +74959613111,5012, +74959613111,5461, +74959613111,5147, +74959613111,5348, +74959613111,5466, +74959613111,5135, +74959613111,5465, +74959613111,5140, +74959613111,5138, +74959613111,5496, +74959613111,5273, +74959613111,5314, +74959613111,5274, +74959613111,5364, +74959613111,5230, +74959613111,5010, +74959613111,5381, +74959613111,5491, +74959613111,5090, +74959613111,5091, +74959613111,5303, +74959613111,5278, +74959613111,5417, +74959613111,5418, +74959613111,5125, +74959613111,5416, +74959613111,5262, +74959613111,5302, +74959613111,5301, +74959613111,5464, +74959613111,5463, +74959613111,5092, +74959613111,5322, +74959613111,5445, +74959613111,5168, +74959613111,5132, +74959613111,5258, +74959613111,5127, +74959613111,5396, +74959613111,5226, +74959613111,5334, +74959613111,5339, +74959613111,5395, +74959613111,5315, +74959613111,5486, +74959613111,5305, +74959613111,5086, +74959613111,5207, +74959613111,5385, +74959613111,5247, +74959613111,5198, +74959613111,5453, +,5197, +74959613111,5071, +,5121, +74959613111,5194, +74959613111,5151, +74959613111,5310, +74959613111,5075, +74959613111,5161, +74959613111,5485, +74959613111,5484, +74959613111,5480, +74959613111,5487, +74959613111,5254, +74959613111,5483, +74959613111,5481, +74959613111,5401, +74959613111,5318, +74959613111,5280, +74959613111,5114, +74959613111,5283, +74959613111,5117, +74959613111,5284, +74959613111,5281, +74959613111,5282, +74959613111,5257, +74959613111,5149, +74959613111,5285, +74959613111,5116, +74959613111,5286, +74959613111,5287, +74959613111,5088, +74959613111,5289, +74959613111,5093, +74959613111,5455, +74959613111,5156, +74959613111,5157, +74959613111,5155, +74959613111,5201, +74959613111,5263, +74959613111,5095, +74959613111,5313, +74959613111,5268, +74959613111,5386, +74959613111,5013, +74959613111,5199, +74959613111,5238, +74959613111,5309, +74959613111,5307, +74959613111,5217, +74959613111,5383, +74959613111,5081, +74959613111,5370, +74959613111,5188, +74959613111,5376, +74959613111,5377, +74959613111,5080, +74959613111,5380, +74959613111,5005, +74959613111,5499, +74959613111,5008, +74959613111,5152, +74959613111,5085, +74959613111,5154, +74959613111,5366, +74959613111,5179, +74959613111,5365, +74959613111,5163, +74959613111,5082, +74959613111,5164, +74959613111,5450, +74959613111,5342, +74959613111,5341, +74959613111,5340, +74959613111,5382, +74959613111,5178, +74959613111,5378, +74959613111,5360, +74959613111,5403, +74959613111,5367, +74959613111,5094, +74959613111,5096, +74959613111,5368, +74959613111,5219, +74959613111,5033, +74959613111,5224, +74959613111,5218, +74959613111,5016, +74959613111,5128, +74959613111,5488, +74959613111,5444, +74959613111,5162, +74959613111,5467, +74959613111,5439, +74959613111,5400, +74959613111,5170, +74959613111,5388, +74959613111,5477, +74959613111,5229, +74959613111,5398, +74959613111,5246, +74959613111,5172, +74959613111,5447, +74959613111,5171, +74959613111,5316, +74959613111,5175, +74959613111,5248, +74959613111,5006, +74959613111,5474, +74959613111,5296, +74959613111,5300, +74959613111,5438, +74959613111,5311, +74959613111,5083, +74959613111,5490, +74959613111,5027, +74959613111,5420, +74959613111,5421, +74959613111,5180, +74959613111,5452, +74959613111,5374, +74959613111,5404, +74959613111,5373, +74959613111,5372, +74959613111,5462, +74959613111,5184, +74959613111,5050, +74959613111,5245, +74959613111,5051, +74959613111,5052, +74959613111,5053, +74959613111,5097, +74959613111,5099, +74997482008,5244, +74959613111,5024, +74959613111,5272, +74959613111,5126, +74959613111,5426, +74959613111,911, +74959613111,5473, +74959613111,5472, +74959613111,5299, +74959613111,5102, +74959613111,2099, +74959613111,5101, +74959613111,5112, +74959613111,5100, +74959613111,6000, +74959613111,5145, +74959613111,6001, +74959613111,5320, +73952500117,5500, +73952500117,5503, +73952500117,5506, +73952500117,5509, +73952500117,5510, +73952500117,5513, +73952500117,5508, +73952500117,5505, +73952500117,5507, +73952500117,5502, +73952500117,5501, +74959613111,1;55.801428;37.760278;"Сайт доступен; запись музея требует проверки"
Россия — Моя История, исторический парк;проспект Мира, 119 ст57;Музеи;История и культура;Предварительно по названию;http://myhistorypark.ru;;info@expohistory.ru, press@expohistory.ru, sereda@expohistory.ru;8‒800‒555‒12‒63;55.834171;37.626304;Справочник: актуальность не проверена
Россия, национальный центр;Краснопресненская набережная, 14;Музеи;Другие / требуют уточнения;Предварительно по названию;;;;;55.749851;37.544112;Справочник: актуальность не проверена
Рот Фронт;2-й Новокузнецкий пер., 13/15с1, Москва;Музеи;Военная история;Предварительно по названию;http://www.uniconf.ru/;;;88002005599, +74997886812, +74956910819, +74996579701;55.734026;37.632121;"Сайт доступен; запись музея требует проверки"
Рудно-петрографический музей;Старомонетный пер., 35, стр. 7, Москва;Музеи;Другие / требуют уточнения;Предварительно по названию;http://www.igem.ru/muzei/muzei.html;https://t.me/igemras;dok@igem.ru, director@igem.ru, referent@igem.ru, anikina@igem.ru, aspirantura@igem.ru, media@igem.ru, mit0703@yandex.ru, mnickolsky@yandex.ru;+7 (499) 230-82-92, +7 (916) 705-28-04, +7 (495) 951-15-87, +7 (499) 230-82-49, +7 (499) 230-82-59, +7 (965) 282-51-71, +7 (909) 953-23-42, +7 (499) 230-82-82;55.737339;37.620726;"Сайт доступен; запись музея требует проверки"
Русский быт, экологический центр;Бумажная просека, 21 ст2;Музеи;Природа и естествознание, Быт, ремёсла и гастрономия;Предварительно по названию;http://losinyiostrov.ru/;https://t.me/losinyiostrov, https://t.me/elk_island_national_park;ecotour@elkisland.ru, info@elkisland.ru, your@email.here;+7 (495) 323‒88‒85, +7(495)323-88-85, , +74953238885;55.862725;37.729409;"Сайт доступен; запись музея требует проверки"
Русский музей детского искусства;Якорная улица, 4;Музеи;Искусство и архитектура;Предварительно по названию;http://sobyanina.ru, http://sobyanina.ru/;https://t.me/rmdi_moscow;irenmarg@mail.ru; +79646406335;55.687752;37.681513;"Сайт доступен; запись музея требует проверки"
Русское деревянное зодчество;Москва, музей-заповедник Коломенское;Музеи;Другие / требуют уточнения;Предварительно по названию;http://mgomz.ru/;https://t.me/kolomenskoe_moscow;;+7 (499) 782-89-17, +7 (499) 782-89-21;55.673088;37.676715;"Сайт доступен; запись музея требует проверки"
Русское средневековье, музейный центр;улица Шверника, 17 к1 ст1;Музеи;Другие / требуют уточнения;Предварительно по названию;http://museumruss.ru;;museumruss@mail.ru, vs-ok@mail.ru;;55.691329;37.593463;"Сайт доступен; запись музея требует проверки"
РУТ (МИИТ), музей;улица Образцова, 9 ст9;Музеи;Другие / требуют уточнения;Предварительно по названию;http://rut-miit.ru/museum;;cmam_miit@mail.ru, info@rut-miit.ru, miitums@mail.ru, museum@miit.ru, pk@miit.ru, pk@rut-miit.ru, press@rut-miit.ru, spravka@miit.ru, support@miit.ru, support@rut-miit.ru, tu@miit.ru;+7 (495) 684‒29‒90;55.787738;37.608027;"Сайт доступен; запись музея требует проверки"
Сад им. Баумана-Дом с антресолями;Старая Басманная улица, 15 ст3;Музеи;Другие / требуют уточнения;Предварительно по названию;;;;;55.765723;37.660699;Справочник: актуальность не проверена
Садовое кольцо, музей;проспект Мира, 14 ст10;Музеи;Другие / требуют уточнения;Предварительно по названию;http://mosmuseum.ru/association/garden_ring/;https://t.me/mosmuseum, https://t.me/mosburomm, https://t.me/muzarhmos, https://t.me/m_sadovoekoltso, https://t.me/zelmus;g.barilko@mosmuseum.ru, muzeimoskvi@culture.mos, pr-mm@culture.mos, shteynmillerov@culture.mos, muzeimoskvi@culture.mos.ru, mosburo-mm@culture.mos.ru, deti-mm@culture.mos.ru, pr-mm@culture.mos.ru, rgop-eventsmm@culture.mos.ru;"+7 (495) 608‒14‒03, +7 (495) 608‒92‒16,  +7 499 731 82 89 / +7 499 717-16-02, +74957390008, +7 495 739-00-08, +7 495 739 00 08, +74956377005, +79684098277, +74956920020, +74956373135, +74956081403, +74956089216, +74953607786, +74997318289, +74997171602, +74957300008;ext=5050";55.775066;37.632684;"Сайт доступен; запись музея требует проверки"
Самоцветы, музей;улица Народного Ополчения, 29 к1;Музеи;Другие / требуют уточнения;Предварительно по названию;http://www.gemmuseum.ru;https://t.me/museum_samotsveti;gemmuseum@mail.ru;+7 (499) 192‒40‒19, +7 (499) 197‒54‒01, +7 (499) 946‒50‒83;55.782202;37.480166;"Сайт доступен; запись музея требует проверки"
Сахаровский центр;ул. Земляной Вал, 57, стр. 6, Москва;Музеи;История и культура;Предварительно по названию;https://www.sakharov-center.ru/;;info@sakharov-center.ru, secretary@sakharov-center.ru;;55.751182;37.658801;"Сайт доступен; запись музея требует проверки"
Свободные мастерские;ул. Петровка, 25, Москва;Музеи;Другие / требуют уточнения;Предварительно по названию;https://mmoma.ru/;https://t.me/mmoma;mmoma@culture.mos.ru, sansieva@mmoma.ru, studio@mmoma.ru, vasilenko@youngart.ru, research@mmoma.ru, andrew@mmoma.ru, secretary@mmoma.ru, info@mmoma.ru, VasilevaVV5@culture.mos.ru, pr@mmoma.ru, development@mmoma.ru, education@mmoma.ru, sidurmuseum@mmoma.ru, nalbandyan@mmoma.ru, DegtyarevaNS1@culture.mos.ru, freeworkshops@mmoma.ru, cadre@mmoma.ru, library@mmoma.ru, urist@mmoma.ru, tv@mmoma.ru;+7 (495) 694-28-90, +7 (495) 691-47-56, +74956507521, +7(495)6998052, +74956946375, +74956500563, +7 495 691 44 74, +7 495 690 68 70, +74956500578, +74959185181, +74956507490, +74956507504, +74956507358, +74956998052, +74956994880, +74956997991, +74992403146, +7 495 699 80 52;55.767056;37.614179;"Сайт доступен; запись музея требует проверки"
Сенсориум, музей в темноте;улица Арбат, 17;Музеи;Интерактивные и необычные;Предварительно по названию;http://muzey-sensorium.ru, https://muzey-sensorium.ru/main.php;https://t.me/sensorium_m, https://t.me/sensorium_support_bot;admin@muzey-sensorium.ru;+74951330605;55.751073;37.596638;"Сайт доступен; запись музея требует проверки"
Сибирский Левша;проспект Мира, 119 ст10;Музеи;Другие / требуют уточнения;Предварительно по названию;;;;;55.829613;37.629891;Справочник: актуальность не проверена
Сибирский Левша;просп. Мира, 119, стр. 10, Москва;Музеи;Другие / требуют уточнения;Предварительно по названию;https://levsha-pav10.ru/, https://vdnh.ru/;;admin@website.ru, info@vdnh.ru, loyalty@vdnh.ru, tickets@vdnh.ru, press@vdnh.ru, app@vdnh.ru, admin_museum@vdnh.ru, tour_registration@vdnh.ru, museum@vdnh.ru, expo@vdnh.ru, events@vdnh.ru, souvenirs@vdnh.ru, adv@vdnh.ru, partners@vdnh.ru, rabota@vdnh.ru, cosmos@vdnh.ru;+7 (495) 544-34-00, 8(495) 544-34-00, +74957483420, +74955443400, +74957483480, +74959743366, +74959743535, +79859696055, +74959743302, +79166331083, +74991810396, +74997602585;55.829618;37.629882;"Сайт доступен; запись музея требует проверки"
Слово;просп. Мира, 119, стр. 58, Москва;Музеи;Другие / требуют уточнения;Предварительно по названию;http://slovo.vdnh.ru/, http://vdnh.ru/;;info@vdnh.ru, slovo@vdnh.ru, admin_museum@vdnh.ru, press@vdnh.ru, app@vdnh.ru, tickets@vdnh.ru, tour_registration@vdnh.ru, museum@vdnh.ru, expo@vdnh.ru, events@vdnh.ru, souvenirs@vdnh.ru, adv@vdnh.ru, partners@vdnh.ru, rabota@vdnh.ru, cosmos@vdnh.ru;+7 (495) 544-34-00, +7 (495) 966-19-27, 8(495) 544-34-00, +74957483420, +74955443400, +74957483480, +74959743366, +74959743535, +79859696055, +74959743302, +79166331083, +74991810396, +74997602585;55.832698;37.626995;"Сайт доступен; запись музея требует проверки"
Смайл Парк;просп. Мира, 119, стр. 55, Москва;Музеи;Другие / требуют уточнения;Предварительно по названию;https://msk.smile-park.ru/;;support@smile-park.ru;8 (800) 600-58-08, 84993258100;55.835469;37.623448;"Сайт доступен; запись музея требует проверки"
Собор Благовещения Пресвятой Богородицы;Кремлёвская наб., 1, стр. 3, Москва;Музеи;Религия и духовная культура;Предварительно по названию;https://www.kreml.ru/;https://t.me/kremlinmuseums;head@kremlin.museum.ru, m.koroleva@kremlin.museum.ru, morozova@kremlin.museum.ru, press@kremlin.museum.ru, zabolotskikh@kremlin.museum.ru, buro16@kreml.ru, buro15@kreml.ru, deti@kreml.ru, medvedeva@kreml.ru, head@kreml.ru, partners@kreml.ru, kazarian@kreml.ru, malygina@kreml.ru, press@kreml.ru, milovzorova@kreml.ru, faleev@kreml.ru, design@kreml.ru, blagov@kreml.ru, andreeva.m@kreml.ru, maria.zhulina@kreml.ru, nch@kreml.ru, library@kreml.ru, store@kreml.ru, g.mikhailova@kreml.ru, Julia.Kh@kreml.ru, job@kreml.ru;+7 (495) 695-37-76, +7 (495) 695-41-46, +7 (495) 697-03-49, +74956970349, +74956954631, +74956954146, +74956903094, +74956957581, +74956974115, null, +74956959558, +74956959723, +74956904858, +74956954187, +74956978086, +74956957927, +74956959665, +74956958541, +74956975579, +74956974361, +74956956649, +74956974062, +74956454631, +74956240902, +74956953812, +74956953912, +74956959887, +74956970878, +74956959575, +74956240264, +74956959842, +74956957064, +74956953998, +74956976096, +74956956575;55.749958;37.616973;"Сайт доступен; запись музея требует проверки"
Собор Покрова Пресвятой Богородицы на РВУ;Красная площадь, 7, Москва;Музеи;Религия и духовная культура;Предварительно по названию;http://www.shm.ru/, https://shm.ru/museum/hvb/;https://t.me/state_historical_museum, https://t.me/stbasilscathedral;visitor@shm.ru, tula.visitor@shm.ru;+7 (495) 698-33-04, +74956923731, +74956983304, +74956982497, +74956981256, +74956982658, +74872773165;55.752507;37.62315;"Сайт доступен; запись музея требует проверки"
Собор святого Архистратига Михаила в Кремле;Манежная ул., 2/10с2, Москва;Музеи;История и культура, Религия и духовная культура;Предварительно по названию;http://archangel-cathedral.kreml.ru/, https://www.kreml.ru/;https://t.me/kremlinmuseums;buro16@kreml.ru, buro15@kreml.ru, deti@kreml.ru, medvedeva@kreml.ru, head@kreml.ru, partners@kreml.ru, kazarian@kreml.ru, malygina@kreml.ru, press@kreml.ru, milovzorova@kreml.ru, faleev@kreml.ru, design@kreml.ru, blagov@kreml.ru, andreeva.m@kreml.ru, maria.zhulina@kreml.ru, nch@kreml.ru, library@kreml.ru, store@kreml.ru, g.mikhailova@kreml.ru, Julia.Kh@kreml.ru, job@kreml.ru;+7 (495) 695-41-46, +7 (495) 697-03-49, +74956970349, +74956954631, +74956954146, +74956903094, +74956957581, +74956974115, null, +74956959558, +74956959723, +74956904858, +74956954187, +74956978086, +74956957927, +74956959665, +74956958541, +74956975579, +74956974361, +74956956649, +74956974062, +74956454631, +74956240902, +74956953812, +74956953912, +74956959887, +74956970878, +74956959575, +74956240264, +74956959842, +74956957064, +74956953998, +74956976096, +74956956575;55.750179;37.617675;"Сайт доступен; запись музея требует проверки"
Собор Успения Пресвятой Богородицы;Манежная ул., 2/10с2, Москва;Музеи;Религия и духовная культура;Предварительно по названию;http://assumption-cathedral.kreml.ru/, https://www.kreml.ru/;https://t.me/kremlinmuseums;head@kremlin.museum.ru, m.koroleva@kremlin.museum.ru, morozova@kremlin.museum.ru, press@kremlin.museum.ru, zabolotskikh@kremlin.museum.ru, buro16@kreml.ru, buro15@kreml.ru, deti@kreml.ru, medvedeva@kreml.ru, head@kreml.ru, partners@kreml.ru, kazarian@kreml.ru, malygina@kreml.ru, press@kreml.ru, milovzorova@kreml.ru, faleev@kreml.ru, design@kreml.ru, blagov@kreml.ru, andreeva.m@kreml.ru, maria.zhulina@kreml.ru, nch@kreml.ru, library@kreml.ru, store@kreml.ru, g.mikhailova@kreml.ru, Julia.Kh@kreml.ru, job@kreml.ru;+7 (495) 695-41-46, +7 (495) 695-41-87, +7 (495) 695-79-27, +7 (495) 697-03-49, +74956970349, +74956954631, +74956954146, +74956903094, +74956957581, +74956974115, null, +74956959558, +74956959723, +74956904858, +74956954187, +74956978086, +74956957927, +74956959665, +74956958541, +74956975579, +74956974361, +74956956649, +74956974062, +74956454631, +74956240902, +74956953812, +74956953912, +74956959887, +74956970878, +74956959575, +74956240264, +74956959842, +74956957064, +74956953998, +74956976096, +74956956575;55.750935;37.617013;"Сайт доступен; запись музея требует проверки"
Соборная палата;Лихов пер., 6, стр. 1, Москва;Музеи;Религия и духовная культура;Предварительно по названию;https://www.lihov6.ru/;https://t.me/lihov6, https://t.me/lihov6chat;info@lihov6.ru, arenda@lihov6.ru, lavka@lihov6.ru;+7 (495) 114-50-74, +74951145074, +79104739885, +79015727837;55.7721;37.612904;"Сайт доступен; запись музея требует проверки"
Собрание, музей;улица Солянка, 16;Музеи;Другие / требуют уточнения;Предварительно по названию;http://mus-col.com;https://t.me/mus_col;info@mus-col.com;+7 (495) 234‒06‒30;55.750605;37.641693;"Сайт доступен; запись музея требует проверки"
Советский Союз: вера и люди;Крапивенский пер., 4, стр. 2, Москва;Музеи;Другие / требуют уточнения;Предварительно по названию;;;;;55.766946;37.617495;Справочник: актуальность не проверена
Современный музей спорта;Авиационная улица, 68 к5;Музеи;Спорт;Предварительно по названию;http://smsport.ru, http://smsport.ru/;;info@smsport.ru, muzey@dialcon.ru;+7 (495) 942‒50‒01, +7 (495) 942-50-01;55.810496;37.453788;"Сайт доступен; запись музея требует проверки"
Сокол, музей радиоэлектроники;улица Электрозаводская, 24;Музеи;Другие / требуют уточнения;Предварительно по названию;http://oao-sokol.ru/;;;;55.789;37.708157;"Сайт доступен; запись музея требует проверки"
Соколиный двор, музей;проспект Андропова, 39 ст71;Музеи;Другие / требуют уточнения;Предварительно по названию;http://www.mgomz.ru;https://t.me/kolomenskoe_moscow;;+7 (499) 614‒88‒80;55.671947;37.680807;"Сайт доступен; запись музея требует проверки"
Сокровища гробницы Тутанхамона;просп. Мира, 119, стр. 10, Москва;Музеи;Другие / требуют уточнения;Предварительно по названию;https://tutanhamon.msk.ru/;https://t.me/tutanhamon_msk;;8 (800) 700-60-33, 88007006033;55.829719;37.629873;"Сайт доступен; запись музея требует проверки"
Союзмультфильм, музей;улица Академика Королёва, 21 ст1;Музеи;Музыка, театр и кино;Предварительно по названию;http://souzmultclub.ru, http://souzmultpark.ru;https://t.me/souzmultpark_bot, https://t.me/souzmultpark_vdnh;souzmultclub@souzmult.ru, souzmultpark@souzmult.ru, n.maslova@souzmult.ru, m.orlenko@souzmult.ru, i.komissarova@souzmult.ru, o.firuleva@souzmult.ru, smmsmp@souzmult.ru;+7 (495) 308‒00‒32, +7 (495) 308‒00‒34, +7 (495) 308-00-30, +74953080034, +74994954134, +79055082811, +79163326206, +79201756950, +79169395285, +79184107142;55.821047;37.601589;"Сайт доступен; запись музея требует проверки"
Спасская башня;Москва, Центральный административный округ, Тверской район, Кремль, 12;Музеи;Другие / требуют уточнения;Предварительно по названию;https://kremlin-architectural-ensemble.kreml.ru/architecture/view/spasskaya-bashnya-moskovskogo-kremlya, https://www.kreml.ru/;https://t.me/kremlinmuseums;head@kremlin.museum.ru, m.koroleva@kremlin.museum.ru, morozova@kremlin.museum.ru, press@kremlin.museum.ru, zabolotskikh@kremlin.museum.ru, buro16@kreml.ru, buro15@kreml.ru, deti@kreml.ru, medvedeva@kreml.ru, head@kreml.ru, partners@kreml.ru, kazarian@kreml.ru, malygina@kreml.ru, press@kreml.ru, milovzorova@kreml.ru, faleev@kreml.ru, design@kreml.ru, blagov@kreml.ru, andreeva.m@kreml.ru, maria.zhulina@kreml.ru, nch@kreml.ru, library@kreml.ru, store@kreml.ru, g.mikhailova@kreml.ru, Julia.Kh@kreml.ru, job@kreml.ru;+7 (495) 695-41-46, +7 (495) 697-03-49, +74956970349, +74956954631, +74956954146, +74956903094, +74956957581, +74956974115, null, +74956959558, +74956959723, +74956904858, +74956954187, +74956978086, +74956957927, +74956959665, +74956958541, +74956975579, +74956974361, +74956956649, +74956974062, +74956454631, +74956240902, +74956953812, +74956953912, +74956959887, +74956970878, +74956959575, +74956240264, +74956959842, +74956957064, +74956953998, +74956976096, +74956956575;55.752563;37.621441;"Сайт доступен; запись музея требует проверки"
Станция Подмосковная, музейно-производственный комплекс;2-й Амбулаторный проезд, 8а;Музеи;Музыка, театр и кино;Предварительно по названию;http://mzd.rzd.ru/ru/11454;;zrezerv@mail.ru;+7 (499) 266‒86‒02, +7 (499) 266‒86‒09;55.814163;37.527878;Справочник: актуальность не проверена
Старинная Лаборатория XIX века;просп. Мира, 26, стр. 1, Москва;Музеи;Другие / требуют уточнения;Предварительно по названию;;;;;55.777565;37.635206;Справочник: актуальность не проверена
Старо-Никольское, усадьба;Парковая улица, 18;Музеи;История и культура;Предварительно по названию;;;;+7 (499) 918‒08‒61;55.535744;37.154208;Справочник: актуальность не проверена
Старый Английский двор;улица Варварка, 4а;Музеи;Другие / требуют уточнения;Предварительно по названию;http://welcome.zaryadyepark.ru, https://welcome.zaryadyepark.ru/, https://www.zaryadyepark.ru/, https://www.zaryadyepark.ru/services/staryy-angliyskiy-dvor/;https://t.me/zaryadye_official;edu@zaryadyepark.ru, englishcourt@zaryadyepark.ru, feedback@zaryadyepark.ru, marketing@zaryadye-park.ru, marketing@zaryadyepark.ru, parkzaryadye@culture.mos, press@zaryadyepark.ru, support@zaryadye-park.ru, support@zaryadyepark.ru, tour@zaryadye-park.ru, tour@zaryadyepark.ru, feedback@zaryadye-park.ru, mail@mail.ru, parkzaryadye@culture.mos.ru, Feedback@zaryadye-park.ru, work@zaryadye.com;+7 (495) 531‒05‒00, +7 (495) 531-05-00, +7 (495) 531-05-26, +7 (495) 531-05-05, +7 (495) 531-05-45, +7 (495) 531-05-34, +7 (495) 531-05-32, 8 (495) 531-05-00, +7 (495) 531-05-04, +7 (985) 007-17-97;55.752328;37.626938;"Сайт доступен; запись музея требует проверки"
Стрелецкие палаты, музей военной истории;Лаврушинский переулок, 17 ст1;Музеи;Военная история, История и культура;Предварительно по названию;;;6481814@mail.ru;+7 (495) 648‒18‒14;55.741225;37.622469;Справочник: актуальность не проверена
Студия Военных Художников Имени Грекова М. Б.;ул. Советской Армии, 4, стр. 1, Москва;Музеи;Военная история;Предварительно по названию;;;;;55.7859;37.617663;Справочник: актуальность не проверена
Сытный двор;просп. Андропова, 39, стр. 6, Москва;Музеи;Другие / требуют уточнения;Предварительно по названию;https://www.mgomz.ru/;https://t.me/kolomenskoe_moscow;;+7 (499) 614-88-80;55.667093;37.669131;"Сайт доступен; запись музея требует проверки"
Тапан, музей;Олимпийский проспект, 9 ст2;Музеи;Другие / требуют уточнения;Предварительно по названию;http://armenianchurch.ru/tapan;;muzeyevents@armenianchurch.ru;+7 (495) 681‒07‒65;55.787907;37.621965;"Сайт доступен; запись музея требует проверки"
Творческая мастерская МСХ;Красноказарменная ул., 3, Москва;Музеи;Другие / требуют уточнения;Предварительно по названию;;;;;55.761736;37.688301;Справочник: актуальность не проверена
Творческая мастерская С. Т. Конёнкова, мемориальный музей;Тверской бульвар, 28/17;Музеи;Искусство и архитектура, История и культура;Предварительно по названию;http://rah.ru, http://rah.ru/museums/muzey_masterskaya_s_t_konenkova.php;https://t.me/rah1757;aparinov.r@rah.ru, archive@rah.ru, art-rah@mail.ru, avfedorov@rah.ru, boytsova.rah@mail.ru, decorative_art@rah.ru, galinabol@rah.ru, gid.tsereteli@yandex.ru, innoart@mail.ru, kanz@rah.ru, letter@rah.ru, librah@list.ru, lshirshova@rah.ru, maslakova@rah.ru, melashvili.n@rah.ru, ngrigorieva@rah.ru, obr.rah@rah.ru, obr@rah.ru, olgavlasova.rah@yandex.ru, plan@rah.ru, planexhibition@gmail.com, podisova.m@rah.ru, povarova.o@rah.ru, protokolrah@yandex.ru, rah1757@yandex.ru, region@rah.ru, takochemasova@mail.ru, torgi@rah.ru, troxi60@yandex.ru, nmukhina@yandex.ru, sun.f@rah.ru, it23@mail.ru, dolmatova13@gmail.com, info@rahusdv.ru, sergey_oleshnya@mail.ru, nii-arts@yandex.ru, Archive@rah.ru;+7 (495) 629‒44‒72, +7 (495) 629‒61‒39;55.764038;37.605329;"Сайт доступен; запись музея требует проверки"
Творческая мастерская театрального художника Боровского Д.Л.;Большой Афанасьевский переулок, 3 ст3;Музеи;Музыка, театр и кино;Предварительно по названию;http://www.gctm.ru;https://t.me/bakhrushinmuseum;qluqua@gmail.com;+7 (499) 484‒77‒77, +7 /499/ 484-77-77;55.745266;37.596975;"Сайт доступен; запись музея требует проверки"
Творческая мастерская театрального художника Д. Л. Боровского, Бахрушинский музей;Большой Афанасьевский пер., 5, Москва;Музеи;Музыка, театр и кино;Предварительно по названию;;;;;55.745222;37.596932;Справочник: актуальность не проверена
Творческое наследие академика Юрия Орехова, музей;Земледельческий переулок, 7;Музеи;Другие / требуют уточнения;Предварительно по названию;http://sculptura.ru;;info@sculptura.ru;+7 (499) 248‒02‒46;55.740309;37.578163;"Сайт доступен; запись музея требует проверки"
Теремной дворец;Манежная ул., 2/10с2, Москва;Музеи;Другие / требуют уточнения;Предварительно по названию;;;;;55.750585;37.615592;Справочник: актуальность не проверена
Товарищество живописцев Московского союза художников;1-я Тверская-Ямская ул., 20/1, Москва;Музеи;Искусство и архитектура;Предварительно по названию;http://www.artanum.ru/, https://moscow-painters.ru/;https://t.me/roo_msh;a.svergun@gmail.com, archcoworking@gmail.com, elena-moskaleva@yandex.ru, guschina.anna@gmail.com, info@moscow-painters.ru, souz-konkurs@mail.ru, press-msh@mail.ru, krkmsh@yandex.ru, artmsh2010@gmail.com;+7 (499) 251-51-08;55.773703;37.590229;"Сайт доступен; запись музея требует проверки"
Точка G;ул. Новый Арбат, 15, Москва;Музеи;Другие / требуют уточнения;Предварительно по названию;https://tochkag.net/;;;8 (800) 302-35-31;55.751794;37.59186;"Сайт доступен; запись музея требует проверки"
Точка G, музей эротического искусства;улица Новый Арбат, 15 ст1;Музеи;Искусство и архитектура;Предварительно по названию;http://tochkag.net, http://tochkag.net/;https://t.me/museumtochkag;info@tochkag.net, support@tochkag.net;8‒800‒302‒35‒31;55.751785;37.591942;"Сайт доступен; запись музея требует проверки"
ТраDарт;Духовской переулок, 17 ст3;Музеи;Другие / требуют уточнения;Предварительно по названию;http://tradart.ru;https://t.me/tradart_museum;folktoymuseum@mail.ru, info@tradart.ru;+7 (495) 150‒83‒00, +74951508300, +79932540154;55.704245;37.615258;"Сайт доступен; запись музея требует проверки"
Традарт;Духовской пер., 17, стр. 3, Москва;Музеи;Другие / требуют уточнения;Предварительно по названию;http://tradart.ru/;https://t.me/tradart_museum;info@tradart.ru;+7 (495) 150-83-00, +74951508300, +79932540154;55.704147;37.615133;"Сайт доступен; запись музея требует проверки"
Традиционные маски и фигуры мира;Измайловское ш., 73Ж, Москва;Музеи;Другие / требуют уточнения;Предварительно по названию;http://www.mif-mira.ru/;;;;55.794578;37.750631;"Сайт доступен; запись музея требует проверки"
Традиционные маски и фигуры мира;пр. Сокольнического Круга, 9, Москва;Музеи;Другие / требуют уточнения;Предварительно по названию;http://www.mif-mira.ru/;;;;55.794239;37.679044;"Сайт доступен; запись музея требует проверки"
Третий Кавалерский корпус, музей;Дольская улица, 1 ст3;Музеи;Другие / требуют уточнения;Предварительно по названию;http://tsaritsyno-museum.ru, http://www.tsaritsyno-museum.ru/;https://t.me/tsaritsyno_museum;tickets-vozvrat_ts@culture.mos.ru, buro_ts@culture.mos.ru, comifo_ts@culture.mos.ru, sport_ts@culture.mos.ru, tsaritsynomuseum@culture.mos.ru, press.tsaritsyno@culture.mos.ru, personal_ts@culture.mos.ru, tsaritsyno@culture.mos.ru, TSMR-Friends@culture.mos.ru, GrishinaEA@culture.mos.ru;+7 (495) 322‒44‒33, +7 (495) 322-44-33, +74953224433, +74953253141, +79015243114, +79260015659, +74953218609;55.617373;37.679847;"Сайт доступен; запись музея требует проверки"
Третьяковская Галерея, дом-музей В. М. Васнецова;пер. Васнецова, 13, стр. 1, Москва;Музеи-квартиры;Искусство и архитектура;Предварительно по названию;http://tretyakov.ru/, https://www.tretyakovgallery.ru/, https://www.tretyakovgallery.ru/for-visitors/museums/dom-muzey-v-vasnetsova/;;acceess@tretyakov.ru, access@tretyakov.ru, fundraising@tretyakov.ru, golubkina2014@yandex.ru, membership@tretyakov.ru, samara@tretyakov.ru, u003eacceess@tretyakov.ru, u003eaccess@tretyakov.ru;+7 (495) 681-13-29, +7 (495) 957-07-27, +7 (495) 957-07-27 (колл-центр), +7 (929) 515-82-94 (музей);55.776693;37.626076;"Сайт доступен; запись музея требует проверки"
Троицкая башня;Манежная ул., 2/10с2, Москва;Музеи;Другие / требуют уточнения;Предварительно по названию;https://www.kreml.ru/;https://t.me/kremlinmuseums;head@kremlin.museum.ru, m.koroleva@kremlin.museum.ru, morozova@kremlin.museum.ru, press@kremlin.museum.ru, zabolotskikh@kremlin.museum.ru, buro16@kreml.ru, buro15@kreml.ru, deti@kreml.ru, medvedeva@kreml.ru, head@kreml.ru, partners@kreml.ru, kazarian@kreml.ru, malygina@kreml.ru, press@kreml.ru, milovzorova@kreml.ru, faleev@kreml.ru, design@kreml.ru, blagov@kreml.ru, andreeva.m@kreml.ru, maria.zhulina@kreml.ru, nch@kreml.ru, library@kreml.ru, store@kreml.ru, g.mikhailova@kreml.ru, Julia.Kh@kreml.ru, job@kreml.ru;+7 (495) 697-03-49, +74956970349, +74956954631, +74956954146, +74956903094, +74956957581, +74956974115, null, +74956959558, +74956959723, +74956904858, +74956954187, +74956978086, +74956957927, +74956959665, +74956958541, +74956975579, +74956974361, +74956956649, +74956974062, +74956454631, +74956240902, +74956953812, +74956953912, +74956959887, +74956970878, +74956959575, +74956240264, +74956959842, +74956957064, +74956953998, +74956976096, +74956956575;55.752221;37.614503;"Сайт доступен; запись музея требует проверки"
У Троицы, музей;Троицкая улица, 7/1;Музеи;Другие / требуют уточнения;Предварительно по названию;;;;+7 (495) 681‒11‒04;55.774857;37.62235;Справочник: актуальность не проверена
Уголок дедушки Дурова, музей;улица Дурова, 2 ст1;Музеи;Другие / требуют уточнения;Предварительно по названию;http://ugolokdurova.ru;https://t.me/theatredurov;personal@uddmos.ru, press@uddmos.ru, support@ticketland.ru, teatrugolokdurova@culture.mos;+7 (495) 631‒30‒47, +7 (495) 631-30-47, +7 495 631-44-63, +7 495 631-30-47;55.779526;37.621074;"Сайт доступен; запись музея требует проверки"
Умный город, научно-технический музей;проспект Мира, 119 ст461;Музеи;Другие / требуют уточнения;Предварительно по названию;http://www.mos.ru/city/projects/smartcityvdnh;;;;55.834147;37.631123;"Сайт доступен; запись музея требует проверки"
Урании, музей;Садовая-Кудринская улица, 5 ст1;Музеи;Другие / требуют уточнения;Предварительно по названию;http://planetarium-moscow.ru;https://t.me/planetarium_mos, https://t.me/urania_kvest_bot;cafe@planetarium-moscow.ru, info@planetarium-moscow.ru, lunarium@planetarium-moscow.ru;+7 (495) 221‒76‒90;55.761381;37.583873;Справочник: актуальность не проверена
Усадьба XIX в. Музей Чайковского;Кудринская площадь, 46/54 ст2;Музеи;Музыка, театр и кино, Быт, ремёсла и гастрономия, История и культура;Предварительно по названию;;;;;55.758136;37.585325;Справочник: актуальность не проверена
Усадьба А. Д. Черткова;Мясницкая ул., 7, стр. 2, Москва;Музеи;История и культура;Предварительно по названию;;;;;55.760339;37.631033;Справочник: актуальность не проверена
Усадьба Александрово-Щапово, г. Москва;посёлок Щапово, 13;Музеи;История и культура;Предварительно по названию;http://kuskovo.ru, http://russpass.ru/usadby-moskvy;https://t.me/kuskovo_museum;schapovo.museum1@mail.ru, zakaz@kuskovo.ru, museum_kuskovo@mail.ru, pr@kuskovo.ru, AvdoninSV@culture.mos.ru, OvchinnikovaOA1@culture.mos.ru, GrigorevaEY@culture.mos.ru, EreminaOI1@culture.mos.ru, GribovaIM@culture.mos.ru, KovalskayaEB@culture.mos.ru, OsipovaNP1@culture.mos.ru, SemchenkoSA@culture.mos.ru;+7 (495) 865‒67‒66, %0A+74953753131%0A, +74953753131;55.417132;37.407233;"Сайт доступен; запись музея требует проверки"
Усадьба Барышникова;Мясницкая ул., 42, Москва;Музеи;История и культура;Предварительно по названию;https://usadbabaryshnikova.aif.ru/;;;;55.767408;37.643187;"Сайт доступен; запись музея требует проверки"
Усадьба Валуево, г. Москва;посёлок Валуево, ст1;Музеи;История и культура;Предварительно по названию;http://kuskovo.ru, http://russpass.ru/usadby-moskvy;https://t.me/kuskovo_museum;zakaz@kuskovo.ru, museum_kuskovo@mail.ru, pr@kuskovo.ru, AvdoninSV@culture.mos.ru, OvchinnikovaOA1@culture.mos.ru, GrigorevaEY@culture.mos.ru, EreminaOI1@culture.mos.ru, GribovaIM@culture.mos.ru, KovalskayaEB@culture.mos.ru, OsipovaNP1@culture.mos.ru, SemchenkoSA@culture.mos.ru;%0A+74953753131%0A, +74953753131;55.573808;37.354298;"Сайт доступен; запись музея требует проверки"
Усадьба Васильчиковой;Большая Никитская улица, 46/17 ст1;Музеи;История и культура;Предварительно по названию;;;;;55.758102;37.591224;Справочник: актуальность не проверена
Усадьба Влахернское-Кузьминки, г. Москва;улица Старые Кузьминки, 15 ст2;Музеи;История и культура;Предварительно по названию;http://kuskovo.ru, http://russpass.ru/usadby-moskvy, http://www.kuzminki-msk.ru;https://t.me/kuskovo_museum;mail@kuzminki-msk.ru, zakaz@kuskovo.ru, museum_kuskovo@mail.ru, pr@kuskovo.ru, AvdoninSV@culture.mos.ru, OvchinnikovaOA1@culture.mos.ru, GrigorevaEY@culture.mos.ru, EreminaOI1@culture.mos.ru, GribovaIM@culture.mos.ru, KovalskayaEB@culture.mos.ru, OsipovaNP1@culture.mos.ru, SemchenkoSA@culture.mos.ru;+7 (495) 350‒15‒53, %0A+74953753131%0A, +74953753131;55.689573;37.784024;"Сайт доступен; запись музея требует проверки"
Усадьба Вороново, г. Москва;112-й квартал, 1 ст11;Музеи;История и культура;Предварительно по названию;http://kuskovo.ru, http://russpass.ru/usadby-moskvy;https://t.me/kuskovo_museum;zakaz@kuskovo.ru, museum_kuskovo@mail.ru, pr@kuskovo.ru, AvdoninSV@culture.mos.ru, OvchinnikovaOA1@culture.mos.ru, GrigorevaEY@culture.mos.ru, EreminaOI1@culture.mos.ru, GribovaIM@culture.mos.ru, KovalskayaEB@culture.mos.ru, OsipovaNP1@culture.mos.ru, SemchenkoSA@culture.mos.ru;%0A+74953753131%0A, +74953753131;55.317019;37.150734;"Сайт доступен; запись музея требует проверки"
Усадьба Воронцово;Воронцовский Парк, 3;Музеи;История и культура;Предварительно по названию;;;;;55.667337;37.532042;Справочник: актуальность не проверена
Усадьба Воронцовой-Мухиной;Спартаковская улица, 9 ст3;Музеи;История и культура;Предварительно по названию;;;;;55.771944;37.671981;Справочник: актуальность не проверена
Усадьба Е.Ф. Киппена;Старосадский переулок, 5/8 ст5;Музеи;История и культура;Предварительно по названию;;;;;55.75726;37.640595;Справочник: актуальность не проверена
Усадьба Измайлово;Москва, Восточный административный округ, район Измайлово, городок имени Баумана, дв2с14;Музеи;История и культура;Предварительно по названию;https://www.mgomz.ru/ru/pages/usadba-izmailovo;https://t.me/kolomenskoe_moscow;;+7 (499) 163-33-05, +7 (499) 165-12-36, +7 (499) 165-13-36;55.792047;37.76326;"Сайт доступен; запись музея требует проверки"
Усадьба Измайлово, г. Москва;Городок им. Баумана, 2 ст14;Музеи;История и культура;Предварительно по названию;http://kuskovo.ru, http://mgomz.ru, http://russpass.ru/usadby-moskvy;https://t.me/kolomenskoe_moscow, https://t.me/kuskovo_museum;mgomz-izmaylovo@yandex.ru, presstourism@mos.ru, zakaz@kuskovo.ru, museum_kuskovo@mail.ru, pr@kuskovo.ru, AvdoninSV@culture.mos.ru, OvchinnikovaOA1@culture.mos.ru, GrigorevaEY@culture.mos.ru, EreminaOI1@culture.mos.ru, GribovaIM@culture.mos.ru, KovalskayaEB@culture.mos.ru, OsipovaNP1@culture.mos.ru, SemchenkoSA@culture.mos.ru;+7 (499) 165‒12‒36, +7 (499) 165‒13‒36, %0A+74953753131%0A, +74953753131;55.7923;37.763352;"Сайт доступен; запись музея требует проверки"
Усадьба коломенского крестьянина;просп. Андропова, 39, стр. 72, Москва;Музеи;История и культура;Предварительно по названию;http://mgomz.ru/;https://t.me/kolomenskoe_moscow;;+7 (499) 612-11-55, +7 (499) 614-88-80;55.673919;37.670744;"Сайт доступен; запись музея требует проверки"
Усадьба коломенского крестьянина, дом-музей;проспект Андропова, 39 ст72;Музеи-квартиры;История и культура;Предварительно по названию;http://www.mgomz.ru/kolomenskoe;https://t.me/kolomenskoe_moscow;;+7 (499) 782‒89‒17, +7 (499) 782‒89‒21;55.673902;37.67068;"Сайт доступен; запись музея требует проверки"
Усадьба коломенского крестьянина, касса;;Музеи;История и культура;Предварительно по названию;http://mgomz.ru/ru;https://t.me/kolomenskoe_moscow;hotel@mgomz.ru, info@mgomz.ru, kmm@mgomz.ru, mgomz@culture.mos, pr@mgomz.ru, pressa@avtonomiya.tatar, tickets@mgomz.ru, wedding@mgomz.ru;+7 (499) 612‒11‒55, +7 (499) 614‒88‒80;55.674149;37.670563;"Сайт доступен; запись музея требует проверки"
Усадьба Коломенское, г. Москва;Андропова проспект, 39 ст6;Музеи;История и культура;Предварительно по названию;http://kuskovo.ru, http://russpass.ru/usadby-moskvy;https://t.me/kuskovo_museum;zakaz@kuskovo.ru, museum_kuskovo@mail.ru, pr@kuskovo.ru, AvdoninSV@culture.mos.ru, OvchinnikovaOA1@culture.mos.ru, GrigorevaEY@culture.mos.ru, EreminaOI1@culture.mos.ru, GribovaIM@culture.mos.ru, KovalskayaEB@culture.mos.ru, OsipovaNP1@culture.mos.ru, SemchenkoSA@culture.mos.ru;%0A+74953753131%0A, +74953753131;55.667192;37.669066;"Сайт доступен; запись музея требует проверки"
Усадьба кузнеца, дом-музей;проспект Андропова, 39 ст75;Музеи-квартиры;История и культура;Предварительно по названию;http://www.mgomz.ru;https://t.me/kolomenskoe_moscow;;+7 (499) 615‒27‒68;55.674741;37.671235;"Сайт доступен; запись музея требует проверки"
Усадьба кузнеца, касса;;Музеи;История и культура;Предварительно по названию;http://www.mgomz.ru;https://t.me/kolomenskoe_moscow;;+7 (499) 615‒27‒68;55.674149;37.670563;"Сайт доступен; запись музея требует проверки"
Усадьба Кусково, г. Москва;улица Юности, 2 ст1;Музеи;История и культура;Предварительно по названию;http://kuskovo.ru, http://russpass.ru/usadby-moskvy;https://t.me/kuskovo_museum;zakaz@kuskovo.ru, museum_kuskovo@mail.ru, pr@kuskovo.ru, AvdoninSV@culture.mos.ru, OvchinnikovaOA1@culture.mos.ru, GrigorevaEY@culture.mos.ru, EreminaOI1@culture.mos.ru, GribovaIM@culture.mos.ru, KovalskayaEB@culture.mos.ru, OsipovaNP1@culture.mos.ru, SemchenkoSA@culture.mos.ru;+7 (495) 370‒01‒50, +7 (495) 375‒31‒31, %0A+74953753131%0A, +74953753131;55.735352;37.807379;"Сайт доступен; запись музея требует проверки"
Усадьба Лопухиных-Станицкой-Музей Толстого;улица Пречистенка, 11/8 ст1;Музеи;История и культура;Предварительно по названию;;;;;55.742797;37.597127;Справочник: актуальность не проверена
Усадьба Люблино;Летняя улица, 1 к1;Музеи;История и культура;Предварительно по названию;http://mgomz.ru;https://t.me/kolomenskoe_moscow;;+7 (499) 782‒89‒17;55.688661;37.742892;"Сайт доступен; запись музея требует проверки"
Усадьба Муравьевых-Апостолов;улица Старая Басманная, 23/9 ст1;Музеи;История и культура;Предварительно по названию;http://www.mahm.ru;https://t.me/mouravieffapostol;info@ma-housemuseum.ru, info@mahm.ru, m-apostolhouse@ya.ru, tiguleva_gulnara@mail.ru;+7 (499) 265‒76‒36, +7 (499) 267‒98‒66, , +7 (916) 471-43-37, +7 (916) 471 43 37, +7 916 471-43-37, +7 916 518-47-25;55.767259;37.664544;"Сайт доступен; запись музея требует проверки"
Усадьба Остафьево, г. Москва;Троицкая улица, 1а ст1;Музеи;История и культура;Предварительно по названию;http://kuskovo.ru, http://russpass.ru/usadby-moskvy;https://t.me/kuskovo_museum;zakaz@kuskovo.ru, museum_kuskovo@mail.ru, pr@kuskovo.ru, AvdoninSV@culture.mos.ru, OvchinnikovaOA1@culture.mos.ru, GrigorevaEY@culture.mos.ru, EreminaOI1@culture.mos.ru, GribovaIM@culture.mos.ru, KovalskayaEB@culture.mos.ru, OsipovaNP1@culture.mos.ru, SemchenkoSA@culture.mos.ru;%0A+74953753131%0A, +74953753131;55.495998;37.501437;"Сайт доступен; запись музея требует проверки"
Усадьба пасечника, музей;проспект Андропова, 39 ст33;Музеи;История и культура;Предварительно по названию;http://mgomz.ru;https://t.me/kolomenskoe_moscow;;+7 (499) 615‒27‒68, +7 (499) 615‒27‒71;55.668189;37.664567;"Сайт доступен; запись музея требует проверки"
Усадьба Покровское-Глебово-Стрешнево, г. Москва;Волоколамское шоссе, 52 ст1;Музеи;История и культура;Предварительно по названию;http://kuskovo.ru, http://russpass.ru/usadby-moskvy;https://t.me/kuskovo_museum;zakaz@kuskovo.ru, museum_kuskovo@mail.ru, pr@kuskovo.ru, AvdoninSV@culture.mos.ru, OvchinnikovaOA1@culture.mos.ru, GrigorevaEY@culture.mos.ru, EreminaOI1@culture.mos.ru, GribovaIM@culture.mos.ru, KovalskayaEB@culture.mos.ru, OsipovaNP1@culture.mos.ru, SemchenkoSA@culture.mos.ru;%0A+74953753131%0A, +74953753131;55.815081;37.471667;"Сайт доступен; запись музея требует проверки"
Усадьба Свиблово;Лазоревый проезд, 15 ст1;Музеи;История и культура;Предварительно по названию;http://usadba.troitsasviblovo.ru;;mailru-group-edu@mail.ru, mailru20year@mail.ru, pavlukmarina50@gmail.com;;55.853641;37.63167;"Сайт доступен; запись музея требует проверки"
Усадьба Старо-Никольское;Парковая ул., 18, посёлок Первомайское;Музеи;История и культура;Предварительно по названию;;;;+7 (499) 918-08-61;55.535771;37.1538;Справочник: актуальность не проверена
Усадьба Струйских-Главный дом городской усадьбы;Токмаков переулок, 21/2 ст1;Музеи;История и культура;Предварительно по названию;;;;;55.765545;37.670715;Справочник: актуальность не проверена
Усадьба Хрущевых-Селезнёвых, г. Москва;Хрущёвский переулок, 2/12 ст1;Музеи;История и культура;Предварительно по названию;http://kuskovo.ru, http://russpass.ru/usadby-moskvy;https://t.me/kuskovo_museum;zakaz@kuskovo.ru, museum_kuskovo@mail.ru, pr@kuskovo.ru, AvdoninSV@culture.mos.ru, OvchinnikovaOA1@culture.mos.ru, GrigorevaEY@culture.mos.ru, EreminaOI1@culture.mos.ru, GribovaIM@culture.mos.ru, KovalskayaEB@culture.mos.ru, OsipovaNP1@culture.mos.ru, SemchenkoSA@culture.mos.ru;%0A+74953753131%0A, +74953753131;55.743766;37.597763;"Сайт доступен; запись музея требует проверки"
Усадьба Царицыно;Дольская улица, 1 ст6;Музеи;История и культура;Предварительно по названию;;;;;55.61559;37.682178;Справочник: актуальность не проверена
Успенская звонница;Кремлёвская наб., 1, стр. 10, Москва;Музеи;Другие / требуют уточнения;Предварительно по названию;http://kreml.ru/;https://t.me/kremlinmuseums;head@kremlin.museum.ru, m.koroleva@kremlin.museum.ru, morozova@kremlin.museum.ru, press@kremlin.museum.ru, zabolotskikh@kremlin.museum.ru, buro16@kreml.ru, buro15@kreml.ru, deti@kreml.ru, medvedeva@kreml.ru, head@kreml.ru, partners@kreml.ru, kazarian@kreml.ru, malygina@kreml.ru, press@kreml.ru, milovzorova@kreml.ru, faleev@kreml.ru, design@kreml.ru, blagov@kreml.ru, andreeva.m@kreml.ru, maria.zhulina@kreml.ru, nch@kreml.ru, library@kreml.ru, store@kreml.ru, g.mikhailova@kreml.ru, Julia.Kh@kreml.ru, job@kreml.ru;+74956970349, +74956954631, +74956954146, +74956903094, +74956957581, +74956974115, null, +74956959558, +74956959723, +74956904858, +74956954187, +74956978086, +74956957927, +74956959665, +74956958541, +74956975579, +74956974361, +74956956649, +74956974062, +74956454631, +74956240902, +74956953812, +74956953912, +74956959887, +74956970878, +74956959575, +74956240264, +74956959842, +74956957064, +74956953998, +74956976096, +74956956575;55.750877;37.618154;"Сайт доступен; запись музея требует проверки"
Успенская звонница, выставочный зал;Кремль, 1ж;Музеи;Другие / требуют уточнения;Предварительно по названию;http://www.kreml.ru;https://t.me/kremlinmuseums;head@kremlin.museum.ru, m.koroleva@kremlin.museum.ru, morozova@kremlin.museum.ru, press@kremlin.museum.ru, zabolotskikh@kremlin.museum.ru, buro16@kreml.ru, buro15@kreml.ru, deti@kreml.ru, medvedeva@kreml.ru, head@kreml.ru, partners@kreml.ru, kazarian@kreml.ru, malygina@kreml.ru, press@kreml.ru, milovzorova@kreml.ru, faleev@kreml.ru, design@kreml.ru, blagov@kreml.ru, andreeva.m@kreml.ru, maria.zhulina@kreml.ru, nch@kreml.ru, library@kreml.ru, store@kreml.ru, g.mikhailova@kreml.ru, Julia.Kh@kreml.ru, job@kreml.ru;+7 (495) 697‒03‒49, +74956970349, +74956954631, +74956954146, +74956903094, +74956957581, +74956974115, null, +74956959558, +74956959723, +74956904858, +74956954187, +74956978086, +74956957927, +74956959665, +74956958541, +74956975579, +74956974361, +74956956649, +74956974062, +74956454631, +74956240902, +74956953812, +74956953912, +74956959887, +74956970878, +74956959575, +74956240264, +74956959842, +74956957064, +74956953998, +74956976096, +74956956575;55.750885;37.618076;"Сайт доступен; запись музея требует проверки"
Успенский собор, Московский Кремль;Кремль, 1Б;Музеи;История и культура, Религия и духовная культура;Предварительно по названию;http://assumption-cathedral.kreml.ru, http://www.kreml.ru;https://t.me/kremlinmuseums;buro16@kreml.ru, buro15@kreml.ru, deti@kreml.ru, medvedeva@kreml.ru, head@kreml.ru, partners@kreml.ru, kazarian@kreml.ru, malygina@kreml.ru, press@kreml.ru, milovzorova@kreml.ru, faleev@kreml.ru, design@kreml.ru, blagov@kreml.ru, andreeva.m@kreml.ru, maria.zhulina@kreml.ru, nch@kreml.ru, library@kreml.ru, store@kreml.ru, g.mikhailova@kreml.ru, Julia.Kh@kreml.ru, job@kreml.ru;+7 (495) 697‒03‒49, +74956970349, +74956954631, +74956954146, +74956903094, +74956957581, +74956974115, null, +74956959558, +74956959723, +74956904858, +74956954187, +74956978086, +74956957927, +74956959665, +74956958541, +74956975579, +74956974361, +74956956649, +74956974062, +74956454631, +74956240902, +74956953812, +74956953912, +74956959887, +74956970878, +74956959575, +74956240264, +74956959842, +74956957064, +74956953998, +74956976096, +74956956575;55.750921;37.616985;"Сайт доступен; запись музея требует проверки"
Усыпальница, музей;Крестьянская площадь, 10 ст12;Музеи;Другие / требуют уточнения;Предварительно по названию;;;;+7 (495) 676‒77‒13;55.731811;37.65631;Справочник: актуальность не проверена
Учебный художественный музей им. И. В. Цветаева;ул. Чаянова, 15, Москва;Музеи;Писатели и литература, Искусство и архитектура;Предварительно по названию;http://museum.rggu.ru/section.html?id=6814, http://www.art-cvetaev.ru/, https://dzen.ru/theartsmuseum, https://pushkinmuseum.art/museum/buildings/cvetaev/?lang=ru, https://pushkinmuseum.art/museum/buildings/cvetaev/index.php?lang=ru, https://www.rsuh.ru/museum;https://t.me/rggu_official, https://t.me/theartsmuseum;art.cvetaev@gmail.com, centre_museum@rggu.ru, excurs@arts-museum.ru, pr@rggu.ru, rsuh@rsuh.ru, tickets@arts-museum.ru, rggu@rggu.ru, shkarenkov.p@rggu.ru, pavlenko.ov@rggu.ru, suslenkov.my@rggu.ru, trifonov.nn@rggu.ru, efremov.aa@rggu.ru, zabotkina@rggu.ru, egoyan.le@rggu.ru, alipov.pa@rggu.ru, berezina.n@rggu.ru, 204@rggu.ru, vaza.am@rggu.ru, gorchakova.av@rggu.ru, adm_apu@rggu.ru, sazonov.pv@rggu.ru, trofimova.o@rggu.ru, shalamkovsa@rggu.ru, museyon@arts-museum.ru, pushkinyouth@arts-museum.ru, finearts@arts-museum.ru, anna.ragulina@arts-museum.ru, kadr@arts-museum.ru, press@arts-museum.ru, museum4all@arts-museum.ru, friends@arts-museum.ru, nadezda.bogdanova@arts-museum.ru;+7 (495) 250-62-17, +7 (495) 250-69-08, +7 (499) 973-43-13, +74956099520;55.776608;37.59574;"Сайт доступен; запись музея требует проверки"
Учебный художественный музей им. И.В. Цветаева;Миусская площадь, 6 ст6;Музеи;Писатели и литература, Искусство и архитектура;Предварительно по названию;http://art-cvetaev.ru;https://t.me/rggu_offical_bot;art.cvetaev@gmail.com;+7 (499) 973‒43‒13;55.776617;37.595755;"Сайт доступен; запись музея требует проверки"
Фабрика ёлочных игрушек, музей;Большая Семёновская улица, 11 ст3;Музеи;Быт, ремёсла и гастрономия;Предварительно по названию;http://31-12.xn--p1ai;;3112@mail.ru, museum3112@gmail.com, museum3112@mail.ru, museum3112@yandex.ru, zakaz3112@mail.ru, zima.spb.ru@gmail.com, santamuseum@gmail.com;+7 (499) 444‒31‒12;55.783203;37.702379;"Сайт доступен; запись музея требует проверки"
Фарфо;Малая Калужская ул., 1, стр. 2, Москва;Музеи;Другие / требуют уточнения;Предварительно по названию;https://farfo.ru/;https://t.me/profarfo;pro@farfo.ru, ivan@farfo.ru;+7 (495) 109-29-30, +74955188281, +74951092930;55.72034;37.601038;"Сайт доступен; запись музея требует проверки"
Финансовый университет при Правительстве РФ, музей;Ленинградский проспект, 49;Музеи;Другие / требуют уточнения;Предварительно по названию;http://fa.ru/org/div/museum/Pages/Home.aspx;;academy@fa.ru, ermilova@fa.ru, inter@fa.ru, interpriem@fa.ru, orgsupport@fa.ru, pressa@fa.ru, priemka@fa.ru, rector@fa.ru, ruz@fa.ru, vaatsvetkov@fa.ru, web1@fa.ru;+7 (495) 249‒52‒26;55.800246;37.529191;Справочник: актуальность не проверена
Фонд культуры Екатерина;ул. Кузнецкий Мост, 21/5, Москва;Музеи;Другие / требуют уточнения;Предварительно по названию;http://www.ekaterina-foundation.ru/;;;+7 (495) 621-55-22, +7 (495) 626-06-89;55.762004;37.626448;"Сайт доступен; запись музея требует проверки"
Фонд Московское время;1-я Тверская-Ямская ул., 2, стр. 1, Москва;Музеи;Другие / требуют уточнения;Предварительно по названию;http://www.mos-time.ru/;https://t.me/fondmostime;info@mos-time.ru, pr@mos-time.ru;+7 (495) 969-28-83, +74959692883;55.770493;37.596778;"Сайт доступен; запись музея требует проверки"
Фондовая оранжерея Главного ботанического сада им. Н.В. Цицина РАН;Ботаническая ул., 4, стр. 2, Москва;Музеи;Природа и естествознание;Предварительно по названию;https://gbsad.ru/, https://gbsad.ru/fondovaya-oranzhereya-bilety-i-abonementy;;greenhouse@gbsad.ru, info@gbsad.ru, law@gbsad.ru;+7 (495) 619-53-68, +7 499 977-91-45;55.834037;37.597135;"Сайт доступен; запись музея требует проверки"
Фондохранилище театрального музея имени А.А. Бахрушина;Тверской бул., 11, стр. 2, Москва;Музеи;Музыка, театр и кино;Предварительно по названию;https://www.gctm.ru/;https://t.me/bakhrushinmuseum;gctm@gctm.ru, qluqua@gmail.com;+7 (499) 484-77-77, +7 /499/ 484-77-77;55.759803;37.59921;"Сайт доступен; запись музея требует проверки"
Футбольный клуб Спартак-Москва, музей;Волоколамское шоссе, 69;Музеи;Спорт;Предварительно по названию;http://museum.spartak.com;;tickets@spartak.com;+7 (495) 530‒95‒00;55.817735;37.438925;Справочник: актуальность не проверена
Хайрулова В2, музей изобразительного и декоративно-прикладного искусства;2-я улица Энтузиастов, 5 к17;Музеи;Искусство и архитектура;Предварительно по названию;;;;+7 (495) 646‒70‒84;55.748201;37.733039;Справочник: актуальность не проверена
Хлебный дом, музей;Дольская улица, 1 ст4;Музеи;Быт, ремёсла и гастрономия;Предварительно по названию;http://tsaritsyno-museum.ru, http://tsaritsyno-museum.ru/;https://t.me/tsaritsyno_museum;tickets-vozvrat_ts@culture.mos.ru, buro_ts@culture.mos.ru, comifo_ts@culture.mos.ru, sport_ts@culture.mos.ru, tsaritsynomuseum@culture.mos.ru, press.tsaritsyno@culture.mos.ru, personal_ts@culture.mos.ru, tsaritsyno@culture.mos.ru, TSMR-Friends@culture.mos.ru, GrishinaEA@culture.mos.ru;+7 (495) 322‒44‒33, +7 (495) 322-44-33, +74953224433, +74953253141, +79015243114, +79260015659, +74953218609;55.616079;37.684434;"Сайт доступен; запись музея требует проверки"
Храм Василия Блаженного, Покровский собор;Красная площадь, 7;Музеи;Религия и духовная культура;Предварительно по названию;http://www.shm.ru;https://t.me/stbasilscathedral, https://t.me/state_historical_museum;tula.visitor@shm.ru, visitor@shm.ru;+7 (495) 698‒33‒04, +74956923731, +74956983304, +74956982497, +74956981256, +74956982658, +74872773165;55.752556;37.622878;"Сайт доступен; запись музея требует проверки"
Храм иконы Божией Матери всех скорбящих радость на большой Ордынке, музей;3-й Кадашёвский переулок, 3 ст6;Музеи;Искусство и архитектура, Религия и духовная культура;Предварительно по названию;http://ordynka.com/muzej;https://t.me/ordynka_hram_moskva;info@ordynka.com;+7 (495) 951‒60‒34, +%2074959516034, +74959516034;55.741702;37.624128;"Сайт доступен; запись музея требует проверки"
Художественные мастерские;ул. Пречистенка, 32/1с1, Москва;Музеи;Искусство и архитектура;Предварительно по названию;;;;;55.74055;37.59071;Справочник: актуальность не проверена
Царь-макет, музей;улица Константинова, 11а;Музеи;История и культура;Предварительно по названию;http://tsar-maket.ru, https://tsar-maket.ru/?utm_campaign=poliklinik&utm_medium=cpc&utm_source=yandexmaps_main;https://t.me/tsarmaketru;info@tsar-maket.ru;+7 (495) 109‒20‒96, +7 (495) 414-47-73, +74951092096, +79031159000;55.817197;37.655383;"Сайт доступен; запись музея требует проверки"
Цветоводство, эколого-просветительский центр;проспект Мира, 119 ст29;Музеи;Природа и естествознание;Предварительно по названию;http://mospriroda.ru;https://t.me/tsvetovodstvo_vdnh, https://t.me/gbu_mospriroda;mospriroda@culture.mos.ru;+7 (495) 966‒09‒27, +7495777777, +74997392705;55.835729;37.618263;"Сайт доступен; запись музея требует проверки"
Центр Булгакова на Арбате, научно-просветительский центр;Большой Афанасьевский переулок, 35-37 ст4;Музеи;Писатели и литература;Предварительно по названию;http://bulgakovmuseum.ru;https://t.me/bulgakovmuseum, https://t.me/katyanebergman;agafonovavo@culture.mos, bulgakovmuseum@gmail.com, center.musbulgakova@culture.mos, chukalinakv@culture.mos, chupinaiv1@culture.mos, museibulgakova@culture.mos, nazarovia@culture.mos, orlovany4@culture.mos, pr.bulgakovmuseum@yandex.ru, museibulgakova@culture.mos.ru, center.musbulgakova@culture.mos.ru, AgafonovaVO@culture.mos.ru, BulyginaKV@culture.mos.ru, NazarovIA@culture.mos.ru, ChupinaIV1@culture.mos.ru, PodgornayaEV1@culture.mos.ru;+7 (495) 691‒57‒73, +7 (495) 697‒11‒70, +7 (495) 699‒53‒66, +74992454034, +74956971170, +74956995366, +79060063200, +74956506963, +79067027766;55.749403;37.596011;"Сайт доступен; запись музея требует проверки"
Центр Вознесенского;ул. Большая Ордынка, 46, стр. 3, Москва;Музеи;Другие / требуют уточнения;Предварительно по названию;https://www.voznesenskycenter.ru/;https://t.me/voznesenskycenter;pr@aav.center;+7 (495) 139-89-87, +74951398987;55.735588;37.624034;"Сайт доступен; запись музея требует проверки"
Центр Гиляровского;переулок Столешников, 9 ст5;Музеи;Другие / требуют уточнения;Предварительно по названию;http://mosmuseum.ru;https://t.me/mosmuseum, https://t.me/mosburomm, https://t.me/muzarhmos, https://t.me/m_sadovoekoltso, https://t.me/zelmus;dobrolyubovlib@culture.mos, g.barilko@mosmuseum.ru, gerbovy-zal@culture.mos, media@mosmuseum.ru, muzarhmos@culture.mos, muzeimoskvi@culture.mos, pr-mm@culture.mos, rgop-eventsmm@culture.mos, shteynmillerov@culture.mos, teslenkoer@culture.mos, muzeimoskvi@culture.mos.ru, mosburo-mm@culture.mos.ru, deti-mm@culture.mos.ru, pr-mm@culture.mos.ru, rgop-eventsmm@culture.mos.ru;"+7 (495) 637‒31‒35, +7 (495) 739‒00‒08,  +7 499 731 82 89 / +7 499 717-16-02, +74957390008, +7 495 739-00-08, +7 495 739 00 08, +74956377005, +79684098277, +74956920020, +74956373135, +74956081403, +74956089216, +74953607786, +74997318289, +74997171602, +74957300008;ext=5050";55.763387;37.615409;"Сайт доступен; запись музея требует проверки"
Центр Гиляровского;Столешников пер., 9, стр. 5, Москва;Музеи;Другие / требуют уточнения;Предварительно по названию;http://mosmuseum.ru/, http://mosmuseum.ru/association/gilyarovskogo/;https://t.me/mosmuseum, https://t.me/mosburomm, https://t.me/muzarhmos, https://t.me/m_sadovoekoltso, https://t.me/zelmus;g.barilko@mosmuseum.ru, muzeimoskvi@culture.mos.ru, mosburo-mm@culture.mos.ru, deti-mm@culture.mos.ru, pr-mm@culture.mos.ru, rgop-eventsmm@culture.mos.ru;"+7 (495) 637-31-35, +7 (495) 739-00-08,  +7 499 731 82 89 / +7 499 717-16-02, +74957390008, +7 495 739-00-08, +7 495 739 00 08, +74956377005, +79684098277, +74956920020, +74956373135, +74956081403, +74956089216, +74953607786, +74997318289, +74997171602, +74957300008;ext=5050";55.763498;37.615408;"Сайт доступен; запись музея требует проверки"
Центр идентичности, музей;Профсоюзная улица, 100;Музеи;Другие / требуют уточнения;Предварительно по названию;http://belyaevo.vzmoscow.ru;https://t.me/belyaevo_gallery, https://t.me/vzbelyaevo_gallery;belyaevo@vzmoscow.ru, uc_belyaevo@vzmoscow.ru;+7 (495) 335‒83‒22, +7 (495) 793‒41‒21, +74953358322, +74997934121;55.644814;37.525996;"Сайт доступен; запись музея требует проверки"
Центр изучения истории и наследия Златоустовского монастыря;Малый Златоустинский переулок, 5 ст1;Музеи;История и культура, Религия и духовная культура;Предварительно по названию;http://zlatoustmonastyr.ru;;zlatoustmonastyr@yandex.ru;;55.759042;37.634255;"Сайт доступен; запись музея требует проверки"
Центр изучения истории и наследия Московского Златоустовского монастыря;Малый Златоустинский пер., 5, стр. 1, Москва;Музеи;История и культура, Религия и духовная культура;Предварительно по названию;https://zlatoustmonastyr.ru/;;zlatoustmonastyr@yandex.ru;;55.75918;37.634282;"Сайт доступен; запись музея требует проверки"
Центр искусств Москва;ул. Волхонка, 15, Москва;Музеи;Искусство и архитектура;Предварительно по названию;https://artcentre.moscow/;https://t.me/artcentre_moscow;info@artcentre.moscow;+7 (495) 989-95-61;55.744335;37.603678;"Сайт доступен; запись музея требует проверки"
Центр Исследований Культурных Ценностей;ул. Арбат, 38/1с2, Москва;Музеи;Другие / требуют уточнения;Предварительно по названию;http://numexpert.ru/;;info@numexpert.ru;+79251233211, +79261230321;55.748934;37.58791;"Сайт доступен; запись музея требует проверки"
Центр истории РХТУ и химических технологий;ул. Героев Панфиловцев, 20, Москва;Музеи;История и культура;Предварительно по названию;;;;+7 (495) 495-40-63, +7 (499) 978-38-29;55.858598;37.416824;Справочник: актуальность не проверена
Центр Космонавтика и авиация, павильон № 34;просп. Мира, 119, стр. 34, Москва;Музеи;Наука и техника, Транспорт;Предварительно по названию;http://vdnh.ru/, http://www.cosmos.vdnh.ru/;;admin_museum@vdnh.ru, cosmos@vdnh.ru, info@vdnh.ru, press@vdnh.ru, tour_registration@vdnh.ru, app@vdnh.ru, tickets@vdnh.ru, museum@vdnh.ru, expo@vdnh.ru, events@vdnh.ru, souvenirs@vdnh.ru, adv@vdnh.ru, partners@vdnh.ru, rabota@vdnh.ru;+7 (495) 544-34-00, +7 (495) 544-35-09, 8(495) 544-34-00, +74957483420, +74955443400, +74957483480, +74959743366, +74959743535, +79859696055, +74959743302, +79166331083, +74991810396, +74997602585;55.835486;37.621148;"Сайт доступен; запись музея требует проверки"
Центр национальных конных традиций;проспект Мира, 119 ст42;Музеи;Другие / требуют уточнения;Предварительно по названию;;https://t.me/kremlinksk;;;55.838273;37.623393;Справочник: актуальность не проверена
Центр национальных конных традиций;проспект Мира, 119 пав41;Музеи;Другие / требуют уточнения;Предварительно по названию;;https://t.me/kremlinksk;;;55.838321;37.622834;Справочник: актуальность не проверена
Центр противопожарной пропаганды и общественных связей, Главное Управление МЧС России по г. Москве;улица Дурова, 49;Музеи;Другие / требуют уточнения;Предварительно по названию;http://xn--b1ae4ad.xn--p1ai;https://t.me/ptvystavka, https://t.me/museumpss149;info@vdpo.ru, inteb@mail.ru, 149@edu.mos.ru;+7 (495) 684‒45‒38, 8 (903) 729-02-06, 8 (916) 949-87-22;55.778456;37.629536;"Сайт доступен; запись музея требует проверки"
Центр профориентации транспортного комплекса;Москва, Филёвская линия, метро Деловой центр;Музеи;Транспорт, Спорт;Предварительно по названию;http://mosmetro.ru/;;mgnd@bez.mos.ru;+7 (495) 622-73-09, +7 (499) 321-64-61, MM-profmolodej@transport.mos.ru, +7 (495) 539-54-54;55.750074;37.541386;"Сайт доступен; запись музея требует проверки"
Центр реставрации и хранения усадьбы Останкино;1-я Останкинская улица, вл5;Музеи;Музыка, театр и кино, История и культура;Предварительно по названию;http://ostankino-museum.ru;https://t.me/ostankino_museum;info@ostankino-museum.ru, usadbakuskovo@culture.mos, museiostankino@culture.mos.ru, usadbakuskovo@culture.mos.ru, OvchinnikovaOA1@culture.mos.ru, GrigorevaEY@culture.mos.ru, TarasovaVA@culture.mos.ru, KamyninaMD@culture.mos.ru, EreminaOI1@culture.mos.ru, GribovaIM@culture.mos.ru, DementevaEV2@culture.mos.ru, IonovaOS@culture.mos.ru, TenkinaLV@culture.mos.ru, MitnikMA@culture.mos.ru, ShevchenkoPA@culture.mos.ru, pr@kuskovo.ru, pr@ostankino-museum.ru, ayrievaky@culture.mos.ru;+7 (495) 615‒00‒09;55.826426;37.610647;"Сайт доступен; запись музея требует проверки"
Центр реставрации и хранения усадьбы Останкино;1-я Останкинская ул., 5, Москва;Музеи;Музыка, театр и кино, История и культура;Предварительно по названию;;;;;55.82654;37.610512;Справочник: актуальность не проверена
Центр современного искусства;просп. Вернадского, 88, Москва;Музеи;Искусство и архитектура;Предварительно по названию;;;;+7 (499) 400-02-48;55.657906;37.476582;Справочник: актуальность не проверена
Центр Современного Искусства М'арс;Пушкарёв пер., 5, Москва;Музеи;Искусство и архитектура;Предварительно по названию;https://centermars.ru/;https://t.me/artcenter_mars;admin@centermars.ru, info@centermars.ru;+7 (495) 414-40-38, +74956236690, +79169035544;55.7689;37.626794;"Сайт доступен; запись музея требует проверки"
Центр современного искусства № 9;Тверской бул., 9, Москва;Музеи;Искусство и архитектура;Предварительно по названию;;;;+7 (495) 150-28-99;55.759559;37.599136;Справочник: актуальность не проверена
Центр современного искусства №9;Тверской бульвар, 9;Музеи;Искусство и архитектура;Предварительно по названию;http://cca9.ru/;https://t.me/ccano9;;;55.759532;37.599147;Справочник: актуальность не проверена
Центр творческих индустрий Фабрика;Переведеновский пер., 18, стр. 4, Москва;Музеи;Другие / требуют уточнения;Предварительно по названию;http://fabrikacci.com/, http://fabrikacci.ru/, http://www.proektfabrika.ru/;https://t.me/cci_fabrika;air@fabrikacci.com, office@fabrikacci.com, pr@fabrikacci.com;+7 (499) 265-03-18, +7 (499) 265-39-26, +7 (499) 265-39-54;55.779214;37.689679;"Сайт доступен; запись музея требует проверки"
Центр-музей им. Н.К Рериха, офис;10-я Парковая улица, 18;Музеи;Искусство и архитектура;Предварительно по названию;http://icr.su;https://t.me/roerichmuseum;books.newworld24@mail.ru, buhg@icr.su, culture_time@mail.ru, festdr24@yandex.ru, info@mwind.ru, roerich@icr.su, website@icr.su;;55.798079;37.802516;"Сайт доступен; запись музея требует проверки"
Центральный дом авиации и космонавтики ДОСААФ России;Красноармейская ул., 4, Москва;Музеи;Наука и техника, Транспорт;Предварительно по названию;http://aviacosmosdom.ru/;https://t.me/canal_tm_cdaik;theparazit555@gmail.com, cdaik@mail.ru;+7 (495) 612-54-61, +7 (495) 614-38-61, +79153029878, +74956143861;55.79729;37.549199;"Сайт доступен; запись музея требует проверки"
Центральный Дом Российской Армии;Суворовская площадь, 2, стр. 1, Москва;Музеи;Военная история;Предварительно по названию;http://cdra.ru/, http://kcvs.ru/, http://partyhall.ru/;https://t.me/cdra_ru, https://t.me/mh_sup_bot, https://t.me/masterhost_news;cdra@mil.ru, partyhall@mail.ru, support@masterhost.ru;+7%20(495)%20681-52-20, +74957729720, 88002009720;55.781826;37.617408;"Сайт доступен; запись музея требует проверки"
Центральный дом-музей авиации и космонавтики;улица Красноармейская, 4;Музеи-квартиры;Наука и техника, Транспорт;Предварительно по названию;http://aviacosmosdom.ru;https://t.me/cdaikdosaaf, https://t.me/canal_tm_cdaik;cdaik@mail.ru;+7 (495) 612‒54‒61, +7 (495) 614‒38‒61, +79153029878, +74956143861;55.797237;37.549435;"Сайт доступен; запись музея требует проверки"
Центральный музей войск национальной гвардии Российской Федерации;Красноказарменная улица, 9а ст1;Музеи;Другие / требуют уточнения;Предварительно по названию;http://rosgvard.ru;;;+7 (495) 361‒85‒87, +7 (495) 361‒85‒88;55.760127;37.697932;Справочник: актуальность не проверена
Центральный музей войск национальной гвардии Российской Федерации;Красноказарменная ул., 9А, Москва;Музеи;Другие / требуют уточнения;Предварительно по названию;https://museum.rosguard.gov.ru/;;;+7 (495) 361-85-87, +7 (495) 361-85-88;55.760152;37.69794;"Сайт доступен; запись музея требует проверки"
Центральный музей вооруженных сил РФ;улица Советской Армии, 2 ст1;Музеи;Военная история;Предварительно по названию;http://taplink.cc/cmaf, http://www.cmaf.ru;https://t.me/cmaf_ru;cmvs_dm@mil.ru;+7 (495) 681‒18‒80, +7 (495) 681‒48‒77, +7 (495) 681‒63‒03, +0 (000) 000-00-00, +7 (495) 681-4877;55.784855;37.617119;"Сайт доступен; запись музея требует проверки"
Центральный музей Вооружённых Сил Российской Федерации;ул. Советской Армии, 2, стр. 1, Москва;Музеи;Военная история;Предварительно по названию;http://www.cmaf.ru/;https://t.me/cmaf_ru;cmvs_dm@mil.ru;+7 (495) 681-63-03, +0 (000) 000-00-00, +7 (495) 681-4877;55.784916;37.617124;"Сайт доступен; запись музея требует проверки"
Центральный музей древнерусской культуры и искусства им. Андрея Рублева;Андроньевская площадь, 10 ст10;Музеи;Искусство и архитектура, История и культура;Предварительно по названию;http://rublev-museum.ru;https://t.me/rublevmuseum, https://t.me/rublevbookshop;info@rublev-museum.ru, pr@rublev-museum.ru, secretary@rublev-museum.ru;+7 (495) 678‒14‒67, +7 (495) 678‒14‒89, +7 (495) 678‒50‒55, +7 (495) 678‒98‒03;55.749272;37.670104;"Сайт доступен; запись музея требует проверки"
Центральный музей древнерусской культуры и искусства им. Андрея Рублева, лекторий;Андроньевская площадь, 8;Музеи;Искусство и архитектура, История и культура;Предварительно по названию;http://rublev-museum.ru;https://t.me/rublevmuseum;info@rublev-museum.ru, pr@rublev-museum.ru, secretary@rublev-museum.ru;+7 (495) 678‒14‒89;55.748132;37.671796;"Сайт доступен; запись музея требует проверки"
Центральный музей древнерусской культуры и искусства имени Андрея Рублёва;Андроньевская площадь, 10, стр. 3, Москва;Музеи;Искусство и архитектура, История и культура;Предварительно по названию;http://www.rublev-museum.ru/;https://t.me/rublevmuseum;info@rublev-museum.ru, secretary@rublev-museum.ru;+7 (495) 678-14-67, +7 (495) 678-14-89;55.748623;37.670458;"Сайт доступен; запись музея требует проверки"
Центральный музей им. Б.В. Зимина;улица Куусинена, 19а;Музеи;Другие / требуют уточнения;Предварительно по названию;http://ksrk.ru;;info@ksrk.ru, lagovitsa@yandex.ru, web@ksrk.ru;+7 (495) 123‒47‒18, +7 (499) 943‒27‒01, +74951234783, 84953413541, 84951234783, 84951234796, 84951234726, 84951234718, 84951234715, 84951234720, 84951234739, 84951234784, 84951234769, 84951234731;55.787765;37.511519;"Сайт доступен; запись музея требует проверки"
Центральный музей МВД России;Селезнёвская улица, 11 ст1;Музеи;Другие / требуют уточнения;Предварительно по названию;http://mvd.ru/history/Centralnij_muzej_MVD_Rossii;;;+7 (499) 978‒01‒35, +7 (499) 978‒06‒59, +7 (499) 978-01-35, +7 (499) 978-06-59;55.780655;37.604368;"Сайт доступен; запись музея требует проверки"
Центральный музей МЧС России;Театральный пр., 3, стр. 2, Москва;Музеи;Другие / требуют уточнения;Предварительно по названию;http://www.mchs.gov.ru/;;gu_moscow@77.mchs.gov.ru, info@mchs.gov.ru;;55.759494;37.621987;Справочник: актуальность не проверена
Центральный музей радиолюбительства им. Э.Т. Кренкеля;Рязанский проспект, 8 ст2;Музеи;Другие / требуют уточнения;Предварительно по названию;http://www.rrl-museum.cqham.ru;;3ara3as@yandex.ru, ra3as@yandex.ru, ua3ajt@mail.ru;;55.726702;37.755498;"Сайт доступен; запись музея требует проверки"
Центральный музей российского казачества;Большой Лёвшинский переулок, 8/1 ст1;Музеи;Другие / требуют уточнения;Предварительно по названию;http://shm.ru;https://t.me/state_historical_museum, https://t.me/stbasilscathedral;access@shm.ru, kulinich@flugersoft.ru, loyalty@shm.ru, shop@shm.ru, tula.visitor@shm.ru, visitor@shm.ru;+7 (495) 692‒37‒31, +74956923731, +74956983304, +74956982497, +74956981256, +74956982658, +74872773165;55.742392;37.587996;"Сайт доступен; запись музея требует проверки"
Центральный музей таможенной службы;Комсомольская площадь, 1 ст1;Музеи;Другие / требуют уточнения;Предварительно по названию;http://museum.customs.gov.ru;;lugovayagm@ca.customs, сaduceus333@yandex.ru, LugovayaGM@ca.customs.gov.ru;+7 (495) 276‒38‒81;55.775672;37.654182;"Сайт доступен; запись музея требует проверки"
Центральный парк культуры и отдыха им. М. Горького, Музей;улица Крымский Вал, 9;Музеи;Другие / требуют уточнения;Предварительно по названию;http://www.park-gorkogo.ru;https://t.me/gorkyparkmsk;parkgorkogo@culture.mos, parkgorkogo@culture.mos.ru, zakupki.parkgorkogo@culture.mos.ru, booking.parkgorkogo@culture.mos.ru;+7 (495) 995‒00‒20, +74959950020,13130, +74959950020, 84959950020;55.7313;37.603695;"Сайт доступен; запись музея требует проверки"
Центральный пограничный музей ФСБ России;Яузский бульвар, 13;Музеи;Военная история;Предварительно по названию;http://ps.fsb.ru/fps/history/museum.htm;;pu.crimea@fsb.ru, pu.crimea2@fsb.ru;+7 (495) 929‒14‒89;55.750759;37.645486;"Сайт доступен; запись музея требует проверки"
Центральный пограничный музей ФСБ России;Яузский бул., 13, Москва;Музеи;Военная история;Предварительно по названию;http://ps.fsb.ru/;;pu.crimea@fsb.ru, pu.crimea2@fsb.ru;+7 (495) 929-14-89;55.750766;37.645849;"Сайт доступен; запись музея требует проверки"
Церковный музей Московской епархии русской православной церкви;;Музеи;Религия и духовная культура;Предварительно по названию;;;;;55.726564;37.558764;Справочник: актуальность не проверена
Церковный музей Московской Епархии Русской Православной Церкви;Новодевичий пр., 1, стр. 32, Москва;Музеи;Религия и духовная культура;Предварительно по названию;http://ndm-museum.ru/;;;+7 (499) 246-85-26;55.727109;37.556512;Справочник: актуальность не проверена
Церковь Георгия Победоносца;просп. Андропова, 39, стр. 82, Москва;Музеи;Военная история, Религия и духовная культура;Предварительно по названию;http://mgomz.ru/;https://t.me/kolomenskoe_moscow;;+7 (499) 782-89-17, +7 (499) 782-89-21;55.672897;37.675287;"Сайт доступен; запись музея требует проверки"
Церковь Положения Ризы Божией Матери;Манежная ул., 2/10с2, Москва;Музеи;Религия и духовная культура;Предварительно по названию;http://holy-robe-deposition-church.kreml.ru/, https://www.kreml.ru/;https://t.me/kremlinmuseums;head@kremlin.museum.ru, m.koroleva@kremlin.museum.ru, morozova@kremlin.museum.ru, press@kremlin.museum.ru, zabolotskikh@kremlin.museum.ru, buro16@kreml.ru, buro15@kreml.ru, deti@kreml.ru, medvedeva@kreml.ru, head@kreml.ru, partners@kreml.ru, kazarian@kreml.ru, malygina@kreml.ru, press@kreml.ru, milovzorova@kreml.ru, faleev@kreml.ru, design@kreml.ru, blagov@kreml.ru, andreeva.m@kreml.ru, maria.zhulina@kreml.ru, nch@kreml.ru, library@kreml.ru, store@kreml.ru, g.mikhailova@kreml.ru, Julia.Kh@kreml.ru, job@kreml.ru;+7 (495) 695-41-46, +7 (495) 697-03-49, +74956970349, +74956954631, +74956954146, +74956903094, +74956957581, +74956974115, null, +74956959558, +74956959723, +74956904858, +74956954187, +74956978086, +74956957927, +74956959665, +74956958541, +74956975579, +74956974361, +74956956649, +74956974062, +74956454631, +74956240902, +74956953812, +74956953912, +74956959887, +74956970878, +74956959575, +74956240264, +74956959842, +74956957064, +74956953998, +74956976096, +74956956575;55.750824;37.616606;"Сайт доступен; запись музея требует проверки"
Цех Белого;4-й Сыромятнический пер., 1/8с8, Москва;Музеи;Писатели и литература;Предварительно по названию;http://winzavod.ru/;https://t.me/cca_winzavod;uk@winzavod.ru, uk2@winzavod.ru, winzavod@winzavod.ru, tour@winzavod.ru, kids@winzavod.ru;+7 (495) 917-46-46, +79689267236, +74959174646, +89055199950, +89661688455;55.756103;37.665282;"Сайт доступен; запись музея требует проверки"
Цех Красного;4-й Сыромятнический пер., 1/8с8, Москва;Музеи;Другие / требуют уточнения;Предварительно по названию;http://winzavod.ru/;https://t.me/cca_winzavod;tour@winzavod.ru, kids@winzavod.ru, winzavod@winzavod.ru, uk@winzavod.ru, uk2@winzavod.ru;+7 (495) 917-46-46, +79689267236, +74959174646, +89055199950, +89661688455;55.756111;37.665341;"Сайт доступен; запись музея требует проверки"
Чайникландия - Музей удивительных чайников мира;ул. Винокурова, 7/5к3, Москва;Музеи;Быт, ремёсла и гастрономия;Предварительно по названию;http://www.teapotland.ru/;https://t.me/teapotland_ru;;+79852442804, +7 985 244 28 04;55.688894;37.587391;"Сайт доступен; запись музея требует проверки"
Чайникландия, музей удивительных чайников мира;улица Винокурова, 7/5 к3;Музеи;Быт, ремёсла и гастрономия;Предварительно по названию;http://teapotland.ru;https://t.me/teapotland, https://t.me/teapotland_ru;605a7baede844d278b89dc95ae0a9123@sentry-next.wixpress.com;+79852442804, +7 985 244 28 04;55.688856;37.587414;"Сайт доступен; запись музея требует проверки"
Шаболовский смотритель;ул. Шаболовка, 36, Москва;Музеи;Другие / требуют уточнения;Предварительно по названию;;;;;55.717597;37.608102;Справочник: актуальность не проверена
Шахматно-шашечный павильон;Народный просп., 17, корп. 1, стр. 13, Москва;Музеи;Другие / требуют уточнения;Предварительно по названию;;;;;55.774777;37.751318;Справочник: актуальность не проверена
Швейцарский домик;ул. Юности, 2, стр. 4, Москва;Музеи;История и культура;Предварительно по названию;;;;;55.735904;37.80662;Справочник: актуальность не проверена
Школа акварели Сергея Андрияки;Гороховский пер., 17, Москва;Музеи;Другие / требуют уточнения;Предварительно по названию;https://school.aaii.ru/;https://t.me/schoolaaii;proekt@academyandriyaky.ru;+7 (495) 632-18-17, +74956321817;55.765261;37.667697;"Сайт доступен; запись музея требует проверки"
Школьные годы;ул. Плющева, 11А, Москва;Музеи;Другие / требуют уточнения;Предварительно по названию;http://pro100klass.wixsite.com/perovo-moscow, http://sch2126.mskobr.ru/obrazovanie/shkol_nyj_muzej/;;prosto-klass@yandex.ru, school_422@mail.ru;+7 (495) 309-02-22;55.7426;37.762668;"Сайт доступен; запись музея требует проверки"
Школьный мемориальный музей Нади Рушевой;Ереванская ул., 20, корп. 2, Москва;Музеи;История и культура;Предварительно по названию;http://rusheva.com/;;jurchit@yandex.ru, jurchit@rusheva.com., victor@gorbunov.msk.ru, jurchit@rusheva.com;;55.62889;37.67429;"Сайт доступен; запись музея требует проверки"
Школьный музей XX века;Нагатинская наб., 56, Москва;Музеи;Другие / требуют уточнения;Предварительно по названию;http://sch1770.mskobr.ru/;;;+7 (499) 615-89-88;55.689537;37.688565;"Сайт доступен; запись музея требует проверки"
Школьный музей, посвященный военной тематике;Нижегородская ул., 67, Москва;Музеи;Военная история, Религия и духовная культура;Предварительно по названию;;;;;55.7323;37.7201;Справочник: актуальность не проверена
Шлюз на Яузе;наб. Академика Туполева, вл4, Москва;Музеи;Другие / требуют уточнения;Предварительно по названию;;;;;55.756559;37.67107;Справочник: актуальность не проверена
Шоколадная лавка в Краснодарском домике;5-й Лучевой просек, 1а;Музеи;Быт, ремёсла и гастрономия;Предварительно по названию;http://sokolniki.mirchocolat.ru;;enquiry@lessalon.com, info@mirchocolate.ru;;55.796751;37.676015;"Сайт доступен; запись музея требует проверки"
Эйнштейн.дети, музей;Новотушинский проезд, 5 ст3;Музеи;Наука и техника;Предварительно по названию;http://xn--e1ahboc1a5byb.xn--d1acj3b;https://t.me/einstaindeti;;;55.835313;37.380112;Справочник: актуальность не проверена
Эйфория, арт-пространство;улица Новый Арбат, 17;Музеи;Другие / требуют уточнения;Предварительно по названию;http://xn--h1abpis6ct.xn--80adxhks;;info@art-euphoria.ru, sale@smile-park.ru;+7 (499) 325‒75‒57;55.752212;37.590075;"Сайт доступен; запись музея требует проверки"
Эколого-просветительский центр Русский быт;Бумажная просека, 21, стр. 1, Москва;Музеи;Природа и естествознание, Быт, ремёсла и гастрономия;Предварительно по названию;;;;;55.862371;37.729079;Справочник: актуальность не проверена
ЭкоЦентр Сборка;Потаповский пер., 5, стр. 2, Москва;Музеи;Другие / требуют уточнения;Предварительно по названию;https://ecosborka.ru/;https://t.me/ecosborka;ecosborka@gmail.com;74994904258, +74994904258;55.761775;37.640166;"Сайт доступен; запись музея требует проверки"
ЭкоЦентр Сокольники, музейно-просветительский комплекс;5-й Лучевой просек, 7, стр. 4, Москва;Музеи;Другие / требуют уточнения;Предварительно по названию;http://park.sokolniki.com/;;;+7 (495) 995-05-95;55.800873;37.674669;Справочник: актуальность не проверена
Экоцентр экошкола Кусково;3-я Музейная ул., 40, стр. 1, Москва;Музеи;История и культура;Предварительно по названию;https://ekokuskovo.clients.site/;https://t.me/ecokuskovo;ecokuskovo@yandex.ru;;55.736138;37.797505;"Сайт доступен; запись музея требует проверки"
Экскурсии;Рябиновая ул., 44, Москва;Музеи;Другие / требуют уточнения;Предварительно по названию;https://ochakovo.ru/;https://t.me/tur_ochakovo_tyumen, https://t.me/ochakovoru;info@ochakovo.ru, excursion@ochakovo.ru, reception@ochakovo.ru, purchase@ochakovo.ru, logist@ochakovo.ru, mmokrova@ochakovo.ru, blackbox@ochakovo.ru, reception23@ochakovo.ru, tyumen@ochakovo.ru, office.penza@ochakovo.ru, ter_solod@ochakovo48.ru, pobeda-uvk@mail.ru;+7 (495) 785-39-07, +7 (495) 785-39-30, 8 (800) 100-77-77, +7 495 785-39-07, 88001007777, +78001007777, +74957853930, +74957853928, +78001004226, +74957853932, +74957853934, +74957853933, +74957853907, +78612010111, +78612010230, +73452383300, +73452383305, +78412381000, +78412381167, +74747421536, +78614835325;55.675568;37.434644;"Сайт доступен; запись музея требует проверки"
Экскурсионное бюро, Московская Соборная мечеть;Выползов переулок, 7 ст2;Музеи;Религия и духовная культура;Предварительно по названию;http://mihrab.ru;https://t.me/mosquetours;info@mihrab.ru;+7 (495) 120‒55‒89, +79160884561;55.779439;37.627076;"Сайт доступен; запись музея требует проверки"
ЭксЛибрис;Бобров пер., 6, стр. 1, Москва;Музеи;Другие / требуют уточнения;Предварительно по названию;http://exlibriscafe.ru/;https://t.me/exlibriskafe;manager@exlibriscafe.ru;+7 (495) 625-58-55;55.764983;37.634254;"Сайт доступен; запись музея требует проверки"
Экслибрис, Музей советского фарфора;Бобров переулок, 6 ст1;Музеи;Быт, ремёсла и гастрономия;Предварительно по названию;http://exlibriscafe.ru/china_museum;https://t.me/exlibriskafe;manager@exlibriscafe.ru;;55.765001;37.63429;"Сайт доступен; запись музея требует проверки"
Экспериментаниум;Ленинградский просп., 80, корп. 11, Москва;Музеи;Наука и техника;Предварительно по названию;https://experimentanium.ru/;https://t.me/experimentaniumbot;enjoy@experimentanium.ru, maxim@experimentanium.ru, mshatina@experimentanium.ru, cafe@experimentanium.ru, shop@experimentanium.ru;+7 (495) 120-05-20, , +7(495) 159-15-09;55.808753;37.510837;"Сайт доступен; запись музея требует проверки"
Экспозиционно-мемориальный отдел Квартира Г. М. Кржижановского Музея современной истории России;Садовническая ул., 30, стр. 1, Москва;Музеи-квартиры;История и культура;Предварительно по названию;https://www.sovrhistory.ru/;https://t.me/sovrhistory;buro@sovrhistory.ru, museum@sovrhistory.ru, pr.sovr@yandex.ru, kr-presnya@sovrhistory.ru, Sadovnicheskaya@sovrhistory.ru, galereya@sovrhistory.ru, Podpolye@sovrhistory.ru, katyn-memorial@mail.ru, mednoe@sovrhistory.ru;+7 (495) 699-09-74, +7 (495) 699-52-17, +7 (495) 699-54-58, +7 (495) 959-59-94, +74956996724, +74992523035, +74956997418, +74955908356, +74992516943, +74812305642, Экскурсионное бюро;55.746343;37.633299;"Сайт доступен; запись музея требует проверки"
Экспозиционно-мемориальный отдел Подпольная типография 1905-1906 гг.;Лесная улица, 55 ст1;Музеи;История и культура;Предварительно по названию;http://m.dzen.ru/sovrhistory, http://sovrhistory.ru, http://www.sovrhistory.ru/subsidiarys/55548546925b59736836107d;https://t.me/sovrhistory;buro@sovrhistory.ru, galereya@sovrhistory.ru, katyn-memorial@mail.ru, kr-presnya@sovrhistory.ru, mednoe@sovrhistory.ru, museum@sovrhistory.ru, open4all@sovrhistory.ru, podpolye@sovrhistory.ru, pr.sovr@yandex.ru, sadovnicheskaya@sovrhistory.ru, tkuznetsova@sovrhistory.ru, zakaz.ssp@mosgortrans.ru, Sadovnicheskaya@sovrhistory.ru, Podpolye@sovrhistory.ru;+7 (495) 699‒52‒17, +7 (499) 251‒69‒43, +74956996724, +74992523035, +74956997418, +74955908356, +74992516943, +74812305642, Экскурсионное бюро;55.78188;37.592986;"Сайт доступен; запись музея требует проверки"
Экспозиция меда и пчеловодства;улица Заречье, 10 ст1;Музеи;Другие / требуют уточнения;Предварительно по названию;http://kuzpark.ru;https://t.me/kuzpark, https://t.me/mospriroda;dir-yuvao@eco.mos, ecopc_kuzm@mail.ru, mospriroda@eco.mos, dir-yuvao@eco.mos.ru, mospriroda@eco.mos.ru;+7 (495) 377‒35‒93;55.693414;37.788187;"Сайт доступен; запись музея требует проверки"
Элизиум;Гороховский пер., 7, Москва;Музеи;Другие / требуют уточнения;Предварительно по названию;http://www.elysium.ru/;https://t.me/elysium_gallery;gallery@elysium.ru;+7 (499) 230-00-77, +74992300077, +74992300075;55.765133;37.664666;"Сайт доступен; запись музея требует проверки"
Эрмитаж, павильон;улица Юности, 2 ст13;Музеи;Другие / требуют уточнения;Предварительно по названию;;;;;55.737378;37.807809;Справочник: актуальность не проверена
Яндекс Музей;улица Тимура Фрунзе, 11 ст13;Музеи;Наука и техника;Предварительно по названию;http://museum.yandex.ru, https://museum.yandex.ru/, https://yandex.ru/museum;https://t.me/yandexmuseum;storeyndx@yandex.ru, museum@yandex-team.ru;+7 (499) 110‒11‒33, +7 (499) 110-11-33;55.735057;37.588068;"Сайт доступен; запись музея требует проверки"
Яндекс Музей;Садовническая улица, 82 ст2;Музеи;Наука и техника;Предварительно по названию;http://museum.yandex.ru, http://yandex.ru/museum/;https://t.me/yandexmuseum;;+7 (495) 646‒00‒32;55.735234;37.642725;"Сайт доступен; запись музея требует проверки"
Янтарная галерея и магазин изделий из янтаря;улица Арбат, 23 ст1;Музеи;Искусство и архитектура;Предварительно по названию;http://ambercombine.ru;https://t.me/ambercombine;mail@ambercombine.ru;+7 (4012) 31‒08‒42, +7 (4012) 31‒08‒64;55.750486;37.595282;"Сайт доступен; запись музея требует проверки"
